augmented_filename,original_filename,target_class_id
lr_00001_bottom_right_aug_1058_0.jpg,lr_00001_bottom_right.jpg,0
lr_00001_bottom_right_aug_112_0.jpg,lr_00001_bottom_right.jpg,0
lr_00001_bottom_right_aug_1176_0.jpg,lr_00001_bottom_right.jpg,0
lr_00001_bottom_right_aug_284_0.jpg,lr_00001_bottom_right.jpg,0
lr_00001_bottom_right_aug_451_0.jpg,lr_00001_bottom_right.jpg,0
lr_00001_bottom_right_aug_514_0.jpg,lr_00001_bottom_right.jpg,0
lr_00001_bottom_right_aug_515_0.jpg,lr_00001_bottom_right.jpg,0
lr_00002_bottom_right_aug_1076_0.jpg,lr_00002_bottom_right.jpg,0
lr_00002_bottom_right_aug_1152_0.jpg,lr_00002_bottom_right.jpg,0
lr_00002_bottom_right_aug_1401_0.jpg,lr_00002_bottom_right.jpg,0
lr_00002_bottom_right_aug_223_0.jpg,lr_00002_bottom_right.jpg,0
lr_00002_bottom_right_aug_341_0.jpg,lr_00002_bottom_right.jpg,0
lr_00002_bottom_right_aug_418_0.jpg,lr_00002_bottom_right.jpg,0
lr_00002_bottom_right_aug_446_0.jpg,lr_00002_bottom_right.jpg,0
lr_00002_bottom_right_aug_518_0.jpg,lr_00002_bottom_right.jpg,0
lr_00002_bottom_right_aug_951_0.jpg,lr_00002_bottom_right.jpg,0
lr_00002_bottom_right_aug_99_0.jpg,lr_00002_bottom_right.jpg,0
lr_00002_top_right_aug_1218_0.jpg,lr_00002_top_right.jpg,0
lr_00002_top_right_aug_1223_0.jpg,lr_00002_top_right.jpg,0
lr_00002_top_right_aug_137_0.jpg,lr_00002_top_right.jpg,0
lr_00002_top_right_aug_853_0.jpg,lr_00002_top_right.jpg,0
lr_00002_top_right_aug_985_0.jpg,lr_00002_top_right.jpg,0
lr_00004_top_right_aug_290_0.jpg,lr_00004_top_right.jpg,0
lr_00004_top_right_aug_350_0.jpg,lr_00004_top_right.jpg,0
lr_00004_top_right_aug_730_0.jpg,lr_00004_top_right.jpg,0
lr_00004_top_right_aug_775_0.jpg,lr_00004_top_right.jpg,0
lr_00005_top_right_aug_1187_3.jpg,lr_00005_top_right.jpg,3
lr_00005_top_right_aug_1199_3.jpg,lr_00005_top_right.jpg,3
lr_00005_top_right_aug_1250_3.jpg,lr_00005_top_right.jpg,3
lr_00005_top_right_aug_1259_0.jpg,lr_00005_top_right.jpg,0
lr_00005_top_right_aug_1315_3.jpg,lr_00005_top_right.jpg,3
lr_00005_top_right_aug_1364_3.jpg,lr_00005_top_right.jpg,3
lr_00005_top_right_aug_150_0.jpg,lr_00005_top_right.jpg,0
lr_00005_top_right_aug_1589_3.jpg,lr_00005_top_right.jpg,3
lr_00005_top_right_aug_1626_3.jpg,lr_00005_top_right.jpg,3
lr_00005_top_right_aug_1651_3.jpg,lr_00005_top_right.jpg,3
lr_00005_top_right_aug_181_3.jpg,lr_00005_top_right.jpg,3
lr_00005_top_right_aug_349_0.jpg,lr_00005_top_right.jpg,0
lr_00005_top_right_aug_414_3.jpg,lr_00005_top_right.jpg,3
lr_00005_top_right_aug_463_3.jpg,lr_00005_top_right.jpg,3
lr_00005_top_right_aug_486_3.jpg,lr_00005_top_right.jpg,3
lr_00005_top_right_aug_501_3.jpg,lr_00005_top_right.jpg,3
lr_00005_top_right_aug_511_0.jpg,lr_00005_top_right.jpg,0
lr_00005_top_right_aug_511_3.jpg,lr_00005_top_right.jpg,3
lr_00005_top_right_aug_575_3.jpg,lr_00005_top_right.jpg,3
lr_00005_top_right_aug_682_3.jpg,lr_00005_top_right.jpg,3
lr_00005_top_right_aug_893_3.jpg,lr_00005_top_right.jpg,3
lr_00006_top_left_aug_1007_0.jpg,lr_00006_top_left.jpg,0
lr_00006_top_left_aug_1239_0.jpg,lr_00006_top_left.jpg,0
lr_00006_top_left_aug_1444_0.jpg,lr_00006_top_left.jpg,0
lr_00006_top_left_aug_23_0.jpg,lr_00006_top_left.jpg,0
lr_00006_top_left_aug_524_0.jpg,lr_00006_top_left.jpg,0
lr_00006_top_left_aug_613_0.jpg,lr_00006_top_left.jpg,0
lr_00006_top_left_aug_750_0.jpg,lr_00006_top_left.jpg,0
lr_00006_top_left_aug_93_0.jpg,lr_00006_top_left.jpg,0
lr_00006_top_right_aug_1222_0.jpg,lr_00006_top_right.jpg,0
lr_00006_top_right_aug_1390_0.jpg,lr_00006_top_right.jpg,0
lr_00006_top_right_aug_444_0.jpg,lr_00006_top_right.jpg,0
lr_00007_top_left_aug_1041_0.jpg,lr_00007_top_left.jpg,0
lr_00007_top_left_aug_1052_0.jpg,lr_00007_top_left.jpg,0
lr_00007_top_left_aug_1272_0.jpg,lr_00007_top_left.jpg,0
lr_00007_top_left_aug_305_0.jpg,lr_00007_top_left.jpg,0
lr_00007_top_left_aug_34_0.jpg,lr_00007_top_left.jpg,0
lr_00007_top_left_aug_529_0.jpg,lr_00007_top_left.jpg,0
lr_00007_top_left_aug_532_0.jpg,lr_00007_top_left.jpg,0
lr_00007_top_left_aug_747_0.jpg,lr_00007_top_left.jpg,0
lr_00011_bottom_right_aug_1057_4.jpg,lr_00011_bottom_right.jpg,4
lr_00011_bottom_right_aug_1131_4.jpg,lr_00011_bottom_right.jpg,4
lr_00011_bottom_right_aug_1205_0.jpg,lr_00011_bottom_right.jpg,0
lr_00011_bottom_right_aug_1366_4.jpg,lr_00011_bottom_right.jpg,4
lr_00011_bottom_right_aug_1385_0.jpg,lr_00011_bottom_right.jpg,0
lr_00011_bottom_right_aug_140_0.jpg,lr_00011_bottom_right.jpg,0
lr_00011_bottom_right_aug_1421_4.jpg,lr_00011_bottom_right.jpg,4
lr_00011_bottom_right_aug_237_4.jpg,lr_00011_bottom_right.jpg,4
lr_00011_bottom_right_aug_266_4.jpg,lr_00011_bottom_right.jpg,4
lr_00011_bottom_right_aug_301_0.jpg,lr_00011_bottom_right.jpg,0
lr_00011_bottom_right_aug_363_4.jpg,lr_00011_bottom_right.jpg,4
lr_00011_bottom_right_aug_400_0.jpg,lr_00011_bottom_right.jpg,0
lr_00011_bottom_right_aug_777_4.jpg,lr_00011_bottom_right.jpg,4
lr_00011_bottom_right_aug_95_0.jpg,lr_00011_bottom_right.jpg,0
lr_00012_top_right_aug_1003_4.jpg,lr_00012_top_right.jpg,4
lr_00012_top_right_aug_1076_4.jpg,lr_00012_top_right.jpg,4
lr_00012_top_right_aug_1158_4.jpg,lr_00012_top_right.jpg,4
lr_00012_top_right_aug_1231_4.jpg,lr_00012_top_right.jpg,4
lr_00012_top_right_aug_1430_4.jpg,lr_00012_top_right.jpg,4
lr_00012_top_right_aug_1472_0.jpg,lr_00012_top_right.jpg,0
lr_00012_top_right_aug_1544_4.jpg,lr_00012_top_right.jpg,4
lr_00012_top_right_aug_239_4.jpg,lr_00012_top_right.jpg,4
lr_00012_top_right_aug_243_4.jpg,lr_00012_top_right.jpg,4
lr_00012_top_right_aug_259_4.jpg,lr_00012_top_right.jpg,4
lr_00012_top_right_aug_27_4.jpg,lr_00012_top_right.jpg,4
lr_00012_top_right_aug_353_4.jpg,lr_00012_top_right.jpg,4
lr_00012_top_right_aug_547_4.jpg,lr_00012_top_right.jpg,4
lr_00012_top_right_aug_581_4.jpg,lr_00012_top_right.jpg,4
lr_00012_top_right_aug_609_4.jpg,lr_00012_top_right.jpg,4
lr_00012_top_right_aug_710_4.jpg,lr_00012_top_right.jpg,4
lr_00012_top_right_aug_76_0.jpg,lr_00012_top_right.jpg,0
lr_00012_top_right_aug_82_0.jpg,lr_00012_top_right.jpg,0
lr_00012_top_right_aug_920_0.jpg,lr_00012_top_right.jpg,0
lr_00013_bottom_left_aug_1311_0.jpg,lr_00013_bottom_left.jpg,0
lr_00013_bottom_left_aug_1515_0.jpg,lr_00013_bottom_left.jpg,0
lr_00013_bottom_left_aug_890_0.jpg,lr_00013_bottom_left.jpg,0
lr_00013_bottom_left_aug_978_0.jpg,lr_00013_bottom_left.jpg,0
lr_00016_bottom_right_aug_1440_0.jpg,lr_00016_bottom_right.jpg,0
lr_00016_bottom_right_aug_1443_0.jpg,lr_00016_bottom_right.jpg,0
lr_00016_bottom_right_aug_1470_0.jpg,lr_00016_bottom_right.jpg,0
lr_00016_bottom_right_aug_162_0.jpg,lr_00016_bottom_right.jpg,0
lr_00016_bottom_right_aug_325_0.jpg,lr_00016_bottom_right.jpg,0
lr_00016_bottom_right_aug_327_0.jpg,lr_00016_bottom_right.jpg,0
lr_00016_bottom_right_aug_601_0.jpg,lr_00016_bottom_right.jpg,0
lr_00016_bottom_right_aug_870_0.jpg,lr_00016_bottom_right.jpg,0
lr_00017_bottom_right_aug_113_0.jpg,lr_00017_bottom_right.jpg,0
lr_00017_bottom_right_aug_126_0.jpg,lr_00017_bottom_right.jpg,0
lr_00017_bottom_right_aug_1288_0.jpg,lr_00017_bottom_right.jpg,0
lr_00017_bottom_right_aug_1438_0.jpg,lr_00017_bottom_right.jpg,0
lr_00017_bottom_right_aug_148_0.jpg,lr_00017_bottom_right.jpg,0
lr_00017_bottom_right_aug_352_0.jpg,lr_00017_bottom_right.jpg,0
lr_00017_bottom_right_aug_422_0.jpg,lr_00017_bottom_right.jpg,0
lr_00017_bottom_right_aug_581_0.jpg,lr_00017_bottom_right.jpg,0
lr_00017_bottom_right_aug_65_0.jpg,lr_00017_bottom_right.jpg,0
lr_00017_bottom_right_aug_67_0.jpg,lr_00017_bottom_right.jpg,0
lr_00017_bottom_right_aug_882_0.jpg,lr_00017_bottom_right.jpg,0
lr_00017_top_right_aug_1306_0.jpg,lr_00017_top_right.jpg,0
lr_00017_top_right_aug_144_0.jpg,lr_00017_top_right.jpg,0
lr_00017_top_right_aug_208_0.jpg,lr_00017_top_right.jpg,0
lr_00017_top_right_aug_573_0.jpg,lr_00017_top_right.jpg,0
lr_00017_top_right_aug_838_0.jpg,lr_00017_top_right.jpg,0
lr_00017_top_right_aug_855_0.jpg,lr_00017_top_right.jpg,0
lr_00017_top_right_aug_897_0.jpg,lr_00017_top_right.jpg,0
lr_00018_bottom_left_aug_1049_0.jpg,lr_00018_bottom_left.jpg,0
lr_00018_bottom_left_aug_1448_0.jpg,lr_00018_bottom_left.jpg,0
lr_00018_bottom_left_aug_380_0.jpg,lr_00018_bottom_left.jpg,0
lr_00019_bottom_right_aug_131_0.jpg,lr_00019_bottom_right.jpg,0
lr_00019_bottom_right_aug_1414_0.jpg,lr_00019_bottom_right.jpg,0
lr_00019_bottom_right_aug_321_0.jpg,lr_00019_bottom_right.jpg,0
lr_00019_bottom_right_aug_663_0.jpg,lr_00019_bottom_right.jpg,0
lr_00019_top_right_aug_1209_0.jpg,lr_00019_top_right.jpg,0
lr_00019_top_right_aug_1250_0.jpg,lr_00019_top_right.jpg,0
lr_00019_top_right_aug_1491_0.jpg,lr_00019_top_right.jpg,0
lr_00019_top_right_aug_283_0.jpg,lr_00019_top_right.jpg,0
lr_00019_top_right_aug_317_0.jpg,lr_00019_top_right.jpg,0
lr_00019_top_right_aug_36_0.jpg,lr_00019_top_right.jpg,0
lr_00019_top_right_aug_792_0.jpg,lr_00019_top_right.jpg,0
lr_00020_bottom_right_aug_1120_0.jpg,lr_00020_bottom_right.jpg,0
lr_00020_bottom_right_aug_1494_0.jpg,lr_00020_bottom_right.jpg,0
lr_00020_bottom_right_aug_259_0.jpg,lr_00020_bottom_right.jpg,0
lr_00020_bottom_right_aug_491_0.jpg,lr_00020_bottom_right.jpg,0
lr_00022_top_right_aug_1192_0.jpg,lr_00022_top_right.jpg,0
lr_00022_top_right_aug_1228_0.jpg,lr_00022_top_right.jpg,0
lr_00023_bottom_right_aug_1281_0.jpg,lr_00023_bottom_right.jpg,0
lr_00023_bottom_right_aug_1508_0.jpg,lr_00023_bottom_right.jpg,0
lr_00023_bottom_right_aug_355_0.jpg,lr_00023_bottom_right.jpg,0
lr_00023_bottom_right_aug_385_0.jpg,lr_00023_bottom_right.jpg,0
lr_00023_bottom_right_aug_597_0.jpg,lr_00023_bottom_right.jpg,0
lr_00024_top_left_aug_337_0.jpg,lr_00024_top_left.jpg,0
lr_00024_top_left_aug_659_0.jpg,lr_00024_top_left.jpg,0
lr_00024_top_left_aug_817_0.jpg,lr_00024_top_left.jpg,0
lr_00024_top_left_aug_930_0.jpg,lr_00024_top_left.jpg,0
lr_00025_bottom_right_aug_1381_0.jpg,lr_00025_bottom_right.jpg,0
lr_00025_bottom_right_aug_830_0.jpg,lr_00025_bottom_right.jpg,0
lr_00025_bottom_right_aug_900_0.jpg,lr_00025_bottom_right.jpg,0
lr_00025_bottom_right_aug_939_0.jpg,lr_00025_bottom_right.jpg,0
lr_00025_top_left_aug_1273_0.jpg,lr_00025_top_left.jpg,0
lr_00025_top_left_aug_1372_0.jpg,lr_00025_top_left.jpg,0
lr_00025_top_left_aug_641_0.jpg,lr_00025_top_left.jpg,0
lr_00025_top_left_aug_673_0.jpg,lr_00025_top_left.jpg,0
lr_00030_bottom_right_aug_1090_0.jpg,lr_00030_bottom_right.jpg,0
lr_00030_bottom_right_aug_1350_0.jpg,lr_00030_bottom_right.jpg,0
lr_00030_bottom_right_aug_338_0.jpg,lr_00030_bottom_right.jpg,0
lr_00030_bottom_right_aug_368_0.jpg,lr_00030_bottom_right.jpg,0
lr_00030_bottom_right_aug_58_0.jpg,lr_00030_bottom_right.jpg,0
lr_00030_top_right_aug_1201_0.jpg,lr_00030_top_right.jpg,0
lr_00030_top_right_aug_1248_0.jpg,lr_00030_top_right.jpg,0
lr_00030_top_right_aug_49_0.jpg,lr_00030_top_right.jpg,0
lr_00032_bottom_left_aug_1055_0.jpg,lr_00032_bottom_left.jpg,0
lr_00032_bottom_left_aug_1230_0.jpg,lr_00032_bottom_left.jpg,0
lr_00032_bottom_left_aug_16_0.jpg,lr_00032_bottom_left.jpg,0
lr_00032_bottom_left_aug_280_0.jpg,lr_00032_bottom_left.jpg,0
lr_00032_bottom_left_aug_398_0.jpg,lr_00032_bottom_left.jpg,0
lr_00032_bottom_left_aug_513_0.jpg,lr_00032_bottom_left.jpg,0
lr_00032_bottom_left_aug_517_0.jpg,lr_00032_bottom_left.jpg,0
lr_00032_bottom_left_aug_64_0.jpg,lr_00032_bottom_left.jpg,0
lr_00032_bottom_left_aug_690_0.jpg,lr_00032_bottom_left.jpg,0
lr_00032_bottom_left_aug_881_0.jpg,lr_00032_bottom_left.jpg,0
lr_00032_bottom_left_aug_911_0.jpg,lr_00032_bottom_left.jpg,0
lr_00033_top_right_aug_128_0.jpg,lr_00033_top_right.jpg,0
lr_00033_top_right_aug_142_0.jpg,lr_00033_top_right.jpg,0
lr_00033_top_right_aug_201_0.jpg,lr_00033_top_right.jpg,0
lr_00033_top_right_aug_244_0.jpg,lr_00033_top_right.jpg,0
lr_00033_top_right_aug_292_0.jpg,lr_00033_top_right.jpg,0
lr_00033_top_right_aug_59_0.jpg,lr_00033_top_right.jpg,0
lr_00033_top_right_aug_818_0.jpg,lr_00033_top_right.jpg,0
lr_00033_top_right_aug_822_0.jpg,lr_00033_top_right.jpg,0
lr_00033_top_right_aug_894_0.jpg,lr_00033_top_right.jpg,0
lr_00034_bottom_right_aug_1299_0.jpg,lr_00034_bottom_right.jpg,0
lr_00034_bottom_right_aug_155_0.jpg,lr_00034_bottom_right.jpg,0
lr_00034_bottom_right_aug_339_0.jpg,lr_00034_bottom_right.jpg,0
lr_00034_bottom_right_aug_50_0.jpg,lr_00034_bottom_right.jpg,0
lr_00034_bottom_right_aug_970_0.jpg,lr_00034_bottom_right.jpg,0
lr_00034_top_right_aug_1518_0.jpg,lr_00034_top_right.jpg,0
lr_00034_top_right_aug_304_0.jpg,lr_00034_top_right.jpg,0
lr_00034_top_right_aug_525_0.jpg,lr_00034_top_right.jpg,0
lr_00034_top_right_aug_636_0.jpg,lr_00034_top_right.jpg,0
lr_00034_top_right_aug_702_0.jpg,lr_00034_top_right.jpg,0
lr_00034_top_right_aug_936_0.jpg,lr_00034_top_right.jpg,0
lr_00034_top_right_aug_940_0.jpg,lr_00034_top_right.jpg,0
lr_00035_bottom_right_aug_1106_0.jpg,lr_00035_bottom_right.jpg,0
lr_00035_bottom_right_aug_1208_0.jpg,lr_00035_bottom_right.jpg,0
lr_00035_bottom_right_aug_449_0.jpg,lr_00035_bottom_right.jpg,0
lr_00035_bottom_right_aug_791_0.jpg,lr_00035_bottom_right.jpg,0
lr_00035_bottom_right_aug_819_0.jpg,lr_00035_bottom_right.jpg,0
lr_00035_top_left_aug_101_0.jpg,lr_00035_top_left.jpg,0
lr_00035_top_left_aug_1051_0.jpg,lr_00035_top_left.jpg,0
lr_00035_top_left_aug_1122_0.jpg,lr_00035_top_left.jpg,0
lr_00035_top_left_aug_1200_0.jpg,lr_00035_top_left.jpg,0
lr_00035_top_left_aug_331_0.jpg,lr_00035_top_left.jpg,0
lr_00035_top_left_aug_55_0.jpg,lr_00035_top_left.jpg,0
lr_00035_top_left_aug_785_0.jpg,lr_00035_top_left.jpg,0
lr_00035_top_right_aug_1118_0.jpg,lr_00035_top_right.jpg,0
lr_00035_top_right_aug_1324_0.jpg,lr_00035_top_right.jpg,0
lr_00035_top_right_aug_760_0.jpg,lr_00035_top_right.jpg,0
lr_00035_top_right_aug_801_0.jpg,lr_00035_top_right.jpg,0
lr_00035_top_right_aug_923_0.jpg,lr_00035_top_right.jpg,0
lr_00037_top_left_aug_612_0.jpg,lr_00037_top_left.jpg,0
lr_00037_top_left_aug_782_0.jpg,lr_00037_top_left.jpg,0
lr_00037_top_right_aug_40_0.jpg,lr_00037_top_right.jpg,0
lr_00037_top_right_aug_486_0.jpg,lr_00037_top_right.jpg,0
lr_00037_top_right_aug_545_0.jpg,lr_00037_top_right.jpg,0
lr_00037_top_right_aug_858_0.jpg,lr_00037_top_right.jpg,0
lr_00038_bottom_left_aug_1352_0.jpg,lr_00038_bottom_left.jpg,0
lr_00038_bottom_left_aug_1369_0.jpg,lr_00038_bottom_left.jpg,0
lr_00038_bottom_left_aug_176_0.jpg,lr_00038_bottom_left.jpg,0
lr_00038_bottom_left_aug_216_0.jpg,lr_00038_bottom_left.jpg,0
lr_00038_bottom_left_aug_708_0.jpg,lr_00038_bottom_left.jpg,0
lr_00041_bottom_right_aug_1078_0.jpg,lr_00041_bottom_right.jpg,0
lr_00041_bottom_right_aug_1173_0.jpg,lr_00041_bottom_right.jpg,0
lr_00041_bottom_right_aug_1198_0.jpg,lr_00041_bottom_right.jpg,0
lr_00041_bottom_right_aug_1321_0.jpg,lr_00041_bottom_right.jpg,0
lr_00041_bottom_right_aug_202_0.jpg,lr_00041_bottom_right.jpg,0
lr_00041_bottom_right_aug_600_0.jpg,lr_00041_bottom_right.jpg,0
lr_00041_bottom_right_aug_788_0.jpg,lr_00041_bottom_right.jpg,0
lr_00041_bottom_right_aug_896_0.jpg,lr_00041_bottom_right.jpg,0
lr_00041_bottom_right_aug_961_0.jpg,lr_00041_bottom_right.jpg,0
lr_00044_top_left_aug_1263_0.jpg,lr_00044_top_left.jpg,0
lr_00044_top_left_aug_1353_0.jpg,lr_00044_top_left.jpg,0
lr_00044_top_left_aug_1415_0.jpg,lr_00044_top_left.jpg,0
lr_00044_top_left_aug_184_0.jpg,lr_00044_top_left.jpg,0
lr_00044_top_left_aug_273_0.jpg,lr_00044_top_left.jpg,0
lr_00044_top_left_aug_487_0.jpg,lr_00044_top_left.jpg,0
lr_00045_bottom_left_aug_1102_0.jpg,lr_00045_bottom_left.jpg,0
lr_00045_bottom_left_aug_136_0.jpg,lr_00045_bottom_left.jpg,0
lr_00045_bottom_left_aug_229_0.jpg,lr_00045_bottom_left.jpg,0
lr_00045_bottom_left_aug_3_0.jpg,lr_00045_bottom_left.jpg,0
lr_00045_top_left_aug_1027_0.jpg,lr_00045_top_left.jpg,0
lr_00045_top_left_aug_604_0.jpg,lr_00045_top_left.jpg,0
lr_00045_top_left_aug_75_0.jpg,lr_00045_top_left.jpg,0
lr_00045_top_left_aug_800_0.jpg,lr_00045_top_left.jpg,0
lr_00045_top_left_aug_998_0.jpg,lr_00045_top_left.jpg,0
lr_00045_top_right_aug_1117_0.jpg,lr_00045_top_right.jpg,0
lr_00045_top_right_aug_1462_0.jpg,lr_00045_top_right.jpg,0
lr_00045_top_right_aug_226_0.jpg,lr_00045_top_right.jpg,0
lr_00045_top_right_aug_417_0.jpg,lr_00045_top_right.jpg,0
lr_00055_top_left_aug_110_0.jpg,lr_00055_top_left.jpg,0
lr_00055_top_left_aug_1416_0.jpg,lr_00055_top_left.jpg,0
lr_00055_top_left_aug_1435_0.jpg,lr_00055_top_left.jpg,0
lr_00055_top_left_aug_437_0.jpg,lr_00055_top_left.jpg,0
lr_00055_top_left_aug_700_0.jpg,lr_00055_top_left.jpg,0
lr_00056_bottom_left_aug_549_0.jpg,lr_00056_bottom_left.jpg,0
lr_00056_bottom_left_aug_765_0.jpg,lr_00056_bottom_left.jpg,0
lr_00056_top_right_aug_1303_3.jpg,lr_00056_top_right.jpg,3
lr_00056_top_right_aug_1427_3.jpg,lr_00056_top_right.jpg,3
lr_00056_top_right_aug_1444_3.jpg,lr_00056_top_right.jpg,3
lr_00056_top_right_aug_1517_3.jpg,lr_00056_top_right.jpg,3
lr_00056_top_right_aug_1574_3.jpg,lr_00056_top_right.jpg,3
lr_00056_top_right_aug_200_3.jpg,lr_00056_top_right.jpg,3
lr_00056_top_right_aug_257_3.jpg,lr_00056_top_right.jpg,3
lr_00056_top_right_aug_311_3.jpg,lr_00056_top_right.jpg,3
lr_00056_top_right_aug_355_3.jpg,lr_00056_top_right.jpg,3
lr_00056_top_right_aug_540_3.jpg,lr_00056_top_right.jpg,3
lr_00056_top_right_aug_878_3.jpg,lr_00056_top_right.jpg,3
lr_00057_bottom_left_aug_1182_0.jpg,lr_00057_bottom_left.jpg,0
lr_00057_bottom_left_aug_238_0.jpg,lr_00057_bottom_left.jpg,0
lr_00057_bottom_left_aug_473_0.jpg,lr_00057_bottom_left.jpg,0
lr_00057_bottom_right_aug_109_3.jpg,lr_00057_bottom_right.jpg,3
lr_00057_bottom_right_aug_1194_3.jpg,lr_00057_bottom_right.jpg,3
lr_00057_bottom_right_aug_1247_3.jpg,lr_00057_bottom_right.jpg,3
lr_00057_bottom_right_aug_1254_3.jpg,lr_00057_bottom_right.jpg,3
lr_00057_bottom_right_aug_1262_0.jpg,lr_00057_bottom_right.jpg,0
lr_00057_bottom_right_aug_1341_3.jpg,lr_00057_bottom_right.jpg,3
lr_00057_bottom_right_aug_1412_3.jpg,lr_00057_bottom_right.jpg,3
lr_00057_bottom_right_aug_143_0.jpg,lr_00057_bottom_right.jpg,0
lr_00057_bottom_right_aug_1478_3.jpg,lr_00057_bottom_right.jpg,3
lr_00057_bottom_right_aug_1510_3.jpg,lr_00057_bottom_right.jpg,3
lr_00057_bottom_right_aug_1623_3.jpg,lr_00057_bottom_right.jpg,3
lr_00057_bottom_right_aug_1650_3.jpg,lr_00057_bottom_right.jpg,3
lr_00057_bottom_right_aug_176_3.jpg,lr_00057_bottom_right.jpg,3
lr_00057_bottom_right_aug_25_0.jpg,lr_00057_bottom_right.jpg,0
lr_00057_bottom_right_aug_328_3.jpg,lr_00057_bottom_right.jpg,3
lr_00057_bottom_right_aug_403_0.jpg,lr_00057_bottom_right.jpg,0
lr_00057_bottom_right_aug_428_3.jpg,lr_00057_bottom_right.jpg,3
lr_00057_bottom_right_aug_453_0.jpg,lr_00057_bottom_right.jpg,0
lr_00057_bottom_right_aug_548_3.jpg,lr_00057_bottom_right.jpg,3
lr_00057_bottom_right_aug_566_3.jpg,lr_00057_bottom_right.jpg,3
lr_00057_bottom_right_aug_594_3.jpg,lr_00057_bottom_right.jpg,3
lr_00057_bottom_right_aug_630_0.jpg,lr_00057_bottom_right.jpg,0
lr_00057_bottom_right_aug_666_0.jpg,lr_00057_bottom_right.jpg,0
lr_00057_bottom_right_aug_691_3.jpg,lr_00057_bottom_right.jpg,3
lr_00057_bottom_right_aug_80_0.jpg,lr_00057_bottom_right.jpg,0
lr_00057_bottom_right_aug_813_3.jpg,lr_00057_bottom_right.jpg,3
lr_00057_bottom_right_aug_847_3.jpg,lr_00057_bottom_right.jpg,3
lr_00057_bottom_right_aug_872_3.jpg,lr_00057_bottom_right.jpg,3
lr_00057_bottom_right_aug_874_3.jpg,lr_00057_bottom_right.jpg,3
lr_00057_bottom_right_aug_911_3.jpg,lr_00057_bottom_right.jpg,3
lr_00057_top_left_aug_1010_0.jpg,lr_00057_top_left.jpg,0
lr_00057_top_left_aug_1042_0.jpg,lr_00057_top_left.jpg,0
lr_00057_top_left_aug_1314_0.jpg,lr_00057_top_left.jpg,0
lr_00057_top_left_aug_293_0.jpg,lr_00057_top_left.jpg,0
lr_00057_top_left_aug_662_0.jpg,lr_00057_top_left.jpg,0
lr_00057_top_left_aug_703_0.jpg,lr_00057_top_left.jpg,0
lr_00057_top_right_aug_1001_3.jpg,lr_00057_top_right.jpg,3
lr_00057_top_right_aug_1300_3.jpg,lr_00057_top_right.jpg,3
lr_00057_top_right_aug_1408_3.jpg,lr_00057_top_right.jpg,3
lr_00057_top_right_aug_1487_3.jpg,lr_00057_top_right.jpg,3
lr_00057_top_right_aug_160_3.jpg,lr_00057_top_right.jpg,3
lr_00057_top_right_aug_1673_3.jpg,lr_00057_top_right.jpg,3
lr_00057_top_right_aug_169_3.jpg,lr_00057_top_right.jpg,3
lr_00057_top_right_aug_249_3.jpg,lr_00057_top_right.jpg,3
lr_00057_top_right_aug_305_3.jpg,lr_00057_top_right.jpg,3
lr_00057_top_right_aug_481_3.jpg,lr_00057_top_right.jpg,3
lr_00057_top_right_aug_534_3.jpg,lr_00057_top_right.jpg,3
lr_00057_top_right_aug_744_3.jpg,lr_00057_top_right.jpg,3
lr_00057_top_right_aug_811_3.jpg,lr_00057_top_right.jpg,3
lr_00057_top_right_aug_880_3.jpg,lr_00057_top_right.jpg,3
lr_00057_top_right_aug_901_3.jpg,lr_00057_top_right.jpg,3
lr_00063_top_left_aug_249_0.jpg,lr_00063_top_left.jpg,0
lr_00063_top_left_aug_299_0.jpg,lr_00063_top_left.jpg,0
lr_00063_top_left_aug_360_0.jpg,lr_00063_top_left.jpg,0
lr_00063_top_left_aug_386_0.jpg,lr_00063_top_left.jpg,0
lr_00063_top_left_aug_478_0.jpg,lr_00063_top_left.jpg,0
lr_00063_top_left_aug_546_0.jpg,lr_00063_top_left.jpg,0
lr_00064_bottom_left_aug_618_0.jpg,lr_00064_bottom_left.jpg,0
lr_00064_bottom_left_aug_682_0.jpg,lr_00064_bottom_left.jpg,0
lr_00064_bottom_left_aug_714_0.jpg,lr_00064_bottom_left.jpg,0
lr_00064_bottom_left_aug_773_0.jpg,lr_00064_bottom_left.jpg,0
lr_00064_bottom_left_aug_7_0.jpg,lr_00064_bottom_left.jpg,0
lr_00064_bottom_right_aug_1008_0.jpg,lr_00064_bottom_right.jpg,0
lr_00064_bottom_right_aug_1336_0.jpg,lr_00064_bottom_right.jpg,0
lr_00064_bottom_right_aug_1_0.jpg,lr_00064_bottom_right.jpg,0
lr_00067_bottom_left_aug_170_0.jpg,lr_00067_bottom_left.jpg,0
lr_00067_bottom_left_aug_409_0.jpg,lr_00067_bottom_left.jpg,0
lr_00067_bottom_left_aug_798_0.jpg,lr_00067_bottom_left.jpg,0
lr_00067_bottom_left_aug_865_0.jpg,lr_00067_bottom_left.jpg,0
lr_00067_bottom_left_aug_934_0.jpg,lr_00067_bottom_left.jpg,0
lr_00067_bottom_right_aug_1125_0.jpg,lr_00067_bottom_right.jpg,0
lr_00067_bottom_right_aug_52_0.jpg,lr_00067_bottom_right.jpg,0
lr_00067_bottom_right_aug_909_0.jpg,lr_00067_bottom_right.jpg,0
lr_00067_top_left_aug_1124_0.jpg,lr_00067_top_left.jpg,0
lr_00067_top_left_aug_1167_0.jpg,lr_00067_top_left.jpg,0
lr_00067_top_left_aug_282_0.jpg,lr_00067_top_left.jpg,0
lr_00067_top_left_aug_388_0.jpg,lr_00067_top_left.jpg,0
lr_00067_top_left_aug_776_0.jpg,lr_00067_top_left.jpg,0
lr_00067_top_left_aug_797_0.jpg,lr_00067_top_left.jpg,0
lr_00067_top_right_aug_1382_0.jpg,lr_00067_top_right.jpg,0
lr_00067_top_right_aug_161_0.jpg,lr_00067_top_right.jpg,0
lr_00067_top_right_aug_200_0.jpg,lr_00067_top_right.jpg,0
lr_00067_top_right_aug_407_0.jpg,lr_00067_top_right.jpg,0
lr_00067_top_right_aug_674_0.jpg,lr_00067_top_right.jpg,0
lr_00067_top_right_aug_711_0.jpg,lr_00067_top_right.jpg,0
lr_00067_top_right_aug_847_0.jpg,lr_00067_top_right.jpg,0
lr_00069_top_left_aug_1105_0.jpg,lr_00069_top_left.jpg,0
lr_00069_top_left_aug_1516_0.jpg,lr_00069_top_left.jpg,0
lr_00069_top_left_aug_851_0.jpg,lr_00069_top_left.jpg,0
lr_00069_top_right_aug_1292_0.jpg,lr_00069_top_right.jpg,0
lr_00070_bottom_left_aug_105_0.jpg,lr_00070_bottom_left.jpg,0
lr_00070_bottom_left_aug_311_0.jpg,lr_00070_bottom_left.jpg,0
lr_00070_bottom_left_aug_56_0.jpg,lr_00070_bottom_left.jpg,0
lr_00070_bottom_left_aug_769_0.jpg,lr_00070_bottom_left.jpg,0
lr_00070_bottom_left_aug_956_0.jpg,lr_00070_bottom_left.jpg,0
lr_00070_bottom_right_aug_111_0.jpg,lr_00070_bottom_right.jpg,0
lr_00070_bottom_right_aug_22_0.jpg,lr_00070_bottom_right.jpg,0
lr_00070_bottom_right_aug_6_0.jpg,lr_00070_bottom_right.jpg,0
lr_00070_bottom_right_aug_8_0.jpg,lr_00070_bottom_right.jpg,0
lr_00070_top_right_aug_1034_0.jpg,lr_00070_top_right.jpg,0
lr_00070_top_right_aug_1054_0.jpg,lr_00070_top_right.jpg,0
lr_00070_top_right_aug_1093_0.jpg,lr_00070_top_right.jpg,0
lr_00070_top_right_aug_1164_0.jpg,lr_00070_top_right.jpg,0
lr_00070_top_right_aug_198_0.jpg,lr_00070_top_right.jpg,0
lr_00070_top_right_aug_442_0.jpg,lr_00070_top_right.jpg,0
lr_00070_top_right_aug_474_0.jpg,lr_00070_top_right.jpg,0
lr_00070_top_right_aug_926_0.jpg,lr_00070_top_right.jpg,0
lr_00080_top_right_aug_1009_0.jpg,lr_00080_top_right.jpg,0
lr_00080_top_right_aug_78_0.jpg,lr_00080_top_right.jpg,0
lr_00080_top_right_aug_832_0.jpg,lr_00080_top_right.jpg,0
lr_00080_top_right_aug_919_0.jpg,lr_00080_top_right.jpg,0
lr_00080_top_right_aug_983_0.jpg,lr_00080_top_right.jpg,0
lr_00080_top_right_aug_984_0.jpg,lr_00080_top_right.jpg,0
lr_00080_top_right_aug_9_0.jpg,lr_00080_top_right.jpg,0
lr_00081_bottom_left_aug_1147_0.jpg,lr_00081_bottom_left.jpg,0
lr_00081_bottom_left_aug_1480_4.jpg,lr_00081_bottom_left.jpg,4
lr_00081_bottom_left_aug_1484_0.jpg,lr_00081_bottom_left.jpg,0
lr_00081_bottom_left_aug_1530_4.jpg,lr_00081_bottom_left.jpg,4
lr_00081_bottom_left_aug_210_4.jpg,lr_00081_bottom_left.jpg,4
lr_00081_bottom_left_aug_380_4.jpg,lr_00081_bottom_left.jpg,4
lr_00081_bottom_left_aug_478_4.jpg,lr_00081_bottom_left.jpg,4
lr_00081_bottom_left_aug_480_0.jpg,lr_00081_bottom_left.jpg,0
lr_00081_bottom_left_aug_495_4.jpg,lr_00081_bottom_left.jpg,4
lr_00081_bottom_left_aug_642_0.jpg,lr_00081_bottom_left.jpg,0
lr_00081_bottom_left_aug_652_0.jpg,lr_00081_bottom_left.jpg,0
lr_00081_bottom_left_aug_979_0.jpg,lr_00081_bottom_left.jpg,0
lr_00081_bottom_right_aug_1017_4.jpg,lr_00081_bottom_right.jpg,4
lr_00081_bottom_right_aug_1132_4.jpg,lr_00081_bottom_right.jpg,4
lr_00081_bottom_right_aug_1251_0.jpg,lr_00081_bottom_right.jpg,0
lr_00081_bottom_right_aug_1651_4.jpg,lr_00081_bottom_right.jpg,4
lr_00081_bottom_right_aug_200_4.jpg,lr_00081_bottom_right.jpg,4
lr_00081_bottom_right_aug_24_4.jpg,lr_00081_bottom_right.jpg,4
lr_00081_bottom_right_aug_335_4.jpg,lr_00081_bottom_right.jpg,4
lr_00081_bottom_right_aug_389_4.jpg,lr_00081_bottom_right.jpg,4
lr_00081_bottom_right_aug_409_4.jpg,lr_00081_bottom_right.jpg,4
lr_00081_bottom_right_aug_431_0.jpg,lr_00081_bottom_right.jpg,0
lr_00081_bottom_right_aug_455_4.jpg,lr_00081_bottom_right.jpg,4
lr_00081_bottom_right_aug_465_0.jpg,lr_00081_bottom_right.jpg,0
lr_00081_bottom_right_aug_541_4.jpg,lr_00081_bottom_right.jpg,4
lr_00081_bottom_right_aug_576_4.jpg,lr_00081_bottom_right.jpg,4
lr_00081_bottom_right_aug_616_0.jpg,lr_00081_bottom_right.jpg,0
lr_00081_bottom_right_aug_635_0.jpg,lr_00081_bottom_right.jpg,0
lr_00081_bottom_right_aug_767_0.jpg,lr_00081_bottom_right.jpg,0
lr_00081_bottom_right_aug_780_4.jpg,lr_00081_bottom_right.jpg,4
lr_00081_bottom_right_aug_786_4.jpg,lr_00081_bottom_right.jpg,4
lr_00081_bottom_right_aug_864_0.jpg,lr_00081_bottom_right.jpg,0
lr_00081_bottom_right_aug_878_4.jpg,lr_00081_bottom_right.jpg,4
lr_00081_bottom_right_aug_959_0.jpg,lr_00081_bottom_right.jpg,0
lr_00081_bottom_right_aug_98_0.jpg,lr_00081_bottom_right.jpg,0
lr_00081_bottom_right_aug_9_4.jpg,lr_00081_bottom_right.jpg,4
lr_00082_bottom_right_aug_1297_4.jpg,lr_00082_bottom_right.jpg,4
lr_00082_bottom_right_aug_141_4.jpg,lr_00082_bottom_right.jpg,4
lr_00082_bottom_right_aug_1523_4.jpg,lr_00082_bottom_right.jpg,4
lr_00082_bottom_right_aug_1551_4.jpg,lr_00082_bottom_right.jpg,4
lr_00082_bottom_right_aug_195_4.jpg,lr_00082_bottom_right.jpg,4
lr_00082_bottom_right_aug_251_4.jpg,lr_00082_bottom_right.jpg,4
lr_00082_bottom_right_aug_272_4.jpg,lr_00082_bottom_right.jpg,4
lr_00082_bottom_right_aug_274_4.jpg,lr_00082_bottom_right.jpg,4
lr_00082_bottom_right_aug_298_4.jpg,lr_00082_bottom_right.jpg,4
lr_00082_bottom_right_aug_378_4.jpg,lr_00082_bottom_right.jpg,4
lr_00082_bottom_right_aug_887_4.jpg,lr_00082_bottom_right.jpg,4
lr_00082_top_right_aug_1044_4.jpg,lr_00082_top_right.jpg,4
lr_00082_top_right_aug_1054_4.jpg,lr_00082_top_right.jpg,4
lr_00082_top_right_aug_1093_4.jpg,lr_00082_top_right.jpg,4
lr_00082_top_right_aug_1241_4.jpg,lr_00082_top_right.jpg,4
lr_00082_top_right_aug_1321_4.jpg,lr_00082_top_right.jpg,4
lr_00082_top_right_aug_1614_4.jpg,lr_00082_top_right.jpg,4
lr_00082_top_right_aug_183_4.jpg,lr_00082_top_right.jpg,4
lr_00082_top_right_aug_356_4.jpg,lr_00082_top_right.jpg,4
lr_00082_top_right_aug_38_4.jpg,lr_00082_top_right.jpg,4
lr_00082_top_right_aug_493_4.jpg,lr_00082_top_right.jpg,4
lr_00082_top_right_aug_531_4.jpg,lr_00082_top_right.jpg,4
lr_00082_top_right_aug_981_4.jpg,lr_00082_top_right.jpg,4
lr_00083_bottom_left_aug_1085_4.jpg,lr_00083_bottom_left.jpg,4
lr_00083_bottom_left_aug_1089_0.jpg,lr_00083_bottom_left.jpg,0
lr_00083_bottom_left_aug_1105_4.jpg,lr_00083_bottom_left.jpg,4
lr_00083_bottom_left_aug_1177_4.jpg,lr_00083_bottom_left.jpg,4
lr_00083_bottom_left_aug_1241_0.jpg,lr_00083_bottom_left.jpg,0
lr_00083_bottom_left_aug_1305_0.jpg,lr_00083_bottom_left.jpg,0
lr_00083_bottom_left_aug_154_4.jpg,lr_00083_bottom_left.jpg,4
lr_00083_bottom_left_aug_326_0.jpg,lr_00083_bottom_left.jpg,0
lr_00083_bottom_left_aug_540_4.jpg,lr_00083_bottom_left.jpg,4
lr_00083_bottom_left_aug_604_4.jpg,lr_00083_bottom_left.jpg,4
lr_00083_bottom_left_aug_704_0.jpg,lr_00083_bottom_left.jpg,0
lr_00083_bottom_left_aug_872_4.jpg,lr_00083_bottom_left.jpg,4
lr_00083_bottom_left_aug_884_0.jpg,lr_00083_bottom_left.jpg,0
lr_00083_bottom_left_aug_901_4.jpg,lr_00083_bottom_left.jpg,4
lr_00083_bottom_right_aug_143_4.jpg,lr_00083_bottom_right.jpg,4
lr_00083_bottom_right_aug_1525_4.jpg,lr_00083_bottom_right.jpg,4
lr_00083_bottom_right_aug_1574_4.jpg,lr_00083_bottom_right.jpg,4
lr_00083_bottom_right_aug_222_4.jpg,lr_00083_bottom_right.jpg,4
lr_00083_bottom_right_aug_33_4.jpg,lr_00083_bottom_right.jpg,4
lr_00083_bottom_right_aug_708_4.jpg,lr_00083_bottom_right.jpg,4
lr_00083_bottom_right_aug_836_4.jpg,lr_00083_bottom_right.jpg,4
lr_00083_bottom_right_aug_961_4.jpg,lr_00083_bottom_right.jpg,4
lr_00083_bottom_right_aug_974_4.jpg,lr_00083_bottom_right.jpg,4
lr_00083_top_left_aug_1096_0.jpg,lr_00083_top_left.jpg,0
lr_00083_top_left_aug_1145_4.jpg,lr_00083_top_left.jpg,4
lr_00083_top_left_aug_125_4.jpg,lr_00083_top_left.jpg,4
lr_00083_top_left_aug_1302_4.jpg,lr_00083_top_left.jpg,4
lr_00083_top_left_aug_1433_0.jpg,lr_00083_top_left.jpg,0
lr_00083_top_left_aug_1434_0.jpg,lr_00083_top_left.jpg,0
lr_00083_top_left_aug_1439_0.jpg,lr_00083_top_left.jpg,0
lr_00083_top_left_aug_1506_0.jpg,lr_00083_top_left.jpg,0
lr_00083_top_left_aug_1515_4.jpg,lr_00083_top_left.jpg,4
lr_00083_top_left_aug_1555_4.jpg,lr_00083_top_left.jpg,4
lr_00083_top_left_aug_157_4.jpg,lr_00083_top_left.jpg,4
lr_00083_top_left_aug_1599_4.jpg,lr_00083_top_left.jpg,4
lr_00083_top_left_aug_196_4.jpg,lr_00083_top_left.jpg,4
lr_00083_top_left_aug_226_4.jpg,lr_00083_top_left.jpg,4
lr_00083_top_left_aug_256_4.jpg,lr_00083_top_left.jpg,4
lr_00083_top_left_aug_282_4.jpg,lr_00083_top_left.jpg,4
lr_00083_top_left_aug_522_0.jpg,lr_00083_top_left.jpg,0
lr_00083_top_left_aug_536_4.jpg,lr_00083_top_left.jpg,4
lr_00083_top_left_aug_704_4.jpg,lr_00083_top_left.jpg,4
lr_00083_top_left_aug_782_4.jpg,lr_00083_top_left.jpg,4
lr_00083_top_left_aug_884_4.jpg,lr_00083_top_left.jpg,4
lr_00083_top_right_aug_1074_4.jpg,lr_00083_top_right.jpg,4
lr_00083_top_right_aug_1107_4.jpg,lr_00083_top_right.jpg,4
lr_00083_top_right_aug_1174_4.jpg,lr_00083_top_right.jpg,4
lr_00083_top_right_aug_1219_4.jpg,lr_00083_top_right.jpg,4
lr_00083_top_right_aug_1393_4.jpg,lr_00083_top_right.jpg,4
lr_00083_top_right_aug_1520_4.jpg,lr_00083_top_right.jpg,4
lr_00083_top_right_aug_176_4.jpg,lr_00083_top_right.jpg,4
lr_00083_top_right_aug_227_4.jpg,lr_00083_top_right.jpg,4
lr_00083_top_right_aug_290_4.jpg,lr_00083_top_right.jpg,4
lr_00083_top_right_aug_428_4.jpg,lr_00083_top_right.jpg,4
lr_00083_top_right_aug_492_4.jpg,lr_00083_top_right.jpg,4
lr_00084_top_left_aug_1330_0.jpg,lr_00084_top_left.jpg,0
lr_00084_top_left_aug_1408_0.jpg,lr_00084_top_left.jpg,0
lr_00084_top_left_aug_503_0.jpg,lr_00084_top_left.jpg,0
lr_00084_top_left_aug_733_0.jpg,lr_00084_top_left.jpg,0
lr_00084_top_left_aug_924_0.jpg,lr_00084_top_left.jpg,0
lr_00084_top_right_aug_1065_4.jpg,lr_00084_top_right.jpg,4
lr_00084_top_right_aug_10_4.jpg,lr_00084_top_right.jpg,4
lr_00084_top_right_aug_112_4.jpg,lr_00084_top_right.jpg,4
lr_00084_top_right_aug_1268_4.jpg,lr_00084_top_right.jpg,4
lr_00084_top_right_aug_1326_4.jpg,lr_00084_top_right.jpg,4
lr_00084_top_right_aug_1560_4.jpg,lr_00084_top_right.jpg,4
lr_00084_top_right_aug_1566_4.jpg,lr_00084_top_right.jpg,4
lr_00084_top_right_aug_199_4.jpg,lr_00084_top_right.jpg,4
lr_00084_top_right_aug_229_4.jpg,lr_00084_top_right.jpg,4
lr_00084_top_right_aug_262_4.jpg,lr_00084_top_right.jpg,4
lr_00084_top_right_aug_558_4.jpg,lr_00084_top_right.jpg,4
lr_00084_top_right_aug_72_4.jpg,lr_00084_top_right.jpg,4
lr_00084_top_right_aug_752_4.jpg,lr_00084_top_right.jpg,4
lr_00085_bottom_right_aug_1050_4.jpg,lr_00085_bottom_right.jpg,4
lr_00085_bottom_right_aug_1116_4.jpg,lr_00085_bottom_right.jpg,4
lr_00085_bottom_right_aug_1526_4.jpg,lr_00085_bottom_right.jpg,4
lr_00085_bottom_right_aug_1635_4.jpg,lr_00085_bottom_right.jpg,4
lr_00085_bottom_right_aug_1657_4.jpg,lr_00085_bottom_right.jpg,4
lr_00085_bottom_right_aug_236_4.jpg,lr_00085_bottom_right.jpg,4
lr_00085_bottom_right_aug_241_4.jpg,lr_00085_bottom_right.jpg,4
lr_00085_bottom_right_aug_325_4.jpg,lr_00085_bottom_right.jpg,4
lr_00085_bottom_right_aug_362_4.jpg,lr_00085_bottom_right.jpg,4
lr_00085_bottom_right_aug_460_4.jpg,lr_00085_bottom_right.jpg,4
lr_00085_bottom_right_aug_890_4.jpg,lr_00085_bottom_right.jpg,4
lr_00085_bottom_right_aug_998_4.jpg,lr_00085_bottom_right.jpg,4
lr_00085_top_left_aug_1049_4.jpg,lr_00085_top_left.jpg,4
lr_00085_top_left_aug_1155_4.jpg,lr_00085_top_left.jpg,4
lr_00085_top_left_aug_1311_4.jpg,lr_00085_top_left.jpg,4
lr_00085_top_left_aug_190_4.jpg,lr_00085_top_left.jpg,4
lr_00085_top_left_aug_346_4.jpg,lr_00085_top_left.jpg,4
lr_00085_top_left_aug_407_4.jpg,lr_00085_top_left.jpg,4
lr_00085_top_left_aug_443_4.jpg,lr_00085_top_left.jpg,4
lr_00085_top_left_aug_577_4.jpg,lr_00085_top_left.jpg,4
lr_00085_top_left_aug_621_4.jpg,lr_00085_top_left.jpg,4
lr_00085_top_left_aug_649_4.jpg,lr_00085_top_left.jpg,4
lr_00085_top_left_aug_809_4.jpg,lr_00085_top_left.jpg,4
lr_00085_top_right_aug_1122_4.jpg,lr_00085_top_right.jpg,4
lr_00085_top_right_aug_1153_4.jpg,lr_00085_top_right.jpg,4
lr_00085_top_right_aug_1237_4.jpg,lr_00085_top_right.jpg,4
lr_00085_top_right_aug_1253_4.jpg,lr_00085_top_right.jpg,4
lr_00085_top_right_aug_1287_4.jpg,lr_00085_top_right.jpg,4
lr_00085_top_right_aug_1340_4.jpg,lr_00085_top_right.jpg,4
lr_00085_top_right_aug_1414_4.jpg,lr_00085_top_right.jpg,4
lr_00085_top_right_aug_1605_4.jpg,lr_00085_top_right.jpg,4
lr_00085_top_right_aug_169_4.jpg,lr_00085_top_right.jpg,4
lr_00085_top_right_aug_219_4.jpg,lr_00085_top_right.jpg,4
lr_00085_top_right_aug_247_4.jpg,lr_00085_top_right.jpg,4
lr_00085_top_right_aug_312_4.jpg,lr_00085_top_right.jpg,4
lr_00085_top_right_aug_763_4.jpg,lr_00085_top_right.jpg,4
lr_00085_top_right_aug_785_4.jpg,lr_00085_top_right.jpg,4
lr_00085_top_right_aug_834_4.jpg,lr_00085_top_right.jpg,4
lr_00086_bottom_left_aug_1059_4.jpg,lr_00086_bottom_left.jpg,4
lr_00086_bottom_left_aug_1095_4.jpg,lr_00086_bottom_left.jpg,4
lr_00086_bottom_left_aug_1106_4.jpg,lr_00086_bottom_left.jpg,4
lr_00086_bottom_left_aug_1235_4.jpg,lr_00086_bottom_left.jpg,4
lr_00086_bottom_left_aug_1250_4.jpg,lr_00086_bottom_left.jpg,4
lr_00086_bottom_left_aug_1408_4.jpg,lr_00086_bottom_left.jpg,4
lr_00086_bottom_left_aug_1454_4.jpg,lr_00086_bottom_left.jpg,4
lr_00086_bottom_left_aug_1490_4.jpg,lr_00086_bottom_left.jpg,4
lr_00086_bottom_left_aug_294_4.jpg,lr_00086_bottom_left.jpg,4
lr_00086_bottom_left_aug_467_4.jpg,lr_00086_bottom_left.jpg,4
lr_00086_bottom_left_aug_5_4.jpg,lr_00086_bottom_left.jpg,4
lr_00086_bottom_left_aug_680_4.jpg,lr_00086_bottom_left.jpg,4
lr_00086_bottom_left_aug_68_4.jpg,lr_00086_bottom_left.jpg,4
lr_00086_bottom_left_aug_698_4.jpg,lr_00086_bottom_left.jpg,4
lr_00086_bottom_left_aug_757_4.jpg,lr_00086_bottom_left.jpg,4
lr_00086_top_left_aug_103_4.jpg,lr_00086_top_left.jpg,4
lr_00086_top_left_aug_135_4.jpg,lr_00086_top_left.jpg,4
lr_00086_top_left_aug_1365_4.jpg,lr_00086_top_left.jpg,4
lr_00086_top_left_aug_1424_4.jpg,lr_00086_top_left.jpg,4
lr_00086_top_left_aug_1505_4.jpg,lr_00086_top_left.jpg,4
lr_00086_top_left_aug_1580_4.jpg,lr_00086_top_left.jpg,4
lr_00086_top_left_aug_22_4.jpg,lr_00086_top_left.jpg,4
lr_00086_top_left_aug_267_4.jpg,lr_00086_top_left.jpg,4
lr_00086_top_left_aug_485_4.jpg,lr_00086_top_left.jpg,4
lr_00086_top_left_aug_661_4.jpg,lr_00086_top_left.jpg,4
lr_00086_top_left_aug_667_4.jpg,lr_00086_top_left.jpg,4
lr_00086_top_left_aug_682_4.jpg,lr_00086_top_left.jpg,4
lr_00086_top_left_aug_709_4.jpg,lr_00086_top_left.jpg,4
lr_00086_top_left_aug_912_4.jpg,lr_00086_top_left.jpg,4
lr_00086_top_right_aug_1012_4.jpg,lr_00086_top_right.jpg,4
lr_00086_top_right_aug_1090_4.jpg,lr_00086_top_right.jpg,4
lr_00086_top_right_aug_1157_4.jpg,lr_00086_top_right.jpg,4
lr_00086_top_right_aug_1179_4.jpg,lr_00086_top_right.jpg,4
lr_00086_top_right_aug_1355_4.jpg,lr_00086_top_right.jpg,4
lr_00086_top_right_aug_1396_4.jpg,lr_00086_top_right.jpg,4
lr_00086_top_right_aug_1638_4.jpg,lr_00086_top_right.jpg,4
lr_00086_top_right_aug_310_4.jpg,lr_00086_top_right.jpg,4
lr_00086_top_right_aug_379_4.jpg,lr_00086_top_right.jpg,4
lr_00086_top_right_aug_750_4.jpg,lr_00086_top_right.jpg,4
lr_00086_top_right_aug_787_4.jpg,lr_00086_top_right.jpg,4
lr_00086_top_right_aug_812_4.jpg,lr_00086_top_right.jpg,4
lr_00086_top_right_aug_919_4.jpg,lr_00086_top_right.jpg,4
lr_00086_top_right_aug_986_4.jpg,lr_00086_top_right.jpg,4
lr_00087_bottom_left_aug_1249_4.jpg,lr_00087_bottom_left.jpg,4
lr_00087_bottom_left_aug_1310_4.jpg,lr_00087_bottom_left.jpg,4
lr_00087_bottom_left_aug_1327_4.jpg,lr_00087_bottom_left.jpg,4
lr_00087_bottom_left_aug_1413_4.jpg,lr_00087_bottom_left.jpg,4
lr_00087_bottom_left_aug_1475_4.jpg,lr_00087_bottom_left.jpg,4
lr_00087_bottom_left_aug_1529_4.jpg,lr_00087_bottom_left.jpg,4
lr_00087_bottom_left_aug_1596_4.jpg,lr_00087_bottom_left.jpg,4
lr_00087_bottom_left_aug_1597_4.jpg,lr_00087_bottom_left.jpg,4
lr_00087_bottom_left_aug_177_4.jpg,lr_00087_bottom_left.jpg,4
lr_00087_bottom_left_aug_383_4.jpg,lr_00087_bottom_left.jpg,4
lr_00087_bottom_left_aug_469_4.jpg,lr_00087_bottom_left.jpg,4
lr_00087_top_left_aug_1110_4.jpg,lr_00087_top_left.jpg,4
lr_00087_top_left_aug_1269_4.jpg,lr_00087_top_left.jpg,4
lr_00087_top_left_aug_1271_4.jpg,lr_00087_top_left.jpg,4
lr_00087_top_left_aug_1304_4.jpg,lr_00087_top_left.jpg,4
lr_00087_top_left_aug_1359_4.jpg,lr_00087_top_left.jpg,4
lr_00087_top_left_aug_1439_4.jpg,lr_00087_top_left.jpg,4
lr_00087_top_left_aug_1482_4.jpg,lr_00087_top_left.jpg,4
lr_00087_top_left_aug_1491_4.jpg,lr_00087_top_left.jpg,4
lr_00087_top_left_aug_351_4.jpg,lr_00087_top_left.jpg,4
lr_00087_top_left_aug_600_4.jpg,lr_00087_top_left.jpg,4
lr_00087_top_left_aug_603_4.jpg,lr_00087_top_left.jpg,4
lr_00087_top_left_aug_635_4.jpg,lr_00087_top_left.jpg,4
lr_00087_top_left_aug_71_4.jpg,lr_00087_top_left.jpg,4
lr_00087_top_left_aug_807_4.jpg,lr_00087_top_left.jpg,4
lr_00087_top_left_aug_854_4.jpg,lr_00087_top_left.jpg,4
lr_00087_top_left_aug_857_4.jpg,lr_00087_top_left.jpg,4
lr_00087_top_left_aug_943_4.jpg,lr_00087_top_left.jpg,4
lr_00087_top_right_aug_1001_4.jpg,lr_00087_top_right.jpg,4
lr_00087_top_right_aug_1072_4.jpg,lr_00087_top_right.jpg,4
lr_00087_top_right_aug_1075_4.jpg,lr_00087_top_right.jpg,4
lr_00087_top_right_aug_1264_4.jpg,lr_00087_top_right.jpg,4
lr_00087_top_right_aug_129_4.jpg,lr_00087_top_right.jpg,4
lr_00087_top_right_aug_307_4.jpg,lr_00087_top_right.jpg,4
lr_00087_top_right_aug_652_4.jpg,lr_00087_top_right.jpg,4
lr_00087_top_right_aug_653_4.jpg,lr_00087_top_right.jpg,4
lr_00088_bottom_left_aug_1592_4.jpg,lr_00088_bottom_left.jpg,4
lr_00088_bottom_left_aug_264_4.jpg,lr_00088_bottom_left.jpg,4
lr_00088_bottom_left_aug_306_4.jpg,lr_00088_bottom_left.jpg,4
lr_00088_bottom_left_aug_393_4.jpg,lr_00088_bottom_left.jpg,4
lr_00088_bottom_left_aug_394_4.jpg,lr_00088_bottom_left.jpg,4
lr_00088_bottom_left_aug_625_4.jpg,lr_00088_bottom_left.jpg,4
lr_00088_bottom_left_aug_63_4.jpg,lr_00088_bottom_left.jpg,4
lr_00088_bottom_left_aug_699_4.jpg,lr_00088_bottom_left.jpg,4
lr_00088_bottom_left_aug_724_4.jpg,lr_00088_bottom_left.jpg,4
lr_00088_bottom_left_aug_845_4.jpg,lr_00088_bottom_left.jpg,4
lr_00088_bottom_left_aug_993_4.jpg,lr_00088_bottom_left.jpg,4
lr_00091_bottom_left_aug_170_4.jpg,lr_00091_bottom_left.jpg,4
lr_00091_bottom_left_aug_215_4.jpg,lr_00091_bottom_left.jpg,4
lr_00091_bottom_left_aug_288_4.jpg,lr_00091_bottom_left.jpg,4
lr_00091_bottom_left_aug_423_4.jpg,lr_00091_bottom_left.jpg,4
lr_00091_bottom_left_aug_442_4.jpg,lr_00091_bottom_left.jpg,4
lr_00091_bottom_left_aug_512_4.jpg,lr_00091_bottom_left.jpg,4
lr_00091_bottom_right_aug_1229_4.jpg,lr_00091_bottom_right.jpg,4
lr_00091_bottom_right_aug_1351_4.jpg,lr_00091_bottom_right.jpg,4
lr_00091_bottom_right_aug_1407_4.jpg,lr_00091_bottom_right.jpg,4
lr_00091_bottom_right_aug_1542_4.jpg,lr_00091_bottom_right.jpg,4
lr_00091_bottom_right_aug_1553_4.jpg,lr_00091_bottom_right.jpg,4
lr_00091_bottom_right_aug_1626_4.jpg,lr_00091_bottom_right.jpg,4
lr_00091_bottom_right_aug_205_4.jpg,lr_00091_bottom_right.jpg,4
lr_00091_bottom_right_aug_341_4.jpg,lr_00091_bottom_right.jpg,4
lr_00091_bottom_right_aug_348_4.jpg,lr_00091_bottom_right.jpg,4
lr_00091_bottom_right_aug_421_4.jpg,lr_00091_bottom_right.jpg,4
lr_00091_bottom_right_aug_700_4.jpg,lr_00091_bottom_right.jpg,4
lr_00091_bottom_right_aug_88_4.jpg,lr_00091_bottom_right.jpg,4
lr_00091_bottom_right_aug_918_4.jpg,lr_00091_bottom_right.jpg,4
lr_00091_bottom_right_aug_921_4.jpg,lr_00091_bottom_right.jpg,4
lr_00091_bottom_right_aug_972_4.jpg,lr_00091_bottom_right.jpg,4
lr_00365_bottom_left_aug_1041_4.jpg,lr_00365_bottom_left.jpg,4
lr_00365_bottom_left_aug_1071_4.jpg,lr_00365_bottom_left.jpg,4
lr_00365_bottom_left_aug_1087_4.jpg,lr_00365_bottom_left.jpg,4
lr_00365_bottom_left_aug_1133_4.jpg,lr_00365_bottom_left.jpg,4
lr_00365_bottom_left_aug_1161_4.jpg,lr_00365_bottom_left.jpg,4
lr_00365_bottom_left_aug_1406_4.jpg,lr_00365_bottom_left.jpg,4
lr_00365_bottom_left_aug_1518_4.jpg,lr_00365_bottom_left.jpg,4
lr_00365_bottom_left_aug_1598_4.jpg,lr_00365_bottom_left.jpg,4
lr_00365_bottom_left_aug_1648_4.jpg,lr_00365_bottom_left.jpg,4
lr_00365_bottom_left_aug_166_4.jpg,lr_00365_bottom_left.jpg,4
lr_00365_bottom_left_aug_966_4.jpg,lr_00365_bottom_left.jpg,4
lr_00365_bottom_left_aug_997_4.jpg,lr_00365_bottom_left.jpg,4
lr_00365_top_left_aug_1221_4.jpg,lr_00365_top_left.jpg,4
lr_00365_top_left_aug_1290_4.jpg,lr_00365_top_left.jpg,4
lr_00365_top_left_aug_1587_4.jpg,lr_00365_top_left.jpg,4
lr_00365_top_left_aug_361_4.jpg,lr_00365_top_left.jpg,4
lr_00365_top_left_aug_588_4.jpg,lr_00365_top_left.jpg,4
lr_00365_top_left_aug_610_4.jpg,lr_00365_top_left.jpg,4
lr_00365_top_left_aug_735_4.jpg,lr_00365_top_left.jpg,4
lr_00365_top_left_aug_935_4.jpg,lr_00365_top_left.jpg,4
lr_00365_top_left_aug_988_4.jpg,lr_00365_top_left.jpg,4
lr_00365_top_left_aug_98_4.jpg,lr_00365_top_left.jpg,4
lr_00365_top_right_aug_1141_4.jpg,lr_00365_top_right.jpg,4
lr_00365_top_right_aug_1216_4.jpg,lr_00365_top_right.jpg,4
lr_00365_top_right_aug_1288_4.jpg,lr_00365_top_right.jpg,4
lr_00365_top_right_aug_1307_4.jpg,lr_00365_top_right.jpg,4
lr_00365_top_right_aug_1318_4.jpg,lr_00365_top_right.jpg,4
lr_00365_top_right_aug_1481_4.jpg,lr_00365_top_right.jpg,4
lr_00365_top_right_aug_313_4.jpg,lr_00365_top_right.jpg,4
lr_00365_top_right_aug_874_4.jpg,lr_00365_top_right.jpg,4
lr_00365_top_right_aug_953_4.jpg,lr_00365_top_right.jpg,4
lr_00366_bottom_left_aug_1002_4.jpg,lr_00366_bottom_left.jpg,4
lr_00366_bottom_left_aug_1215_4.jpg,lr_00366_bottom_left.jpg,4
lr_00366_bottom_left_aug_122_4.jpg,lr_00366_bottom_left.jpg,4
lr_00366_bottom_left_aug_1296_4.jpg,lr_00366_bottom_left.jpg,4
lr_00366_bottom_left_aug_1375_4.jpg,lr_00366_bottom_left.jpg,4
lr_00366_bottom_left_aug_139_4.jpg,lr_00366_bottom_left.jpg,4
lr_00366_bottom_left_aug_1427_4.jpg,lr_00366_bottom_left.jpg,4
lr_00366_bottom_left_aug_1503_4.jpg,lr_00366_bottom_left.jpg,4
lr_00366_bottom_left_aug_518_4.jpg,lr_00366_bottom_left.jpg,4
lr_00366_bottom_left_aug_537_4.jpg,lr_00366_bottom_left.jpg,4
lr_00366_bottom_left_aug_646_4.jpg,lr_00366_bottom_left.jpg,4
lr_00366_bottom_left_aug_672_4.jpg,lr_00366_bottom_left.jpg,4
lr_00366_bottom_left_aug_683_4.jpg,lr_00366_bottom_left.jpg,4
lr_00366_bottom_left_aug_727_4.jpg,lr_00366_bottom_left.jpg,4
lr_00366_bottom_left_aug_764_4.jpg,lr_00366_bottom_left.jpg,4
lr_00366_bottom_left_aug_799_4.jpg,lr_00366_bottom_left.jpg,4
lr_00366_bottom_left_aug_891_4.jpg,lr_00366_bottom_left.jpg,4
lr_00366_bottom_right_aug_1100_4.jpg,lr_00366_bottom_right.jpg,4
lr_00366_bottom_right_aug_1251_4.jpg,lr_00366_bottom_right.jpg,4
lr_00366_bottom_right_aug_1262_4.jpg,lr_00366_bottom_right.jpg,4
lr_00366_bottom_right_aug_1289_4.jpg,lr_00366_bottom_right.jpg,4
lr_00366_bottom_right_aug_1446_4.jpg,lr_00366_bottom_right.jpg,4
lr_00366_bottom_right_aug_1495_4.jpg,lr_00366_bottom_right.jpg,4
lr_00366_bottom_right_aug_149_4.jpg,lr_00366_bottom_right.jpg,4
lr_00366_bottom_right_aug_1508_4.jpg,lr_00366_bottom_right.jpg,4
lr_00366_bottom_right_aug_1642_4.jpg,lr_00366_bottom_right.jpg,4
lr_00366_bottom_right_aug_1649_4.jpg,lr_00366_bottom_right.jpg,4
lr_00366_bottom_right_aug_253_4.jpg,lr_00366_bottom_right.jpg,4
lr_00366_bottom_right_aug_431_4.jpg,lr_00366_bottom_right.jpg,4
lr_00366_bottom_right_aug_508_4.jpg,lr_00366_bottom_right.jpg,4
lr_00366_bottom_right_aug_657_4.jpg,lr_00366_bottom_right.jpg,4
lr_00366_bottom_right_aug_767_4.jpg,lr_00366_bottom_right.jpg,4
lr_00366_bottom_right_aug_926_4.jpg,lr_00366_bottom_right.jpg,4
lr_00366_top_right_aug_1194_4.jpg,lr_00366_top_right.jpg,4
lr_00366_top_right_aug_1258_4.jpg,lr_00366_top_right.jpg,4
lr_00366_top_right_aug_1323_4.jpg,lr_00366_top_right.jpg,4
lr_00366_top_right_aug_1343_4.jpg,lr_00366_top_right.jpg,4
lr_00366_top_right_aug_1397_4.jpg,lr_00366_top_right.jpg,4
lr_00366_top_right_aug_1479_4.jpg,lr_00366_top_right.jpg,4
lr_00366_top_right_aug_1591_4.jpg,lr_00366_top_right.jpg,4
lr_00366_top_right_aug_204_4.jpg,lr_00366_top_right.jpg,4
lr_00366_top_right_aug_209_4.jpg,lr_00366_top_right.jpg,4
lr_00366_top_right_aug_324_4.jpg,lr_00366_top_right.jpg,4
lr_00366_top_right_aug_510_4.jpg,lr_00366_top_right.jpg,4
lr_00366_top_right_aug_55_4.jpg,lr_00366_top_right.jpg,4
lr_00366_top_right_aug_584_4.jpg,lr_00366_top_right.jpg,4
lr_00366_top_right_aug_692_4.jpg,lr_00366_top_right.jpg,4
lr_00366_top_right_aug_866_4.jpg,lr_00366_top_right.jpg,4
lr_00366_top_right_aug_881_4.jpg,lr_00366_top_right.jpg,4
lr_00366_top_right_aug_939_4.jpg,lr_00366_top_right.jpg,4
lr_00367_bottom_left_aug_1004_4.jpg,lr_00367_bottom_left.jpg,4
lr_00367_bottom_left_aug_1045_4.jpg,lr_00367_bottom_left.jpg,4
lr_00367_bottom_left_aug_1210_4.jpg,lr_00367_bottom_left.jpg,4
lr_00367_bottom_left_aug_1358_4.jpg,lr_00367_bottom_left.jpg,4
lr_00367_bottom_left_aug_1451_4.jpg,lr_00367_bottom_left.jpg,4
lr_00367_bottom_left_aug_150_4.jpg,lr_00367_bottom_left.jpg,4
lr_00367_bottom_left_aug_1609_4.jpg,lr_00367_bottom_left.jpg,4
lr_00367_bottom_left_aug_260_4.jpg,lr_00367_bottom_left.jpg,4
lr_00367_bottom_left_aug_568_4.jpg,lr_00367_bottom_left.jpg,4
lr_00367_bottom_left_aug_706_4.jpg,lr_00367_bottom_left.jpg,4
lr_00367_bottom_left_aug_844_4.jpg,lr_00367_bottom_left.jpg,4
lr_00367_bottom_right_aug_1008_4.jpg,lr_00367_bottom_right.jpg,4
lr_00367_bottom_right_aug_1055_4.jpg,lr_00367_bottom_right.jpg,4
lr_00367_bottom_right_aug_1257_4.jpg,lr_00367_bottom_right.jpg,4
lr_00367_bottom_right_aug_1499_4.jpg,lr_00367_bottom_right.jpg,4
lr_00367_bottom_right_aug_1524_4.jpg,lr_00367_bottom_right.jpg,4
lr_00367_bottom_right_aug_152_4.jpg,lr_00367_bottom_right.jpg,4
lr_00367_bottom_right_aug_1628_4.jpg,lr_00367_bottom_right.jpg,4
lr_00367_bottom_right_aug_1630_4.jpg,lr_00367_bottom_right.jpg,4
lr_00367_bottom_right_aug_319_4.jpg,lr_00367_bottom_right.jpg,4
lr_00367_bottom_right_aug_616_4.jpg,lr_00367_bottom_right.jpg,4
lr_00367_bottom_right_aug_636_4.jpg,lr_00367_bottom_right.jpg,4
lr_00367_bottom_right_aug_819_4.jpg,lr_00367_bottom_right.jpg,4
lr_00367_bottom_right_aug_907_4.jpg,lr_00367_bottom_right.jpg,4
lr_00373_bottom_left_aug_1264_0.jpg,lr_00373_bottom_left.jpg,0
lr_00373_bottom_left_aug_1391_0.jpg,lr_00373_bottom_left.jpg,0
lr_00373_bottom_left_aug_267_0.jpg,lr_00373_bottom_left.jpg,0
lr_00373_bottom_left_aug_551_0.jpg,lr_00373_bottom_left.jpg,0
lr_00373_bottom_left_aug_741_0.jpg,lr_00373_bottom_left.jpg,0
lr_00373_bottom_left_aug_917_0.jpg,lr_00373_bottom_left.jpg,0
lr_00374_bottom_left_aug_1412_0.jpg,lr_00374_bottom_left.jpg,0
lr_00374_bottom_left_aug_1442_0.jpg,lr_00374_bottom_left.jpg,0
lr_00374_bottom_left_aug_1477_0.jpg,lr_00374_bottom_left.jpg,0
lr_00374_bottom_left_aug_261_0.jpg,lr_00374_bottom_left.jpg,0
lr_00374_bottom_left_aug_354_0.jpg,lr_00374_bottom_left.jpg,0
lr_00374_bottom_left_aug_435_0.jpg,lr_00374_bottom_left.jpg,0
lr_00374_bottom_left_aug_463_0.jpg,lr_00374_bottom_left.jpg,0
lr_00374_bottom_left_aug_826_0.jpg,lr_00374_bottom_left.jpg,0
lr_00374_bottom_right_aug_1026_3.jpg,lr_00374_bottom_right.jpg,3
lr_00374_bottom_right_aug_1058_3.jpg,lr_00374_bottom_right.jpg,3
lr_00374_bottom_right_aug_1097_3.jpg,lr_00374_bottom_right.jpg,3
lr_00374_bottom_right_aug_1123_3.jpg,lr_00374_bottom_right.jpg,3
lr_00374_bottom_right_aug_1128_3.jpg,lr_00374_bottom_right.jpg,3
lr_00374_bottom_right_aug_1174_3.jpg,lr_00374_bottom_right.jpg,3
lr_00374_bottom_right_aug_1219_3.jpg,lr_00374_bottom_right.jpg,3
lr_00374_bottom_right_aug_1240_3.jpg,lr_00374_bottom_right.jpg,3
lr_00374_bottom_right_aug_1263_3.jpg,lr_00374_bottom_right.jpg,3
lr_00374_bottom_right_aug_1445_3.jpg,lr_00374_bottom_right.jpg,3
lr_00374_bottom_right_aug_1474_3.jpg,lr_00374_bottom_right.jpg,3
lr_00374_bottom_right_aug_1614_3.jpg,lr_00374_bottom_right.jpg,3
lr_00374_bottom_right_aug_1625_3.jpg,lr_00374_bottom_right.jpg,3
lr_00374_bottom_right_aug_1654_3.jpg,lr_00374_bottom_right.jpg,3
lr_00374_bottom_right_aug_1678_3.jpg,lr_00374_bottom_right.jpg,3
lr_00374_bottom_right_aug_18_3.jpg,lr_00374_bottom_right.jpg,3
lr_00374_bottom_right_aug_368_3.jpg,lr_00374_bottom_right.jpg,3
lr_00374_bottom_right_aug_42_3.jpg,lr_00374_bottom_right.jpg,3
lr_00374_bottom_right_aug_502_3.jpg,lr_00374_bottom_right.jpg,3
lr_00374_bottom_right_aug_697_3.jpg,lr_00374_bottom_right.jpg,3
lr_00374_bottom_right_aug_788_3.jpg,lr_00374_bottom_right.jpg,3
lr_00374_bottom_right_aug_87_3.jpg,lr_00374_bottom_right.jpg,3
lr_00374_bottom_right_aug_980_3.jpg,lr_00374_bottom_right.jpg,3
lr_00374_bottom_right_aug_986_3.jpg,lr_00374_bottom_right.jpg,3
lr_00379_bottom_left_aug_111_3.jpg,lr_00379_bottom_left.jpg,3
lr_00379_bottom_left_aug_1130_3.jpg,lr_00379_bottom_left.jpg,3
lr_00379_bottom_left_aug_1182_3.jpg,lr_00379_bottom_left.jpg,3
lr_00379_bottom_left_aug_1368_3.jpg,lr_00379_bottom_left.jpg,3
lr_00379_bottom_left_aug_1371_3.jpg,lr_00379_bottom_left.jpg,3
lr_00379_bottom_left_aug_141_3.jpg,lr_00379_bottom_left.jpg,3
lr_00379_bottom_left_aug_1447_3.jpg,lr_00379_bottom_left.jpg,3
lr_00379_bottom_left_aug_1453_3.jpg,lr_00379_bottom_left.jpg,3
lr_00379_bottom_left_aug_1615_3.jpg,lr_00379_bottom_left.jpg,3
lr_00379_bottom_left_aug_1700_3.jpg,lr_00379_bottom_left.jpg,3
lr_00379_bottom_left_aug_175_3.jpg,lr_00379_bottom_left.jpg,3
lr_00379_bottom_left_aug_251_3.jpg,lr_00379_bottom_left.jpg,3
lr_00379_bottom_left_aug_332_3.jpg,lr_00379_bottom_left.jpg,3
lr_00379_bottom_left_aug_46_3.jpg,lr_00379_bottom_left.jpg,3
lr_00379_bottom_left_aug_484_3.jpg,lr_00379_bottom_left.jpg,3
lr_00379_bottom_left_aug_525_3.jpg,lr_00379_bottom_left.jpg,3
lr_00379_bottom_left_aug_664_3.jpg,lr_00379_bottom_left.jpg,3
lr_00379_bottom_left_aug_671_3.jpg,lr_00379_bottom_left.jpg,3
lr_00379_bottom_left_aug_768_3.jpg,lr_00379_bottom_left.jpg,3
lr_00379_bottom_left_aug_808_3.jpg,lr_00379_bottom_left.jpg,3
lr_00379_bottom_left_aug_816_3.jpg,lr_00379_bottom_left.jpg,3
lr_00379_bottom_left_aug_877_3.jpg,lr_00379_bottom_left.jpg,3
lr_00379_bottom_left_aug_998_3.jpg,lr_00379_bottom_left.jpg,3
lr_00381_top_left_aug_1018_3.jpg,lr_00381_top_left.jpg,3
lr_00381_top_left_aug_1088_3.jpg,lr_00381_top_left.jpg,3
lr_00381_top_left_aug_1125_3.jpg,lr_00381_top_left.jpg,3
lr_00381_top_left_aug_1173_3.jpg,lr_00381_top_left.jpg,3
lr_00381_top_left_aug_1234_3.jpg,lr_00381_top_left.jpg,3
lr_00381_top_left_aug_1243_3.jpg,lr_00381_top_left.jpg,3
lr_00381_top_left_aug_1331_3.jpg,lr_00381_top_left.jpg,3
lr_00381_top_left_aug_1386_3.jpg,lr_00381_top_left.jpg,3
lr_00381_top_left_aug_1553_3.jpg,lr_00381_top_left.jpg,3
lr_00381_top_left_aug_187_3.jpg,lr_00381_top_left.jpg,3
lr_00381_top_left_aug_194_0.jpg,lr_00381_top_left.jpg,0
lr_00381_top_left_aug_309_3.jpg,lr_00381_top_left.jpg,3
lr_00381_top_left_aug_448_3.jpg,lr_00381_top_left.jpg,3
lr_00381_top_left_aug_461_0.jpg,lr_00381_top_left.jpg,0
lr_00381_top_left_aug_475_0.jpg,lr_00381_top_left.jpg,0
lr_00381_top_left_aug_47_3.jpg,lr_00381_top_left.jpg,3
lr_00381_top_left_aug_564_3.jpg,lr_00381_top_left.jpg,3
lr_00381_top_left_aug_615_3.jpg,lr_00381_top_left.jpg,3
lr_00381_top_left_aug_715_0.jpg,lr_00381_top_left.jpg,0
lr_00381_top_left_aug_857_3.jpg,lr_00381_top_left.jpg,3
lr_00381_top_left_aug_909_3.jpg,lr_00381_top_left.jpg,3
lr_00381_top_left_aug_98_3.jpg,lr_00381_top_left.jpg,3
lr_00381_top_left_aug_991_0.jpg,lr_00381_top_left.jpg,0
lr_00381_top_right_aug_103_3.jpg,lr_00381_top_right.jpg,3
lr_00381_top_right_aug_1112_3.jpg,lr_00381_top_right.jpg,3
lr_00381_top_right_aug_1184_3.jpg,lr_00381_top_right.jpg,3
lr_00381_top_right_aug_1302_3.jpg,lr_00381_top_right.jpg,3
lr_00381_top_right_aug_1353_3.jpg,lr_00381_top_right.jpg,3
lr_00381_top_right_aug_1362_3.jpg,lr_00381_top_right.jpg,3
lr_00381_top_right_aug_1464_3.jpg,lr_00381_top_right.jpg,3
lr_00381_top_right_aug_178_3.jpg,lr_00381_top_right.jpg,3
lr_00381_top_right_aug_352_3.jpg,lr_00381_top_right.jpg,3
lr_00381_top_right_aug_360_3.jpg,lr_00381_top_right.jpg,3
lr_00381_top_right_aug_363_3.jpg,lr_00381_top_right.jpg,3
lr_00381_top_right_aug_388_3.jpg,lr_00381_top_right.jpg,3
lr_00381_top_right_aug_390_3.jpg,lr_00381_top_right.jpg,3
lr_00381_top_right_aug_437_3.jpg,lr_00381_top_right.jpg,3
lr_00381_top_right_aug_536_3.jpg,lr_00381_top_right.jpg,3
lr_00381_top_right_aug_555_3.jpg,lr_00381_top_right.jpg,3
lr_00381_top_right_aug_599_3.jpg,lr_00381_top_right.jpg,3
lr_00381_top_right_aug_688_3.jpg,lr_00381_top_right.jpg,3
lr_00381_top_right_aug_689_3.jpg,lr_00381_top_right.jpg,3
lr_00381_top_right_aug_69_3.jpg,lr_00381_top_right.jpg,3
lr_00381_top_right_aug_740_3.jpg,lr_00381_top_right.jpg,3
lr_00381_top_right_aug_854_3.jpg,lr_00381_top_right.jpg,3
lr_00382_bottom_left_aug_493_0.jpg,lr_00382_bottom_left.jpg,0
lr_00382_bottom_left_aug_736_0.jpg,lr_00382_bottom_left.jpg,0
lr_00384_bottom_left_aug_1016_0.jpg,lr_00384_bottom_left.jpg,0
lr_00384_bottom_left_aug_1019_0.jpg,lr_00384_bottom_left.jpg,0
lr_00384_bottom_left_aug_1317_0.jpg,lr_00384_bottom_left.jpg,0
lr_00384_bottom_left_aug_420_0.jpg,lr_00384_bottom_left.jpg,0
lr_00384_bottom_left_aug_558_0.jpg,lr_00384_bottom_left.jpg,0
lr_00384_bottom_left_aug_582_0.jpg,lr_00384_bottom_left.jpg,0
lr_00384_bottom_left_aug_625_0.jpg,lr_00384_bottom_left.jpg,0
lr_00384_bottom_left_aug_707_0.jpg,lr_00384_bottom_left.jpg,0
lr_00389_top_left_aug_1140_3.jpg,lr_00389_top_left.jpg,3
lr_00389_top_left_aug_1239_3.jpg,lr_00389_top_left.jpg,3
lr_00389_top_left_aug_1262_3.jpg,lr_00389_top_left.jpg,3
lr_00389_top_left_aug_1327_3.jpg,lr_00389_top_left.jpg,3
lr_00389_top_left_aug_1359_3.jpg,lr_00389_top_left.jpg,3
lr_00389_top_left_aug_1423_3.jpg,lr_00389_top_left.jpg,3
lr_00389_top_left_aug_1567_3.jpg,lr_00389_top_left.jpg,3
lr_00389_top_left_aug_1585_3.jpg,lr_00389_top_left.jpg,3
lr_00389_top_left_aug_1607_3.jpg,lr_00389_top_left.jpg,3
lr_00389_top_left_aug_1619_3.jpg,lr_00389_top_left.jpg,3
lr_00389_top_left_aug_1631_3.jpg,lr_00389_top_left.jpg,3
lr_00389_top_left_aug_1643_3.jpg,lr_00389_top_left.jpg,3
lr_00389_top_left_aug_26_3.jpg,lr_00389_top_left.jpg,3
lr_00389_top_left_aug_302_3.jpg,lr_00389_top_left.jpg,3
lr_00389_top_left_aug_359_3.jpg,lr_00389_top_left.jpg,3
lr_00389_top_left_aug_427_3.jpg,lr_00389_top_left.jpg,3
lr_00389_top_left_aug_56_3.jpg,lr_00389_top_left.jpg,3
lr_00389_top_left_aug_659_3.jpg,lr_00389_top_left.jpg,3
lr_00389_top_left_aug_848_3.jpg,lr_00389_top_left.jpg,3
lr_00390_bottom_left_aug_1014_3.jpg,lr_00390_bottom_left.jpg,3
lr_00390_bottom_left_aug_1096_3.jpg,lr_00390_bottom_left.jpg,3
lr_00390_bottom_left_aug_1205_3.jpg,lr_00390_bottom_left.jpg,3
lr_00390_bottom_left_aug_1226_3.jpg,lr_00390_bottom_left.jpg,3
lr_00390_bottom_left_aug_1271_3.jpg,lr_00390_bottom_left.jpg,3
lr_00390_bottom_left_aug_1286_3.jpg,lr_00390_bottom_left.jpg,3
lr_00390_bottom_left_aug_1320_3.jpg,lr_00390_bottom_left.jpg,3
lr_00390_bottom_left_aug_1406_3.jpg,lr_00390_bottom_left.jpg,3
lr_00390_bottom_left_aug_1540_3.jpg,lr_00390_bottom_left.jpg,3
lr_00390_bottom_left_aug_171_3.jpg,lr_00390_bottom_left.jpg,3
lr_00390_bottom_left_aug_312_3.jpg,lr_00390_bottom_left.jpg,3
lr_00390_bottom_left_aug_320_3.jpg,lr_00390_bottom_left.jpg,3
lr_00390_bottom_left_aug_365_3.jpg,lr_00390_bottom_left.jpg,3
lr_00390_bottom_left_aug_420_3.jpg,lr_00390_bottom_left.jpg,3
lr_00390_bottom_left_aug_431_3.jpg,lr_00390_bottom_left.jpg,3
lr_00390_bottom_left_aug_447_3.jpg,lr_00390_bottom_left.jpg,3
lr_00390_bottom_left_aug_570_3.jpg,lr_00390_bottom_left.jpg,3
lr_00390_bottom_left_aug_651_3.jpg,lr_00390_bottom_left.jpg,3
lr_00390_bottom_left_aug_724_3.jpg,lr_00390_bottom_left.jpg,3
lr_00390_bottom_left_aug_777_3.jpg,lr_00390_bottom_left.jpg,3
lr_00390_bottom_left_aug_855_3.jpg,lr_00390_bottom_left.jpg,3
lr_00390_bottom_left_aug_862_3.jpg,lr_00390_bottom_left.jpg,3
lr_00390_top_left_aug_1007_4.jpg,lr_00390_top_left.jpg,4
lr_00390_top_left_aug_1146_4.jpg,lr_00390_top_left.jpg,4
lr_00390_top_left_aug_1377_4.jpg,lr_00390_top_left.jpg,4
lr_00390_top_left_aug_1403_4.jpg,lr_00390_top_left.jpg,4
lr_00390_top_left_aug_1531_4.jpg,lr_00390_top_left.jpg,4
lr_00390_top_left_aug_182_4.jpg,lr_00390_top_left.jpg,4
lr_00390_top_left_aug_329_4.jpg,lr_00390_top_left.jpg,4
lr_00390_top_left_aug_381_4.jpg,lr_00390_top_left.jpg,4
lr_00390_top_left_aug_450_4.jpg,lr_00390_top_left.jpg,4
lr_00390_top_left_aug_497_4.jpg,lr_00390_top_left.jpg,4
lr_00390_top_left_aug_608_4.jpg,lr_00390_top_left.jpg,4
lr_00390_top_left_aug_634_4.jpg,lr_00390_top_left.jpg,4
lr_00390_top_left_aug_732_4.jpg,lr_00390_top_left.jpg,4
lr_00396_bottom_left_aug_1433_4.jpg,lr_00396_bottom_left.jpg,4
lr_00396_bottom_left_aug_1545_4.jpg,lr_00396_bottom_left.jpg,4
lr_00396_bottom_left_aug_1556_4.jpg,lr_00396_bottom_left.jpg,4
lr_00396_bottom_left_aug_1559_4.jpg,lr_00396_bottom_left.jpg,4
lr_00396_bottom_left_aug_158_4.jpg,lr_00396_bottom_left.jpg,4
lr_00396_bottom_left_aug_1595_4.jpg,lr_00396_bottom_left.jpg,4
lr_00396_bottom_left_aug_333_4.jpg,lr_00396_bottom_left.jpg,4
lr_00396_bottom_left_aug_714_4.jpg,lr_00396_bottom_left.jpg,4
lr_00396_bottom_left_aug_934_4.jpg,lr_00396_bottom_left.jpg,4
lr_00408_top_left_aug_1163_3.jpg,lr_00408_top_left.jpg,3
lr_00408_top_left_aug_1237_3.jpg,lr_00408_top_left.jpg,3
lr_00408_top_left_aug_1591_3.jpg,lr_00408_top_left.jpg,3
lr_00408_top_left_aug_209_3.jpg,lr_00408_top_left.jpg,3
lr_00408_top_left_aug_289_3.jpg,lr_00408_top_left.jpg,3
lr_00408_top_left_aug_455_3.jpg,lr_00408_top_left.jpg,3
lr_00408_top_left_aug_467_3.jpg,lr_00408_top_left.jpg,3
lr_00408_top_left_aug_469_3.jpg,lr_00408_top_left.jpg,3
lr_00408_top_left_aug_541_3.jpg,lr_00408_top_left.jpg,3
lr_00408_top_left_aug_680_3.jpg,lr_00408_top_left.jpg,3
lr_00408_top_left_aug_775_3.jpg,lr_00408_top_left.jpg,3
lr_00408_top_left_aug_86_3.jpg,lr_00408_top_left.jpg,3
lr_00408_top_left_aug_938_3.jpg,lr_00408_top_left.jpg,3
lr_00411_bottom_right_aug_1036_3.jpg,lr_00411_bottom_right.jpg,3
lr_00411_bottom_right_aug_1037_3.jpg,lr_00411_bottom_right.jpg,3
lr_00411_bottom_right_aug_1043_3.jpg,lr_00411_bottom_right.jpg,3
lr_00411_bottom_right_aug_1085_3.jpg,lr_00411_bottom_right.jpg,3
lr_00411_bottom_right_aug_110_3.jpg,lr_00411_bottom_right.jpg,3
lr_00411_bottom_right_aug_1117_3.jpg,lr_00411_bottom_right.jpg,3
lr_00411_bottom_right_aug_1141_3.jpg,lr_00411_bottom_right.jpg,3
lr_00411_bottom_right_aug_1172_3.jpg,lr_00411_bottom_right.jpg,3
lr_00411_bottom_right_aug_1313_3.jpg,lr_00411_bottom_right.jpg,3
lr_00411_bottom_right_aug_1356_3.jpg,lr_00411_bottom_right.jpg,3
lr_00411_bottom_right_aug_1410_3.jpg,lr_00411_bottom_right.jpg,3
lr_00411_bottom_right_aug_1421_3.jpg,lr_00411_bottom_right.jpg,3
lr_00411_bottom_right_aug_1488_3.jpg,lr_00411_bottom_right.jpg,3
lr_00411_bottom_right_aug_1546_3.jpg,lr_00411_bottom_right.jpg,3
lr_00411_bottom_right_aug_1705_3.jpg,lr_00411_bottom_right.jpg,3
lr_00411_bottom_right_aug_242_3.jpg,lr_00411_bottom_right.jpg,3
lr_00411_bottom_right_aug_25_3.jpg,lr_00411_bottom_right.jpg,3
lr_00411_bottom_right_aug_327_3.jpg,lr_00411_bottom_right.jpg,3
lr_00411_bottom_right_aug_497_3.jpg,lr_00411_bottom_right.jpg,3
lr_00411_bottom_right_aug_498_3.jpg,lr_00411_bottom_right.jpg,3
lr_00411_bottom_right_aug_545_3.jpg,lr_00411_bottom_right.jpg,3
lr_00411_bottom_right_aug_619_3.jpg,lr_00411_bottom_right.jpg,3
lr_00411_bottom_right_aug_739_3.jpg,lr_00411_bottom_right.jpg,3
lr_00411_bottom_right_aug_76_3.jpg,lr_00411_bottom_right.jpg,3
lr_00411_bottom_right_aug_79_3.jpg,lr_00411_bottom_right.jpg,3
lr_00411_bottom_right_aug_837_3.jpg,lr_00411_bottom_right.jpg,3
lr_00411_bottom_right_aug_850_3.jpg,lr_00411_bottom_right.jpg,3
lr_00411_bottom_right_aug_956_3.jpg,lr_00411_bottom_right.jpg,3
lr_00411_top_left_aug_1011_3.jpg,lr_00411_top_left.jpg,3
lr_00411_top_left_aug_1034_3.jpg,lr_00411_top_left.jpg,3
lr_00411_top_left_aug_1057_3.jpg,lr_00411_top_left.jpg,3
lr_00411_top_left_aug_1185_3.jpg,lr_00411_top_left.jpg,3
lr_00411_top_left_aug_118_3.jpg,lr_00411_top_left.jpg,3
lr_00411_top_left_aug_123_3.jpg,lr_00411_top_left.jpg,3
lr_00411_top_left_aug_1253_3.jpg,lr_00411_top_left.jpg,3
lr_00411_top_left_aug_1261_3.jpg,lr_00411_top_left.jpg,3
lr_00411_top_left_aug_1316_3.jpg,lr_00411_top_left.jpg,3
lr_00411_top_left_aug_131_3.jpg,lr_00411_top_left.jpg,3
lr_00411_top_left_aug_1354_3.jpg,lr_00411_top_left.jpg,3
lr_00411_top_left_aug_1387_3.jpg,lr_00411_top_left.jpg,3
lr_00411_top_left_aug_1404_3.jpg,lr_00411_top_left.jpg,3
lr_00411_top_left_aug_1426_3.jpg,lr_00411_top_left.jpg,3
lr_00411_top_left_aug_1523_3.jpg,lr_00411_top_left.jpg,3
lr_00411_top_left_aug_1545_3.jpg,lr_00411_top_left.jpg,3
lr_00411_top_left_aug_284_3.jpg,lr_00411_top_left.jpg,3
lr_00411_top_left_aug_385_3.jpg,lr_00411_top_left.jpg,3
lr_00411_top_left_aug_398_3.jpg,lr_00411_top_left.jpg,3
lr_00411_top_left_aug_454_3.jpg,lr_00411_top_left.jpg,3
lr_00411_top_left_aug_515_3.jpg,lr_00411_top_left.jpg,3
lr_00411_top_left_aug_567_3.jpg,lr_00411_top_left.jpg,3
lr_00411_top_left_aug_577_3.jpg,lr_00411_top_left.jpg,3
lr_00411_top_left_aug_624_3.jpg,lr_00411_top_left.jpg,3
lr_00411_top_left_aug_632_3.jpg,lr_00411_top_left.jpg,3
lr_00411_top_left_aug_652_3.jpg,lr_00411_top_left.jpg,3
lr_00411_top_left_aug_675_3.jpg,lr_00411_top_left.jpg,3
lr_00411_top_left_aug_715_3.jpg,lr_00411_top_left.jpg,3
lr_00411_top_left_aug_790_3.jpg,lr_00411_top_left.jpg,3
lr_00411_top_left_aug_798_3.jpg,lr_00411_top_left.jpg,3
lr_00411_top_left_aug_923_3.jpg,lr_00411_top_left.jpg,3
lr_00411_top_left_aug_972_3.jpg,lr_00411_top_left.jpg,3
lr_00411_top_left_aug_983_3.jpg,lr_00411_top_left.jpg,3
lr_00412_bottom_left_aug_1092_4.jpg,lr_00412_bottom_left.jpg,4
lr_00412_bottom_left_aug_1320_4.jpg,lr_00412_bottom_left.jpg,4
lr_00412_bottom_left_aug_1492_4.jpg,lr_00412_bottom_left.jpg,4
lr_00412_bottom_left_aug_1509_4.jpg,lr_00412_bottom_left.jpg,4
lr_00412_bottom_left_aug_1613_4.jpg,lr_00412_bottom_left.jpg,4
lr_00412_bottom_left_aug_1622_4.jpg,lr_00412_bottom_left.jpg,4
lr_00412_bottom_left_aug_225_4.jpg,lr_00412_bottom_left.jpg,4
lr_00412_bottom_left_aug_414_4.jpg,lr_00412_bottom_left.jpg,4
lr_00412_bottom_left_aug_505_4.jpg,lr_00412_bottom_left.jpg,4
lr_00412_bottom_left_aug_54_4.jpg,lr_00412_bottom_left.jpg,4
lr_00412_bottom_left_aug_606_4.jpg,lr_00412_bottom_left.jpg,4
lr_00412_bottom_left_aug_748_4.jpg,lr_00412_bottom_left.jpg,4
lr_00412_bottom_left_aug_758_4.jpg,lr_00412_bottom_left.jpg,4
lr_00412_bottom_left_aug_769_4.jpg,lr_00412_bottom_left.jpg,4
lr_00412_bottom_left_aug_806_4.jpg,lr_00412_bottom_left.jpg,4
lr_00412_bottom_left_aug_865_4.jpg,lr_00412_bottom_left.jpg,4
lr_00412_bottom_right_aug_1054_3.jpg,lr_00412_bottom_right.jpg,3
lr_00412_bottom_right_aug_1139_3.jpg,lr_00412_bottom_right.jpg,3
lr_00412_bottom_right_aug_1169_3.jpg,lr_00412_bottom_right.jpg,3
lr_00412_bottom_right_aug_1190_3.jpg,lr_00412_bottom_right.jpg,3
lr_00412_bottom_right_aug_1198_3.jpg,lr_00412_bottom_right.jpg,3
lr_00412_bottom_right_aug_1204_3.jpg,lr_00412_bottom_right.jpg,3
lr_00412_bottom_right_aug_1382_3.jpg,lr_00412_bottom_right.jpg,3
lr_00412_bottom_right_aug_1490_3.jpg,lr_00412_bottom_right.jpg,3
lr_00412_bottom_right_aug_1598_3.jpg,lr_00412_bottom_right.jpg,3
lr_00412_bottom_right_aug_1670_3.jpg,lr_00412_bottom_right.jpg,3
lr_00412_bottom_right_aug_335_3.jpg,lr_00412_bottom_right.jpg,3
lr_00412_bottom_right_aug_551_3.jpg,lr_00412_bottom_right.jpg,3
lr_00412_bottom_right_aug_727_3.jpg,lr_00412_bottom_right.jpg,3
lr_00412_bottom_right_aug_898_3.jpg,lr_00412_bottom_right.jpg,3
lr_00415_top_right_aug_1038_3.jpg,lr_00415_top_right.jpg,3
lr_00415_top_right_aug_1120_3.jpg,lr_00415_top_right.jpg,3
lr_00415_top_right_aug_1218_3.jpg,lr_00415_top_right.jpg,3
lr_00415_top_right_aug_1308_3.jpg,lr_00415_top_right.jpg,3
lr_00415_top_right_aug_1339_3.jpg,lr_00415_top_right.jpg,3
lr_00415_top_right_aug_1348_3.jpg,lr_00415_top_right.jpg,3
lr_00415_top_right_aug_1407_3.jpg,lr_00415_top_right.jpg,3
lr_00415_top_right_aug_1417_3.jpg,lr_00415_top_right.jpg,3
lr_00415_top_right_aug_1456_3.jpg,lr_00415_top_right.jpg,3
lr_00415_top_right_aug_1466_3.jpg,lr_00415_top_right.jpg,3
lr_00415_top_right_aug_1533_3.jpg,lr_00415_top_right.jpg,3
lr_00415_top_right_aug_254_3.jpg,lr_00415_top_right.jpg,3
lr_00415_top_right_aug_297_3.jpg,lr_00415_top_right.jpg,3
lr_00415_top_right_aug_323_3.jpg,lr_00415_top_right.jpg,3
lr_00415_top_right_aug_396_3.jpg,lr_00415_top_right.jpg,3
lr_00415_top_right_aug_491_3.jpg,lr_00415_top_right.jpg,3
lr_00415_top_right_aug_513_3.jpg,lr_00415_top_right.jpg,3
lr_00415_top_right_aug_524_3.jpg,lr_00415_top_right.jpg,3
lr_00415_top_right_aug_530_3.jpg,lr_00415_top_right.jpg,3
lr_00415_top_right_aug_585_3.jpg,lr_00415_top_right.jpg,3
lr_00415_top_right_aug_861_3.jpg,lr_00415_top_right.jpg,3
lr_00415_top_right_aug_899_3.jpg,lr_00415_top_right.jpg,3
lr_00415_top_right_aug_907_3.jpg,lr_00415_top_right.jpg,3
lr_00415_top_right_aug_95_3.jpg,lr_00415_top_right.jpg,3
lr_00416_bottom_right_aug_1189_3.jpg,lr_00416_bottom_right.jpg,3
lr_00416_bottom_right_aug_1193_3.jpg,lr_00416_bottom_right.jpg,3
lr_00416_bottom_right_aug_1430_3.jpg,lr_00416_bottom_right.jpg,3
lr_00416_bottom_right_aug_1454_3.jpg,lr_00416_bottom_right.jpg,3
lr_00416_bottom_right_aug_1527_3.jpg,lr_00416_bottom_right.jpg,3
lr_00416_bottom_right_aug_1561_3.jpg,lr_00416_bottom_right.jpg,3
lr_00416_bottom_right_aug_1706_3.jpg,lr_00416_bottom_right.jpg,3
lr_00416_bottom_right_aug_220_3.jpg,lr_00416_bottom_right.jpg,3
lr_00416_bottom_right_aug_231_3.jpg,lr_00416_bottom_right.jpg,3
lr_00416_bottom_right_aug_258_3.jpg,lr_00416_bottom_right.jpg,3
lr_00416_bottom_right_aug_353_3.jpg,lr_00416_bottom_right.jpg,3
lr_00416_bottom_right_aug_507_3.jpg,lr_00416_bottom_right.jpg,3
lr_00416_bottom_right_aug_559_3.jpg,lr_00416_bottom_right.jpg,3
lr_00416_bottom_right_aug_612_3.jpg,lr_00416_bottom_right.jpg,3
lr_00416_bottom_right_aug_61_3.jpg,lr_00416_bottom_right.jpg,3
lr_00416_bottom_right_aug_657_3.jpg,lr_00416_bottom_right.jpg,3
lr_00416_bottom_right_aug_700_3.jpg,lr_00416_bottom_right.jpg,3
lr_00416_bottom_right_aug_763_3.jpg,lr_00416_bottom_right.jpg,3
lr_00416_bottom_right_aug_778_3.jpg,lr_00416_bottom_right.jpg,3
lr_00416_bottom_right_aug_92_3.jpg,lr_00416_bottom_right.jpg,3
lr_00416_bottom_right_aug_985_3.jpg,lr_00416_bottom_right.jpg,3
lr_00417_top_left_aug_1031_3.jpg,lr_00417_top_left.jpg,3
lr_00417_top_left_aug_1225_3.jpg,lr_00417_top_left.jpg,3
lr_00417_top_left_aug_1232_3.jpg,lr_00417_top_left.jpg,3
lr_00417_top_left_aug_1276_3.jpg,lr_00417_top_left.jpg,3
lr_00417_top_left_aug_1446_3.jpg,lr_00417_top_left.jpg,3
lr_00417_top_left_aug_1563_3.jpg,lr_00417_top_left.jpg,3
lr_00417_top_left_aug_1610_3.jpg,lr_00417_top_left.jpg,3
lr_00417_top_left_aug_1652_3.jpg,lr_00417_top_left.jpg,3
lr_00417_top_left_aug_299_3.jpg,lr_00417_top_left.jpg,3
lr_00417_top_left_aug_344_3.jpg,lr_00417_top_left.jpg,3
lr_00417_top_left_aug_366_3.jpg,lr_00417_top_left.jpg,3
lr_00417_top_left_aug_487_3.jpg,lr_00417_top_left.jpg,3
lr_00417_top_left_aug_560_3.jpg,lr_00417_top_left.jpg,3
lr_00417_top_left_aug_565_3.jpg,lr_00417_top_left.jpg,3
lr_00417_top_left_aug_586_3.jpg,lr_00417_top_left.jpg,3
lr_00417_top_left_aug_71_3.jpg,lr_00417_top_left.jpg,3
lr_00417_top_left_aug_75_3.jpg,lr_00417_top_left.jpg,3
lr_00417_top_left_aug_828_3.jpg,lr_00417_top_left.jpg,3
lr_00417_top_right_aug_1000_3.jpg,lr_00417_top_right.jpg,3
lr_00417_top_right_aug_1105_3.jpg,lr_00417_top_right.jpg,3
lr_00417_top_right_aug_1221_3.jpg,lr_00417_top_right.jpg,3
lr_00417_top_right_aug_1290_3.jpg,lr_00417_top_right.jpg,3
lr_00417_top_right_aug_144_3.jpg,lr_00417_top_right.jpg,3
lr_00417_top_right_aug_1564_3.jpg,lr_00417_top_right.jpg,3
lr_00417_top_right_aug_1576_3.jpg,lr_00417_top_right.jpg,3
lr_00417_top_right_aug_1612_3.jpg,lr_00417_top_right.jpg,3
lr_00417_top_right_aug_162_3.jpg,lr_00417_top_right.jpg,3
lr_00417_top_right_aug_1696_3.jpg,lr_00417_top_right.jpg,3
lr_00417_top_right_aug_1703_3.jpg,lr_00417_top_right.jpg,3
lr_00417_top_right_aug_391_3.jpg,lr_00417_top_right.jpg,3
lr_00417_top_right_aug_449_3.jpg,lr_00417_top_right.jpg,3
lr_00417_top_right_aug_472_3.jpg,lr_00417_top_right.jpg,3
lr_00417_top_right_aug_492_3.jpg,lr_00417_top_right.jpg,3
lr_00417_top_right_aug_503_3.jpg,lr_00417_top_right.jpg,3
lr_00417_top_right_aug_608_3.jpg,lr_00417_top_right.jpg,3
lr_00417_top_right_aug_68_3.jpg,lr_00417_top_right.jpg,3
lr_00418_bottom_right_aug_1131_3.jpg,lr_00418_bottom_right.jpg,3
lr_00418_bottom_right_aug_1433_3.jpg,lr_00418_bottom_right.jpg,3
lr_00418_bottom_right_aug_1500_3.jpg,lr_00418_bottom_right.jpg,3
lr_00418_bottom_right_aug_1515_3.jpg,lr_00418_bottom_right.jpg,3
lr_00418_bottom_right_aug_151_3.jpg,lr_00418_bottom_right.jpg,3
lr_00418_bottom_right_aug_1521_3.jpg,lr_00418_bottom_right.jpg,3
lr_00418_bottom_right_aug_189_3.jpg,lr_00418_bottom_right.jpg,3
lr_00418_bottom_right_aug_288_3.jpg,lr_00418_bottom_right.jpg,3
lr_00418_bottom_right_aug_310_3.jpg,lr_00418_bottom_right.jpg,3
lr_00418_bottom_right_aug_383_3.jpg,lr_00418_bottom_right.jpg,3
lr_00418_bottom_right_aug_597_3.jpg,lr_00418_bottom_right.jpg,3
lr_00418_bottom_right_aug_941_3.jpg,lr_00418_bottom_right.jpg,3
lr_00418_top_left_aug_1098_3.jpg,lr_00418_top_left.jpg,3
lr_00418_top_left_aug_1107_0.jpg,lr_00418_top_left.jpg,0
lr_00418_top_left_aug_1132_3.jpg,lr_00418_top_left.jpg,3
lr_00418_top_left_aug_1166_3.jpg,lr_00418_top_left.jpg,3
lr_00418_top_left_aug_1185_0.jpg,lr_00418_top_left.jpg,0
lr_00418_top_left_aug_1233_0.jpg,lr_00418_top_left.jpg,0
lr_00418_top_left_aug_1323_3.jpg,lr_00418_top_left.jpg,3
lr_00418_top_left_aug_1383_3.jpg,lr_00418_top_left.jpg,3
lr_00418_top_left_aug_1491_3.jpg,lr_00418_top_left.jpg,3
lr_00418_top_left_aug_1512_3.jpg,lr_00418_top_left.jpg,3
lr_00418_top_left_aug_1516_3.jpg,lr_00418_top_left.jpg,3
lr_00418_top_left_aug_153_3.jpg,lr_00418_top_left.jpg,3
lr_00418_top_left_aug_164_3.jpg,lr_00418_top_left.jpg,3
lr_00418_top_left_aug_186_0.jpg,lr_00418_top_left.jpg,0
lr_00418_top_left_aug_261_3.jpg,lr_00418_top_left.jpg,3
lr_00418_top_left_aug_330_3.jpg,lr_00418_top_left.jpg,3
lr_00418_top_left_aug_523_3.jpg,lr_00418_top_left.jpg,3
lr_00418_top_left_aug_563_0.jpg,lr_00418_top_left.jpg,0
lr_00418_top_left_aug_572_0.jpg,lr_00418_top_left.jpg,0
lr_00418_top_left_aug_573_3.jpg,lr_00418_top_left.jpg,3
lr_00418_top_left_aug_685_3.jpg,lr_00418_top_left.jpg,3
lr_00418_top_left_aug_699_0.jpg,lr_00418_top_left.jpg,0
lr_00418_top_left_aug_744_0.jpg,lr_00418_top_left.jpg,0
lr_00418_top_left_aug_918_3.jpg,lr_00418_top_left.jpg,3
lr_00418_top_left_aug_990_3.jpg,lr_00418_top_left.jpg,3
lr_00419_bottom_left_aug_1013_3.jpg,lr_00419_bottom_left.jpg,3
lr_00419_bottom_left_aug_1122_3.jpg,lr_00419_bottom_left.jpg,3
lr_00419_bottom_left_aug_122_3.jpg,lr_00419_bottom_left.jpg,3
lr_00419_bottom_left_aug_124_3.jpg,lr_00419_bottom_left.jpg,3
lr_00419_bottom_left_aug_1252_3.jpg,lr_00419_bottom_left.jpg,3
lr_00419_bottom_left_aug_1325_3.jpg,lr_00419_bottom_left.jpg,3
lr_00419_bottom_left_aug_1450_3.jpg,lr_00419_bottom_left.jpg,3
lr_00419_bottom_left_aug_1470_3.jpg,lr_00419_bottom_left.jpg,3
lr_00419_bottom_left_aug_1590_3.jpg,lr_00419_bottom_left.jpg,3
lr_00419_bottom_left_aug_1676_3.jpg,lr_00419_bottom_left.jpg,3
lr_00419_bottom_left_aug_38_3.jpg,lr_00419_bottom_left.jpg,3
lr_00419_bottom_left_aug_628_3.jpg,lr_00419_bottom_left.jpg,3
lr_00419_bottom_left_aug_62_3.jpg,lr_00419_bottom_left.jpg,3
lr_00419_bottom_left_aug_63_3.jpg,lr_00419_bottom_left.jpg,3
lr_00419_bottom_left_aug_676_3.jpg,lr_00419_bottom_left.jpg,3
lr_00419_bottom_left_aug_771_3.jpg,lr_00419_bottom_left.jpg,3
lr_00419_bottom_left_aug_818_3.jpg,lr_00419_bottom_left.jpg,3
lr_00419_bottom_left_aug_921_3.jpg,lr_00419_bottom_left.jpg,3
lr_00419_bottom_right_aug_1003_3.jpg,lr_00419_bottom_right.jpg,3
lr_00419_bottom_right_aug_1209_3.jpg,lr_00419_bottom_right.jpg,3
lr_00419_bottom_right_aug_1246_3.jpg,lr_00419_bottom_right.jpg,3
lr_00419_bottom_right_aug_1441_3.jpg,lr_00419_bottom_right.jpg,3
lr_00419_bottom_right_aug_1528_3.jpg,lr_00419_bottom_right.jpg,3
lr_00419_bottom_right_aug_1578_3.jpg,lr_00419_bottom_right.jpg,3
lr_00419_bottom_right_aug_1646_3.jpg,lr_00419_bottom_right.jpg,3
lr_00419_bottom_right_aug_1648_3.jpg,lr_00419_bottom_right.jpg,3
lr_00419_bottom_right_aug_195_3.jpg,lr_00419_bottom_right.jpg,3
lr_00419_bottom_right_aug_233_3.jpg,lr_00419_bottom_right.jpg,3
lr_00419_bottom_right_aug_35_3.jpg,lr_00419_bottom_right.jpg,3
lr_00419_bottom_right_aug_381_3.jpg,lr_00419_bottom_right.jpg,3
lr_00419_bottom_right_aug_537_3.jpg,lr_00419_bottom_right.jpg,3
lr_00419_bottom_right_aug_595_3.jpg,lr_00419_bottom_right.jpg,3
lr_00419_bottom_right_aug_706_3.jpg,lr_00419_bottom_right.jpg,3
lr_00419_bottom_right_aug_749_3.jpg,lr_00419_bottom_right.jpg,3
lr_00419_bottom_right_aug_752_3.jpg,lr_00419_bottom_right.jpg,3
lr_00419_bottom_right_aug_802_3.jpg,lr_00419_bottom_right.jpg,3
lr_00419_bottom_right_aug_807_3.jpg,lr_00419_bottom_right.jpg,3
lr_00419_bottom_right_aug_83_3.jpg,lr_00419_bottom_right.jpg,3
lr_00419_bottom_right_aug_844_3.jpg,lr_00419_bottom_right.jpg,3
lr_00422_bottom_left_aug_1188_0.jpg,lr_00422_bottom_left.jpg,0
lr_00422_bottom_left_aug_1193_0.jpg,lr_00422_bottom_left.jpg,0
lr_00422_bottom_left_aug_1226_0.jpg,lr_00422_bottom_left.jpg,0
lr_00422_bottom_left_aug_357_0.jpg,lr_00422_bottom_left.jpg,0
lr_00424_top_left_aug_1026_0.jpg,lr_00424_top_left.jpg,0
lr_00424_top_left_aug_1424_0.jpg,lr_00424_top_left.jpg,0
lr_00424_top_left_aug_1476_0.jpg,lr_00424_top_left.jpg,0
lr_00424_top_left_aug_370_0.jpg,lr_00424_top_left.jpg,0
lr_00424_top_left_aug_38_0.jpg,lr_00424_top_left.jpg,0
lr_00425_bottom_left_aug_1170_0.jpg,lr_00425_bottom_left.jpg,0
lr_00425_bottom_left_aug_1340_0.jpg,lr_00425_bottom_left.jpg,0
lr_00425_bottom_left_aug_73_0.jpg,lr_00425_bottom_left.jpg,0
lr_00425_top_left_aug_1130_0.jpg,lr_00425_top_left.jpg,0
lr_00425_top_left_aug_1464_0.jpg,lr_00425_top_left.jpg,0
lr_00425_top_left_aug_35_0.jpg,lr_00425_top_left.jpg,0
lr_00425_top_left_aug_516_0.jpg,lr_00425_top_left.jpg,0
lr_00425_top_left_aug_526_0.jpg,lr_00425_top_left.jpg,0
lr_00427_bottom_left_aug_1179_0.jpg,lr_00427_bottom_left.jpg,0
lr_00427_bottom_left_aug_124_0.jpg,lr_00427_bottom_left.jpg,0
lr_00427_bottom_left_aug_1370_0.jpg,lr_00427_bottom_left.jpg,0
lr_00427_bottom_left_aug_291_0.jpg,lr_00427_bottom_left.jpg,0
lr_00427_bottom_left_aug_768_0.jpg,lr_00427_bottom_left.jpg,0
lr_00428_top_right_aug_1219_0.jpg,lr_00428_top_right.jpg,0
lr_00428_top_right_aug_122_0.jpg,lr_00428_top_right.jpg,0
lr_00428_top_right_aug_1395_0.jpg,lr_00428_top_right.jpg,0
lr_00428_top_right_aug_470_0.jpg,lr_00428_top_right.jpg,0
lr_00428_top_right_aug_756_0.jpg,lr_00428_top_right.jpg,0
lr_00429_top_right_aug_1084_0.jpg,lr_00429_top_right.jpg,0
lr_00429_top_right_aug_1505_0.jpg,lr_00429_top_right.jpg,0
lr_00429_top_right_aug_308_0.jpg,lr_00429_top_right.jpg,0
lr_00429_top_right_aug_561_0.jpg,lr_00429_top_right.jpg,0
lr_00429_top_right_aug_83_0.jpg,lr_00429_top_right.jpg,0
lr_00430_bottom_right_aug_1256_0.jpg,lr_00430_bottom_right.jpg,0
lr_00430_bottom_right_aug_1310_0.jpg,lr_00430_bottom_right.jpg,0
lr_00430_bottom_right_aug_467_0.jpg,lr_00430_bottom_right.jpg,0
lr_00430_bottom_right_aug_547_0.jpg,lr_00430_bottom_right.jpg,0
lr_00430_bottom_right_aug_948_0.jpg,lr_00430_bottom_right.jpg,0
lr_00442_bottom_right_aug_1189_4.jpg,lr_00442_bottom_right.jpg,4
lr_00442_bottom_right_aug_1353_4.jpg,lr_00442_bottom_right.jpg,4
lr_00442_bottom_right_aug_1389_4.jpg,lr_00442_bottom_right.jpg,4
lr_00442_bottom_right_aug_13_4.jpg,lr_00442_bottom_right.jpg,4
lr_00442_bottom_right_aug_1483_4.jpg,lr_00442_bottom_right.jpg,4
lr_00442_bottom_right_aug_1487_4.jpg,lr_00442_bottom_right.jpg,4
lr_00442_bottom_right_aug_168_4.jpg,lr_00442_bottom_right.jpg,4
lr_00442_bottom_right_aug_292_4.jpg,lr_00442_bottom_right.jpg,4
lr_00442_bottom_right_aug_551_4.jpg,lr_00442_bottom_right.jpg,4
lr_00442_bottom_right_aug_578_4.jpg,lr_00442_bottom_right.jpg,4
lr_00442_bottom_right_aug_691_4.jpg,lr_00442_bottom_right.jpg,4
lr_00442_bottom_right_aug_795_4.jpg,lr_00442_bottom_right.jpg,4
lr_00442_bottom_right_aug_8_4.jpg,lr_00442_bottom_right.jpg,4
lr_00442_top_left_aug_111_4.jpg,lr_00442_top_left.jpg,4
lr_00442_top_left_aug_1202_4.jpg,lr_00442_top_left.jpg,4
lr_00442_top_left_aug_1278_4.jpg,lr_00442_top_left.jpg,4
lr_00442_top_left_aug_1369_4.jpg,lr_00442_top_left.jpg,4
lr_00442_top_left_aug_1415_4.jpg,lr_00442_top_left.jpg,4
lr_00442_top_left_aug_1432_4.jpg,lr_00442_top_left.jpg,4
lr_00442_top_left_aug_191_4.jpg,lr_00442_top_left.jpg,4
lr_00442_top_left_aug_308_4.jpg,lr_00442_top_left.jpg,4
lr_00442_top_left_aug_405_4.jpg,lr_00442_top_left.jpg,4
lr_00442_top_left_aug_521_4.jpg,lr_00442_top_left.jpg,4
lr_00442_top_left_aug_52_4.jpg,lr_00442_top_left.jpg,4
lr_00442_top_left_aug_569_4.jpg,lr_00442_top_left.jpg,4
lr_00442_top_left_aug_601_4.jpg,lr_00442_top_left.jpg,4
lr_00442_top_left_aug_719_4.jpg,lr_00442_top_left.jpg,4
lr_00442_top_left_aug_90_4.jpg,lr_00442_top_left.jpg,4
lr_00442_top_left_aug_920_4.jpg,lr_00442_top_left.jpg,4
lr_00442_top_left_aug_925_4.jpg,lr_00442_top_left.jpg,4
lr_00445_bottom_left_aug_1166_4.jpg,lr_00445_bottom_left.jpg,4
lr_00445_bottom_left_aug_1309_4.jpg,lr_00445_bottom_left.jpg,4
lr_00445_bottom_left_aug_1500_4.jpg,lr_00445_bottom_left.jpg,4
lr_00445_bottom_left_aug_1575_4.jpg,lr_00445_bottom_left.jpg,4
lr_00445_bottom_left_aug_340_4.jpg,lr_00445_bottom_left.jpg,4
lr_00445_bottom_left_aug_501_4.jpg,lr_00445_bottom_left.jpg,4
lr_00445_bottom_left_aug_615_4.jpg,lr_00445_bottom_left.jpg,4
lr_00445_bottom_left_aug_762_4.jpg,lr_00445_bottom_left.jpg,4
lr_00445_bottom_left_aug_783_4.jpg,lr_00445_bottom_left.jpg,4
lr_00445_bottom_left_aug_873_4.jpg,lr_00445_bottom_left.jpg,4
lr_00445_bottom_left_aug_924_4.jpg,lr_00445_bottom_left.jpg,4
lr_00445_bottom_left_aug_996_4.jpg,lr_00445_bottom_left.jpg,4
lr_00445_top_left_aug_1061_4.jpg,lr_00445_top_left.jpg,4
lr_00445_top_left_aug_1068_4.jpg,lr_00445_top_left.jpg,4
lr_00445_top_left_aug_1134_4.jpg,lr_00445_top_left.jpg,4
lr_00445_top_left_aug_1135_4.jpg,lr_00445_top_left.jpg,4
lr_00445_top_left_aug_1548_4.jpg,lr_00445_top_left.jpg,4
lr_00445_top_left_aug_155_4.jpg,lr_00445_top_left.jpg,4
lr_00445_top_left_aug_15_4.jpg,lr_00445_top_left.jpg,4
lr_00445_top_left_aug_216_4.jpg,lr_00445_top_left.jpg,4
lr_00445_top_left_aug_316_4.jpg,lr_00445_top_left.jpg,4
lr_00445_top_left_aug_332_4.jpg,lr_00445_top_left.jpg,4
lr_00445_top_left_aug_464_4.jpg,lr_00445_top_left.jpg,4
lr_00445_top_left_aug_678_4.jpg,lr_00445_top_left.jpg,4
lr_00445_top_left_aug_820_4.jpg,lr_00445_top_left.jpg,4
lr_00445_top_left_aug_83_4.jpg,lr_00445_top_left.jpg,4
lr_00445_top_left_aug_852_4.jpg,lr_00445_top_left.jpg,4
lr_00445_top_left_aug_871_4.jpg,lr_00445_top_left.jpg,4
lr_00445_top_left_aug_985_4.jpg,lr_00445_top_left.jpg,4
lr_00445_top_right_aug_1204_4.jpg,lr_00445_top_right.jpg,4
lr_00445_top_right_aug_1458_4.jpg,lr_00445_top_right.jpg,4
lr_00445_top_right_aug_1469_4.jpg,lr_00445_top_right.jpg,4
lr_00445_top_right_aug_153_4.jpg,lr_00445_top_right.jpg,4
lr_00445_top_right_aug_165_4.jpg,lr_00445_top_right.jpg,4
lr_00445_top_right_aug_224_4.jpg,lr_00445_top_right.jpg,4
lr_00445_top_right_aug_295_4.jpg,lr_00445_top_right.jpg,4
lr_00445_top_right_aug_367_4.jpg,lr_00445_top_right.jpg,4
lr_00445_top_right_aug_605_4.jpg,lr_00445_top_right.jpg,4
lr_00445_top_right_aug_87_4.jpg,lr_00445_top_right.jpg,4
lr_00445_top_right_aug_962_4.jpg,lr_00445_top_right.jpg,4
lr_00448_bottom_right_aug_1286_4.jpg,lr_00448_bottom_right.jpg,4
lr_00448_bottom_right_aug_1331_4.jpg,lr_00448_bottom_right.jpg,4
lr_00448_bottom_right_aug_1435_4.jpg,lr_00448_bottom_right.jpg,4
lr_00448_bottom_right_aug_1456_4.jpg,lr_00448_bottom_right.jpg,4
lr_00448_bottom_right_aug_1546_4.jpg,lr_00448_bottom_right.jpg,4
lr_00448_bottom_right_aug_250_4.jpg,lr_00448_bottom_right.jpg,4
lr_00448_bottom_right_aug_281_4.jpg,lr_00448_bottom_right.jpg,4
lr_00448_bottom_right_aug_427_4.jpg,lr_00448_bottom_right.jpg,4
lr_00448_bottom_right_aug_544_4.jpg,lr_00448_bottom_right.jpg,4
lr_00448_bottom_right_aug_587_4.jpg,lr_00448_bottom_right.jpg,4
lr_00448_bottom_right_aug_76_4.jpg,lr_00448_bottom_right.jpg,4
lr_00448_bottom_right_aug_908_4.jpg,lr_00448_bottom_right.jpg,4
lr_00449_bottom_right_aug_1000_4.jpg,lr_00449_bottom_right.jpg,4
lr_00449_bottom_right_aug_1120_4.jpg,lr_00449_bottom_right.jpg,4
lr_00449_bottom_right_aug_1260_4.jpg,lr_00449_bottom_right.jpg,4
lr_00449_bottom_right_aug_326_4.jpg,lr_00449_bottom_right.jpg,4
lr_00449_bottom_right_aug_352_4.jpg,lr_00449_bottom_right.jpg,4
lr_00449_bottom_right_aug_426_4.jpg,lr_00449_bottom_right.jpg,4
lr_00449_bottom_right_aug_45_4.jpg,lr_00449_bottom_right.jpg,4
lr_00449_bottom_right_aug_59_4.jpg,lr_00449_bottom_right.jpg,4
lr_00449_bottom_right_aug_620_4.jpg,lr_00449_bottom_right.jpg,4
lr_00449_bottom_right_aug_696_4.jpg,lr_00449_bottom_right.jpg,4
lr_00449_bottom_right_aug_910_4.jpg,lr_00449_bottom_right.jpg,4
lr_00449_top_left_aug_151_4.jpg,lr_00449_top_left.jpg,4
lr_00449_top_left_aug_1579_4.jpg,lr_00449_top_left.jpg,4
lr_00449_top_left_aug_221_4.jpg,lr_00449_top_left.jpg,4
lr_00449_top_left_aug_322_4.jpg,lr_00449_top_left.jpg,4
lr_00449_top_left_aug_499_4.jpg,lr_00449_top_left.jpg,4
lr_00449_top_left_aug_618_4.jpg,lr_00449_top_left.jpg,4
lr_00449_top_left_aug_632_4.jpg,lr_00449_top_left.jpg,4
lr_00450_bottom_right_aug_101_4.jpg,lr_00450_bottom_right.jpg,4
lr_00450_bottom_right_aug_1064_4.jpg,lr_00450_bottom_right.jpg,4
lr_00450_bottom_right_aug_1130_4.jpg,lr_00450_bottom_right.jpg,4
lr_00450_bottom_right_aug_1195_4.jpg,lr_00450_bottom_right.jpg,4
lr_00450_bottom_right_aug_1507_4.jpg,lr_00450_bottom_right.jpg,4
lr_00450_bottom_right_aug_1539_4.jpg,lr_00450_bottom_right.jpg,4
lr_00450_bottom_right_aug_1608_4.jpg,lr_00450_bottom_right.jpg,4
lr_00450_bottom_right_aug_297_4.jpg,lr_00450_bottom_right.jpg,4
lr_00450_bottom_right_aug_365_4.jpg,lr_00450_bottom_right.jpg,4
lr_00450_bottom_right_aug_481_4.jpg,lr_00450_bottom_right.jpg,4
lr_00450_bottom_right_aug_596_4.jpg,lr_00450_bottom_right.jpg,4
lr_00450_bottom_right_aug_771_4.jpg,lr_00450_bottom_right.jpg,4
lr_00450_bottom_right_aug_880_4.jpg,lr_00450_bottom_right.jpg,4
lr_00450_bottom_right_aug_902_4.jpg,lr_00450_bottom_right.jpg,4
lr_00450_bottom_right_aug_938_4.jpg,lr_00450_bottom_right.jpg,4
lr_00450_bottom_right_aug_93_4.jpg,lr_00450_bottom_right.jpg,4
lr_00450_top_left_aug_108_4.jpg,lr_00450_top_left.jpg,4
lr_00450_top_left_aug_1281_4.jpg,lr_00450_top_left.jpg,4
lr_00450_top_left_aug_1586_4.jpg,lr_00450_top_left.jpg,4
lr_00450_top_left_aug_345_4.jpg,lr_00450_top_left.jpg,4
lr_00450_top_left_aug_523_4.jpg,lr_00450_top_left.jpg,4
lr_00450_top_left_aug_527_4.jpg,lr_00450_top_left.jpg,4
lr_00450_top_left_aug_643_4.jpg,lr_00450_top_left.jpg,4
lr_00450_top_left_aug_684_4.jpg,lr_00450_top_left.jpg,4
lr_00450_top_left_aug_77_4.jpg,lr_00450_top_left.jpg,4
lr_00450_top_left_aug_940_4.jpg,lr_00450_top_left.jpg,4
lr_00450_top_left_aug_941_4.jpg,lr_00450_top_left.jpg,4
lr_00450_top_right_aug_1209_4.jpg,lr_00450_top_right.jpg,4
lr_00450_top_right_aug_1270_4.jpg,lr_00450_top_right.jpg,4
lr_00450_top_right_aug_1381_4.jpg,lr_00450_top_right.jpg,4
lr_00450_top_right_aug_1501_4.jpg,lr_00450_top_right.jpg,4
lr_00450_top_right_aug_197_4.jpg,lr_00450_top_right.jpg,4
lr_00450_top_right_aug_287_4.jpg,lr_00450_top_right.jpg,4
lr_00450_top_right_aug_418_4.jpg,lr_00450_top_right.jpg,4
lr_00450_top_right_aug_528_4.jpg,lr_00450_top_right.jpg,4
lr_00450_top_right_aug_594_4.jpg,lr_00450_top_right.jpg,4
lr_00450_top_right_aug_793_4.jpg,lr_00450_top_right.jpg,4
lr_00450_top_right_aug_830_4.jpg,lr_00450_top_right.jpg,4
lr_00450_top_right_aug_863_4.jpg,lr_00450_top_right.jpg,4
lr_00451_bottom_left_aug_1246_4.jpg,lr_00451_bottom_left.jpg,4
lr_00451_bottom_left_aug_1254_4.jpg,lr_00451_bottom_left.jpg,4
lr_00451_bottom_left_aug_1426_4.jpg,lr_00451_bottom_left.jpg,4
lr_00451_bottom_left_aug_1448_4.jpg,lr_00451_bottom_left.jpg,4
lr_00451_bottom_left_aug_1537_4.jpg,lr_00451_bottom_left.jpg,4
lr_00451_bottom_left_aug_1554_4.jpg,lr_00451_bottom_left.jpg,4
lr_00451_bottom_left_aug_1621_4.jpg,lr_00451_bottom_left.jpg,4
lr_00451_bottom_left_aug_1625_4.jpg,lr_00451_bottom_left.jpg,4
lr_00451_bottom_left_aug_249_4.jpg,lr_00451_bottom_left.jpg,4
lr_00451_bottom_left_aug_330_4.jpg,lr_00451_bottom_left.jpg,4
lr_00451_bottom_left_aug_408_4.jpg,lr_00451_bottom_left.jpg,4
lr_00451_bottom_left_aug_471_4.jpg,lr_00451_bottom_left.jpg,4
lr_00451_bottom_left_aug_573_4.jpg,lr_00451_bottom_left.jpg,4
lr_00451_bottom_left_aug_593_4.jpg,lr_00451_bottom_left.jpg,4
lr_00490_bottom_right_aug_1384_0.jpg,lr_00490_bottom_right.jpg,0
lr_00490_bottom_right_aug_1399_0.jpg,lr_00490_bottom_right.jpg,0
lr_00490_bottom_right_aug_1436_0.jpg,lr_00490_bottom_right.jpg,0
lr_00490_bottom_right_aug_343_0.jpg,lr_00490_bottom_right.jpg,0
lr_00490_bottom_right_aug_554_0.jpg,lr_00490_bottom_right.jpg,0
lr_00490_bottom_right_aug_802_0.jpg,lr_00490_bottom_right.jpg,0
lr_00493_bottom_right_aug_1285_0.jpg,lr_00493_bottom_right.jpg,0
lr_00493_bottom_right_aug_1388_0.jpg,lr_00493_bottom_right.jpg,0
lr_00493_bottom_right_aug_1449_0.jpg,lr_00493_bottom_right.jpg,0
lr_00493_bottom_right_aug_154_0.jpg,lr_00493_bottom_right.jpg,0
lr_00493_bottom_right_aug_497_0.jpg,lr_00493_bottom_right.jpg,0
lr_00493_bottom_right_aug_619_0.jpg,lr_00493_bottom_right.jpg,0
lr_00493_bottom_right_aug_734_0.jpg,lr_00493_bottom_right.jpg,0
lr_00494_bottom_right_aug_1307_0.jpg,lr_00494_bottom_right.jpg,0
lr_00494_bottom_right_aug_303_0.jpg,lr_00494_bottom_right.jpg,0
lr_00494_bottom_right_aug_459_0.jpg,lr_00494_bottom_right.jpg,0
lr_00494_bottom_right_aug_466_0.jpg,lr_00494_bottom_right.jpg,0
lr_00494_bottom_right_aug_687_0.jpg,lr_00494_bottom_right.jpg,0
lr_00495_top_left_aug_1295_0.jpg,lr_00495_top_left.jpg,0
lr_00495_top_left_aug_1313_0.jpg,lr_00495_top_left.jpg,0
lr_00495_top_left_aug_1345_0.jpg,lr_00495_top_left.jpg,0
lr_00495_top_left_aug_378_0.jpg,lr_00495_top_left.jpg,0
lr_00495_top_left_aug_803_0.jpg,lr_00495_top_left.jpg,0
lr_00495_top_right_aug_1153_3.jpg,lr_00495_top_right.jpg,3
lr_00495_top_right_aug_12_3.jpg,lr_00495_top_right.jpg,3
lr_00495_top_right_aug_1376_3.jpg,lr_00495_top_right.jpg,3
lr_00495_top_right_aug_1396_3.jpg,lr_00495_top_right.jpg,3
lr_00495_top_right_aug_1405_3.jpg,lr_00495_top_right.jpg,3
lr_00495_top_right_aug_1420_3.jpg,lr_00495_top_right.jpg,3
lr_00495_top_right_aug_1693_3.jpg,lr_00495_top_right.jpg,3
lr_00495_top_right_aug_222_3.jpg,lr_00495_top_right.jpg,3
lr_00495_top_right_aug_307_3.jpg,lr_00495_top_right.jpg,3
lr_00495_top_right_aug_340_3.jpg,lr_00495_top_right.jpg,3
lr_00495_top_right_aug_367_3.jpg,lr_00495_top_right.jpg,3
lr_00495_top_right_aug_407_3.jpg,lr_00495_top_right.jpg,3
lr_00495_top_right_aug_48_3.jpg,lr_00495_top_right.jpg,3
lr_00495_top_right_aug_54_3.jpg,lr_00495_top_right.jpg,3
lr_00495_top_right_aug_569_3.jpg,lr_00495_top_right.jpg,3
lr_00495_top_right_aug_74_3.jpg,lr_00495_top_right.jpg,3
lr_00495_top_right_aug_815_3.jpg,lr_00495_top_right.jpg,3
lr_00495_top_right_aug_895_3.jpg,lr_00495_top_right.jpg,3
lr_00495_top_right_aug_8_3.jpg,lr_00495_top_right.jpg,3
lr_00501_bottom_right_aug_1040_0.jpg,lr_00501_bottom_right.jpg,0
lr_00501_bottom_right_aug_1169_0.jpg,lr_00501_bottom_right.jpg,0
lr_00501_bottom_right_aug_1318_0.jpg,lr_00501_bottom_right.jpg,0
lr_00501_bottom_right_aug_1480_0.jpg,lr_00501_bottom_right.jpg,0
lr_00501_bottom_right_aug_314_0.jpg,lr_00501_bottom_right.jpg,0
lr_00501_bottom_right_aug_471_0.jpg,lr_00501_bottom_right.jpg,0
lr_00501_bottom_right_aug_504_0.jpg,lr_00501_bottom_right.jpg,0
lr_00501_bottom_right_aug_540_0.jpg,lr_00501_bottom_right.jpg,0
lr_00501_bottom_right_aug_89_0.jpg,lr_00501_bottom_right.jpg,0
lr_00501_top_left_aug_1104_0.jpg,lr_00501_top_left.jpg,0
lr_00501_top_left_aug_537_0.jpg,lr_00501_top_left.jpg,0
lr_00508_top_right_aug_1108_3.jpg,lr_00508_top_right.jpg,3
lr_00508_top_right_aug_119_3.jpg,lr_00508_top_right.jpg,3
lr_00508_top_right_aug_1210_3.jpg,lr_00508_top_right.jpg,3
lr_00508_top_right_aug_1310_3.jpg,lr_00508_top_right.jpg,3
lr_00508_top_right_aug_1472_3.jpg,lr_00508_top_right.jpg,3
lr_00508_top_right_aug_1483_3.jpg,lr_00508_top_right.jpg,3
lr_00508_top_right_aug_14_3.jpg,lr_00508_top_right.jpg,3
lr_00508_top_right_aug_1562_3.jpg,lr_00508_top_right.jpg,3
lr_00508_top_right_aug_1583_3.jpg,lr_00508_top_right.jpg,3
lr_00508_top_right_aug_218_3.jpg,lr_00508_top_right.jpg,3
lr_00508_top_right_aug_341_3.jpg,lr_00508_top_right.jpg,3
lr_00508_top_right_aug_445_3.jpg,lr_00508_top_right.jpg,3
lr_00508_top_right_aug_480_3.jpg,lr_00508_top_right.jpg,3
lr_00508_top_right_aug_483_3.jpg,lr_00508_top_right.jpg,3
lr_00508_top_right_aug_500_3.jpg,lr_00508_top_right.jpg,3
lr_00508_top_right_aug_517_3.jpg,lr_00508_top_right.jpg,3
lr_00508_top_right_aug_591_3.jpg,lr_00508_top_right.jpg,3
lr_00508_top_right_aug_645_3.jpg,lr_00508_top_right.jpg,3
lr_00508_top_right_aug_717_3.jpg,lr_00508_top_right.jpg,3
lr_00508_top_right_aug_924_3.jpg,lr_00508_top_right.jpg,3
lr_00508_top_right_aug_993_3.jpg,lr_00508_top_right.jpg,3
lr_00520_bottom_left_aug_1016_3.jpg,lr_00520_bottom_left.jpg,3
lr_00520_bottom_left_aug_1061_3.jpg,lr_00520_bottom_left.jpg,3
lr_00520_bottom_left_aug_116_3.jpg,lr_00520_bottom_left.jpg,3
lr_00520_bottom_left_aug_1374_3.jpg,lr_00520_bottom_left.jpg,3
lr_00520_bottom_left_aug_1385_3.jpg,lr_00520_bottom_left.jpg,3
lr_00520_bottom_left_aug_1388_3.jpg,lr_00520_bottom_left.jpg,3
lr_00520_bottom_left_aug_1476_3.jpg,lr_00520_bottom_left.jpg,3
lr_00520_bottom_left_aug_1489_3.jpg,lr_00520_bottom_left.jpg,3
lr_00520_bottom_left_aug_1522_3.jpg,lr_00520_bottom_left.jpg,3
lr_00520_bottom_left_aug_1526_3.jpg,lr_00520_bottom_left.jpg,3
lr_00520_bottom_left_aug_1573_3.jpg,lr_00520_bottom_left.jpg,3
lr_00520_bottom_left_aug_159_3.jpg,lr_00520_bottom_left.jpg,3
lr_00520_bottom_left_aug_1645_3.jpg,lr_00520_bottom_left.jpg,3
lr_00520_bottom_left_aug_1647_3.jpg,lr_00520_bottom_left.jpg,3
lr_00520_bottom_left_aug_188_3.jpg,lr_00520_bottom_left.jpg,3
lr_00520_bottom_left_aug_212_3.jpg,lr_00520_bottom_left.jpg,3
lr_00520_bottom_left_aug_265_3.jpg,lr_00520_bottom_left.jpg,3
lr_00520_bottom_left_aug_430_3.jpg,lr_00520_bottom_left.jpg,3
lr_00520_bottom_left_aug_459_3.jpg,lr_00520_bottom_left.jpg,3
lr_00520_bottom_left_aug_538_3.jpg,lr_00520_bottom_left.jpg,3
lr_00520_bottom_left_aug_5_3.jpg,lr_00520_bottom_left.jpg,3
lr_00520_bottom_left_aug_701_3.jpg,lr_00520_bottom_left.jpg,3
lr_00520_bottom_left_aug_751_3.jpg,lr_00520_bottom_left.jpg,3
lr_00520_bottom_left_aug_814_3.jpg,lr_00520_bottom_left.jpg,3
lr_00520_bottom_left_aug_887_3.jpg,lr_00520_bottom_left.jpg,3
lr_00520_bottom_left_aug_979_3.jpg,lr_00520_bottom_left.jpg,3
lr_00522_top_right_aug_1111_0.jpg,lr_00522_top_right.jpg,0
lr_00522_top_right_aug_1503_0.jpg,lr_00522_top_right.jpg,0
lr_00522_top_right_aug_427_0.jpg,lr_00522_top_right.jpg,0
lr_00522_top_right_aug_608_0.jpg,lr_00522_top_right.jpg,0
lr_00522_top_right_aug_811_0.jpg,lr_00522_top_right.jpg,0
lr_00523_bottom_right_aug_1069_0.jpg,lr_00523_bottom_right.jpg,0
lr_00523_bottom_right_aug_1098_0.jpg,lr_00523_bottom_right.jpg,0
lr_00523_bottom_right_aug_1158_0.jpg,lr_00523_bottom_right.jpg,0
lr_00523_bottom_right_aug_133_0.jpg,lr_00523_bottom_right.jpg,0
lr_00523_bottom_right_aug_367_0.jpg,lr_00523_bottom_right.jpg,0
lr_00523_bottom_right_aug_51_0.jpg,lr_00523_bottom_right.jpg,0
lr_00523_bottom_right_aug_753_0.jpg,lr_00523_bottom_right.jpg,0
lr_00524_top_left_aug_1068_0.jpg,lr_00524_top_left.jpg,0
lr_00524_top_left_aug_1140_0.jpg,lr_00524_top_left.jpg,0
lr_00524_top_left_aug_1304_0.jpg,lr_00524_top_left.jpg,0
lr_00524_top_left_aug_141_0.jpg,lr_00524_top_left.jpg,0
lr_00524_top_left_aug_701_0.jpg,lr_00524_top_left.jpg,0
lr_00524_top_left_aug_833_0.jpg,lr_00524_top_left.jpg,0
lr_00525_top_left_aug_1037_0.jpg,lr_00525_top_left.jpg,0
lr_00525_top_left_aug_1204_0.jpg,lr_00525_top_left.jpg,0
lr_00525_top_left_aug_1279_0.jpg,lr_00525_top_left.jpg,0
lr_00525_top_left_aug_1332_0.jpg,lr_00525_top_left.jpg,0
lr_00525_top_left_aug_379_0.jpg,lr_00525_top_left.jpg,0
lr_00525_top_left_aug_665_0.jpg,lr_00525_top_left.jpg,0
lr_00525_top_left_aug_873_0.jpg,lr_00525_top_left.jpg,0
lr_00527_bottom_left_aug_1015_3.jpg,lr_00527_bottom_left.jpg,3
lr_00527_bottom_left_aug_1021_0.jpg,lr_00527_bottom_left.jpg,0
lr_00527_bottom_left_aug_1047_0.jpg,lr_00527_bottom_left.jpg,0
lr_00527_bottom_left_aug_1056_0.jpg,lr_00527_bottom_left.jpg,0
lr_00527_bottom_left_aug_1064_0.jpg,lr_00527_bottom_left.jpg,0
lr_00527_bottom_left_aug_1083_3.jpg,lr_00527_bottom_left.jpg,3
lr_00527_bottom_left_aug_1127_0.jpg,lr_00527_bottom_left.jpg,0
lr_00527_bottom_left_aug_1144_3.jpg,lr_00527_bottom_left.jpg,3
lr_00527_bottom_left_aug_1190_0.jpg,lr_00527_bottom_left.jpg,0
lr_00527_bottom_left_aug_1194_0.jpg,lr_00527_bottom_left.jpg,0
lr_00527_bottom_left_aug_1207_0.jpg,lr_00527_bottom_left.jpg,0
lr_00527_bottom_left_aug_1240_0.jpg,lr_00527_bottom_left.jpg,0
lr_00527_bottom_left_aug_1244_0.jpg,lr_00527_bottom_left.jpg,0
lr_00527_bottom_left_aug_1305_3.jpg,lr_00527_bottom_left.jpg,3
lr_00527_bottom_left_aug_207_0.jpg,lr_00527_bottom_left.jpg,0
lr_00527_bottom_left_aug_399_0.jpg,lr_00527_bottom_left.jpg,0
lr_00527_bottom_left_aug_453_3.jpg,lr_00527_bottom_left.jpg,3
lr_00527_bottom_left_aug_474_3.jpg,lr_00527_bottom_left.jpg,3
lr_00527_bottom_left_aug_590_3.jpg,lr_00527_bottom_left.jpg,3
lr_00527_bottom_left_aug_794_0.jpg,lr_00527_bottom_left.jpg,0
lr_00527_bottom_left_aug_859_3.jpg,lr_00527_bottom_left.jpg,3
lr_00527_bottom_left_aug_882_3.jpg,lr_00527_bottom_left.jpg,3
lr_00527_bottom_right_aug_1040_3.jpg,lr_00527_bottom_right.jpg,3
lr_00527_bottom_right_aug_1136_3.jpg,lr_00527_bottom_right.jpg,3
lr_00527_bottom_right_aug_1165_0.jpg,lr_00527_bottom_right.jpg,0
lr_00527_bottom_right_aug_1176_3.jpg,lr_00527_bottom_right.jpg,3
lr_00527_bottom_right_aug_1183_3.jpg,lr_00527_bottom_right.jpg,3
lr_00527_bottom_right_aug_1197_0.jpg,lr_00527_bottom_right.jpg,0
lr_00527_bottom_right_aug_1293_0.jpg,lr_00527_bottom_right.jpg,0
lr_00527_bottom_right_aug_1322_3.jpg,lr_00527_bottom_right.jpg,3
lr_00527_bottom_right_aug_1431_0.jpg,lr_00527_bottom_right.jpg,0
lr_00527_bottom_right_aug_1440_3.jpg,lr_00527_bottom_right.jpg,3
lr_00527_bottom_right_aug_1518_3.jpg,lr_00527_bottom_right.jpg,3
lr_00527_bottom_right_aug_1542_3.jpg,lr_00527_bottom_right.jpg,3
lr_00527_bottom_right_aug_1547_3.jpg,lr_00527_bottom_right.jpg,3
lr_00527_bottom_right_aug_154_3.jpg,lr_00527_bottom_right.jpg,3
lr_00527_bottom_right_aug_1633_3.jpg,lr_00527_bottom_right.jpg,3
lr_00527_bottom_right_aug_1681_3.jpg,lr_00527_bottom_right.jpg,3
lr_00527_bottom_right_aug_1689_3.jpg,lr_00527_bottom_right.jpg,3
lr_00527_bottom_right_aug_209_0.jpg,lr_00527_bottom_right.jpg,0
lr_00527_bottom_right_aug_219_0.jpg,lr_00527_bottom_right.jpg,0
lr_00527_bottom_right_aug_268_3.jpg,lr_00527_bottom_right.jpg,3
lr_00527_bottom_right_aug_272_3.jpg,lr_00527_bottom_right.jpg,3
lr_00527_bottom_right_aug_516_3.jpg,lr_00527_bottom_right.jpg,3
lr_00527_bottom_right_aug_521_0.jpg,lr_00527_bottom_right.jpg,0
lr_00527_bottom_right_aug_647_3.jpg,lr_00527_bottom_right.jpg,3
lr_00527_bottom_right_aug_804_3.jpg,lr_00527_bottom_right.jpg,3
lr_00527_bottom_right_aug_890_3.jpg,lr_00527_bottom_right.jpg,3
lr_00527_bottom_right_aug_903_3.jpg,lr_00527_bottom_right.jpg,3
lr_00527_top_left_aug_115_3.jpg,lr_00527_top_left.jpg,3
lr_00527_top_left_aug_1221_0.jpg,lr_00527_top_left.jpg,0
lr_00527_top_left_aug_1235_3.jpg,lr_00527_top_left.jpg,3
lr_00527_top_left_aug_127_3.jpg,lr_00527_top_left.jpg,3
lr_00527_top_left_aug_1355_3.jpg,lr_00527_top_left.jpg,3
lr_00527_top_left_aug_1502_3.jpg,lr_00527_top_left.jpg,3
lr_00527_top_left_aug_1566_3.jpg,lr_00527_top_left.jpg,3
lr_00527_top_left_aug_1569_3.jpg,lr_00527_top_left.jpg,3
lr_00527_top_left_aug_178_0.jpg,lr_00527_top_left.jpg,0
lr_00527_top_left_aug_213_3.jpg,lr_00527_top_left.jpg,3
lr_00527_top_left_aug_225_3.jpg,lr_00527_top_left.jpg,3
lr_00527_top_left_aug_369_3.jpg,lr_00527_top_left.jpg,3
lr_00527_top_left_aug_384_0.jpg,lr_00527_top_left.jpg,0
lr_00527_top_left_aug_403_3.jpg,lr_00527_top_left.jpg,3
lr_00527_top_left_aug_432_3.jpg,lr_00527_top_left.jpg,3
lr_00527_top_left_aug_441_3.jpg,lr_00527_top_left.jpg,3
lr_00527_top_left_aug_589_3.jpg,lr_00527_top_left.jpg,3
lr_00527_top_left_aug_641_3.jpg,lr_00527_top_left.jpg,3
lr_00527_top_left_aug_654_0.jpg,lr_00527_top_left.jpg,0
lr_00527_top_left_aug_684_3.jpg,lr_00527_top_left.jpg,3
lr_00527_top_left_aug_696_3.jpg,lr_00527_top_left.jpg,3
lr_00527_top_left_aug_906_3.jpg,lr_00527_top_left.jpg,3
lr_00528_bottom_right_aug_1126_3.jpg,lr_00528_bottom_right.jpg,3
lr_00528_bottom_right_aug_1223_3.jpg,lr_00528_bottom_right.jpg,3
lr_00528_bottom_right_aug_1251_3.jpg,lr_00528_bottom_right.jpg,3
lr_00528_bottom_right_aug_1372_3.jpg,lr_00528_bottom_right.jpg,3
lr_00528_bottom_right_aug_1529_3.jpg,lr_00528_bottom_right.jpg,3
lr_00528_bottom_right_aug_158_0.jpg,lr_00528_bottom_right.jpg,0
lr_00528_bottom_right_aug_1640_3.jpg,lr_00528_bottom_right.jpg,3
lr_00528_bottom_right_aug_166_3.jpg,lr_00528_bottom_right.jpg,3
lr_00528_bottom_right_aug_172_0.jpg,lr_00528_bottom_right.jpg,0
lr_00528_bottom_right_aug_34_3.jpg,lr_00528_bottom_right.jpg,3
lr_00528_bottom_right_aug_354_3.jpg,lr_00528_bottom_right.jpg,3
lr_00528_bottom_right_aug_377_3.jpg,lr_00528_bottom_right.jpg,3
lr_00528_bottom_right_aug_552_3.jpg,lr_00528_bottom_right.jpg,3
lr_00528_bottom_right_aug_697_0.jpg,lr_00528_bottom_right.jpg,0
lr_00528_bottom_right_aug_6_3.jpg,lr_00528_bottom_right.jpg,3
lr_00528_bottom_right_aug_704_3.jpg,lr_00528_bottom_right.jpg,3
lr_00528_bottom_right_aug_728_3.jpg,lr_00528_bottom_right.jpg,3
lr_00528_bottom_right_aug_875_3.jpg,lr_00528_bottom_right.jpg,3
lr_00528_bottom_right_aug_889_0.jpg,lr_00528_bottom_right.jpg,0
lr_00528_bottom_right_aug_88_0.jpg,lr_00528_bottom_right.jpg,0
lr_00528_bottom_right_aug_904_0.jpg,lr_00528_bottom_right.jpg,0
lr_00528_top_right_aug_1267_0.jpg,lr_00528_top_right.jpg,0
lr_00528_top_right_aug_496_0.jpg,lr_00528_top_right.jpg,0
lr_00528_top_right_aug_543_0.jpg,lr_00528_top_right.jpg,0
lr_00528_top_right_aug_670_0.jpg,lr_00528_top_right.jpg,0
lr_00528_top_right_aug_805_0.jpg,lr_00528_top_right.jpg,0
lr_00529_top_left_aug_1050_3.jpg,lr_00529_top_left.jpg,3
lr_00529_top_left_aug_1233_3.jpg,lr_00529_top_left.jpg,3
lr_00529_top_left_aug_1377_3.jpg,lr_00529_top_left.jpg,3
lr_00529_top_left_aug_1411_3.jpg,lr_00529_top_left.jpg,3
lr_00529_top_left_aug_1462_3.jpg,lr_00529_top_left.jpg,3
lr_00529_top_left_aug_282_3.jpg,lr_00529_top_left.jpg,3
lr_00529_top_left_aug_285_3.jpg,lr_00529_top_left.jpg,3
lr_00529_top_left_aug_31_3.jpg,lr_00529_top_left.jpg,3
lr_00529_top_left_aug_356_3.jpg,lr_00529_top_left.jpg,3
lr_00529_top_left_aug_386_3.jpg,lr_00529_top_left.jpg,3
lr_00529_top_left_aug_435_3.jpg,lr_00529_top_left.jpg,3
lr_00529_top_left_aug_493_3.jpg,lr_00529_top_left.jpg,3
lr_00529_top_left_aug_533_3.jpg,lr_00529_top_left.jpg,3
lr_00529_top_left_aug_574_3.jpg,lr_00529_top_left.jpg,3
lr_00529_top_left_aug_810_3.jpg,lr_00529_top_left.jpg,3
lr_00532_bottom_left_aug_1126_0.jpg,lr_00532_bottom_left.jpg,0
lr_00532_bottom_left_aug_1270_0.jpg,lr_00532_bottom_left.jpg,0
lr_00532_bottom_left_aug_1361_0.jpg,lr_00532_bottom_left.jpg,0
lr_00535_bottom_right_aug_1027_3.jpg,lr_00535_bottom_right.jpg,3
lr_00535_bottom_right_aug_1154_3.jpg,lr_00535_bottom_right.jpg,3
lr_00535_bottom_right_aug_1181_3.jpg,lr_00535_bottom_right.jpg,3
lr_00535_bottom_right_aug_1196_3.jpg,lr_00535_bottom_right.jpg,3
lr_00535_bottom_right_aug_1203_3.jpg,lr_00535_bottom_right.jpg,3
lr_00535_bottom_right_aug_1207_3.jpg,lr_00535_bottom_right.jpg,3
lr_00535_bottom_right_aug_1361_3.jpg,lr_00535_bottom_right.jpg,3
lr_00535_bottom_right_aug_1395_3.jpg,lr_00535_bottom_right.jpg,3
lr_00535_bottom_right_aug_1418_3.jpg,lr_00535_bottom_right.jpg,3
lr_00535_bottom_right_aug_1496_0.jpg,lr_00535_bottom_right.jpg,0
lr_00535_bottom_right_aug_1582_3.jpg,lr_00535_bottom_right.jpg,3
lr_00535_bottom_right_aug_1630_3.jpg,lr_00535_bottom_right.jpg,3
lr_00535_bottom_right_aug_1674_3.jpg,lr_00535_bottom_right.jpg,3
lr_00535_bottom_right_aug_253_3.jpg,lr_00535_bottom_right.jpg,3
lr_00535_bottom_right_aug_297_0.jpg,lr_00535_bottom_right.jpg,0
lr_00535_bottom_right_aug_331_3.jpg,lr_00535_bottom_right.jpg,3
lr_00535_bottom_right_aug_339_3.jpg,lr_00535_bottom_right.jpg,3
lr_00535_bottom_right_aug_634_3.jpg,lr_00535_bottom_right.jpg,3
lr_00535_bottom_right_aug_859_0.jpg,lr_00535_bottom_right.jpg,0
lr_00535_bottom_right_aug_864_3.jpg,lr_00535_bottom_right.jpg,3
lr_00535_bottom_right_aug_867_0.jpg,lr_00535_bottom_right.jpg,0
lr_00535_bottom_right_aug_888_3.jpg,lr_00535_bottom_right.jpg,3
lr_00535_bottom_right_aug_99_3.jpg,lr_00535_bottom_right.jpg,3
r180_00001_bottom_right_aug_1255_0.jpg,r180_00001_bottom_right.jpg,0
r180_00001_bottom_right_aug_1475_0.jpg,r180_00001_bottom_right.jpg,0
r180_00001_bottom_right_aug_450_0.jpg,r180_00001_bottom_right.jpg,0
r180_00001_bottom_right_aug_45_0.jpg,r180_00001_bottom_right.jpg,0
r180_00001_bottom_right_aug_472_0.jpg,r180_00001_bottom_right.jpg,0
r180_00001_bottom_right_aug_885_0.jpg,r180_00001_bottom_right.jpg,0
r180_00001_top_right_aug_1257_0.jpg,r180_00001_top_right.jpg,0
r180_00001_top_right_aug_414_0.jpg,r180_00001_top_right.jpg,0
r180_00001_top_right_aug_617_0.jpg,r180_00001_top_right.jpg,0
r180_00001_top_right_aug_626_0.jpg,r180_00001_top_right.jpg,0
r180_00001_top_right_aug_806_0.jpg,r180_00001_top_right.jpg,0
r180_00001_top_right_aug_875_0.jpg,r180_00001_top_right.jpg,0
r180_00002_top_right_aug_1031_0.jpg,r180_00002_top_right.jpg,0
r180_00002_top_right_aug_1057_0.jpg,r180_00002_top_right.jpg,0
r180_00002_top_right_aug_1114_0.jpg,r180_00002_top_right.jpg,0
r180_00002_top_right_aug_1160_0.jpg,r180_00002_top_right.jpg,0
r180_00002_top_right_aug_1453_0.jpg,r180_00002_top_right.jpg,0
r180_00002_top_right_aug_60_0.jpg,r180_00002_top_right.jpg,0
r180_00002_top_right_aug_77_0.jpg,r180_00002_top_right.jpg,0
r180_00002_top_right_aug_967_0.jpg,r180_00002_top_right.jpg,0
r180_00003_bottom_right_aug_231_0.jpg,r180_00003_bottom_right.jpg,0
r180_00003_bottom_right_aug_448_0.jpg,r180_00003_bottom_right.jpg,0
r180_00003_bottom_right_aug_479_0.jpg,r180_00003_bottom_right.jpg,0
r180_00003_bottom_right_aug_535_0.jpg,r180_00003_bottom_right.jpg,0
r180_00003_bottom_right_aug_607_0.jpg,r180_00003_bottom_right.jpg,0
r180_00004_bottom_left_aug_130_0.jpg,r180_00004_bottom_left.jpg,0
r180_00004_bottom_left_aug_1479_0.jpg,r180_00004_bottom_left.jpg,0
r180_00004_bottom_left_aug_1517_0.jpg,r180_00004_bottom_left.jpg,0
r180_00004_bottom_left_aug_336_0.jpg,r180_00004_bottom_left.jpg,0
r180_00004_bottom_left_aug_447_0.jpg,r180_00004_bottom_left.jpg,0
r180_00004_bottom_left_aug_588_0.jpg,r180_00004_bottom_left.jpg,0
r180_00004_bottom_left_aug_722_0.jpg,r180_00004_bottom_left.jpg,0
r180_00004_bottom_right_aug_1216_0.jpg,r180_00004_bottom_right.jpg,0
r180_00004_bottom_right_aug_1397_0.jpg,r180_00004_bottom_right.jpg,0
r180_00004_bottom_right_aug_621_0.jpg,r180_00004_bottom_right.jpg,0
r180_00004_top_right_aug_1133_0.jpg,r180_00004_top_right.jpg,0
r180_00004_top_right_aug_233_0.jpg,r180_00004_top_right.jpg,0
r180_00004_top_right_aug_54_0.jpg,r180_00004_top_right.jpg,0
r180_00004_top_right_aug_632_0.jpg,r180_00004_top_right.jpg,0
r180_00004_top_right_aug_653_0.jpg,r180_00004_top_right.jpg,0
r180_00004_top_right_aug_732_0.jpg,r180_00004_top_right.jpg,0
r180_00004_top_right_aug_949_0.jpg,r180_00004_top_right.jpg,0
r180_00005_top_right_aug_1032_0.jpg,r180_00005_top_right.jpg,0
r180_00005_top_right_aug_1070_3.jpg,r180_00005_top_right.jpg,3
r180_00005_top_right_aug_1116_3.jpg,r180_00005_top_right.jpg,3
r180_00005_top_right_aug_1227_0.jpg,r180_00005_top_right.jpg,0
r180_00005_top_right_aug_1242_3.jpg,r180_00005_top_right.jpg,3
r180_00005_top_right_aug_1265_3.jpg,r180_00005_top_right.jpg,3
r180_00005_top_right_aug_1274_3.jpg,r180_00005_top_right.jpg,3
r180_00005_top_right_aug_1323_0.jpg,r180_00005_top_right.jpg,0
r180_00005_top_right_aug_13_3.jpg,r180_00005_top_right.jpg,3
r180_00005_top_right_aug_1485_3.jpg,r180_00005_top_right.jpg,3
r180_00005_top_right_aug_148_3.jpg,r180_00005_top_right.jpg,3
r180_00005_top_right_aug_1637_3.jpg,r180_00005_top_right.jpg,3
r180_00005_top_right_aug_1666_3.jpg,r180_00005_top_right.jpg,3
r180_00005_top_right_aug_1684_3.jpg,r180_00005_top_right.jpg,3
r180_00005_top_right_aug_183_3.jpg,r180_00005_top_right.jpg,3
r180_00005_top_right_aug_235_3.jpg,r180_00005_top_right.jpg,3
r180_00005_top_right_aug_329_3.jpg,r180_00005_top_right.jpg,3
r180_00005_top_right_aug_376_3.jpg,r180_00005_top_right.jpg,3
r180_00005_top_right_aug_392_3.jpg,r180_00005_top_right.jpg,3
r180_00005_top_right_aug_598_3.jpg,r180_00005_top_right.jpg,3
r180_00005_top_right_aug_600_3.jpg,r180_00005_top_right.jpg,3
r180_00005_top_right_aug_653_3.jpg,r180_00005_top_right.jpg,3
r180_00006_top_left_aug_1504_0.jpg,r180_00006_top_left.jpg,0
r180_00006_top_left_aug_203_0.jpg,r180_00006_top_left.jpg,0
r180_00006_top_left_aug_394_0.jpg,r180_00006_top_left.jpg,0
r180_00006_top_left_aug_439_0.jpg,r180_00006_top_left.jpg,0
r180_00006_top_left_aug_464_0.jpg,r180_00006_top_left.jpg,0
r180_00006_top_left_aug_693_0.jpg,r180_00006_top_left.jpg,0
r180_00007_top_left_aug_1103_0.jpg,r180_00007_top_left.jpg,0
r180_00007_top_left_aug_1212_0.jpg,r180_00007_top_left.jpg,0
r180_00007_top_left_aug_1277_0.jpg,r180_00007_top_left.jpg,0
r180_00007_top_left_aug_406_0.jpg,r180_00007_top_left.jpg,0
r180_00007_top_left_aug_660_0.jpg,r180_00007_top_left.jpg,0
r180_00007_top_left_aug_72_0.jpg,r180_00007_top_left.jpg,0
r180_00013_bottom_left_aug_1004_0.jpg,r180_00013_bottom_left.jpg,0
r180_00013_bottom_left_aug_1274_0.jpg,r180_00013_bottom_left.jpg,0
r180_00013_bottom_left_aug_1329_0.jpg,r180_00013_bottom_left.jpg,0
r180_00013_bottom_left_aug_1351_0.jpg,r180_00013_bottom_left.jpg,0
r180_00013_bottom_left_aug_1427_0.jpg,r180_00013_bottom_left.jpg,0
r180_00013_bottom_left_aug_494_0.jpg,r180_00013_bottom_left.jpg,0
r180_00013_bottom_left_aug_4_0.jpg,r180_00013_bottom_left.jpg,0
r180_00013_bottom_left_aug_689_0.jpg,r180_00013_bottom_left.jpg,0
r180_00013_bottom_left_aug_901_0.jpg,r180_00013_bottom_left.jpg,0
r180_00015_bottom_right_aug_1135_0.jpg,r180_00015_bottom_right.jpg,0
r180_00015_bottom_right_aug_1347_0.jpg,r180_00015_bottom_right.jpg,0
r180_00015_bottom_right_aug_29_0.jpg,r180_00015_bottom_right.jpg,0
r180_00015_bottom_right_aug_428_0.jpg,r180_00015_bottom_right.jpg,0
r180_00015_bottom_right_aug_555_0.jpg,r180_00015_bottom_right.jpg,0
r180_00015_bottom_right_aug_568_0.jpg,r180_00015_bottom_right.jpg,0
r180_00016_bottom_right_aug_232_0.jpg,r180_00016_bottom_right.jpg,0
r180_00017_bottom_right_aug_1294_0.jpg,r180_00017_bottom_right.jpg,0
r180_00017_bottom_right_aug_199_0.jpg,r180_00017_bottom_right.jpg,0
r180_00017_bottom_right_aug_721_0.jpg,r180_00017_bottom_right.jpg,0
r180_00017_bottom_right_aug_903_0.jpg,r180_00017_bottom_right.jpg,0
r180_00017_bottom_right_aug_999_0.jpg,r180_00017_bottom_right.jpg,0
r180_00018_bottom_right_aug_1035_0.jpg,r180_00018_bottom_right.jpg,0
r180_00018_bottom_right_aug_1280_0.jpg,r180_00018_bottom_right.jpg,0
r180_00018_bottom_right_aug_175_0.jpg,r180_00018_bottom_right.jpg,0
r180_00018_bottom_right_aug_527_0.jpg,r180_00018_bottom_right.jpg,0
r180_00018_bottom_right_aug_579_0.jpg,r180_00018_bottom_right.jpg,0
r180_00018_bottom_right_aug_746_0.jpg,r180_00018_bottom_right.jpg,0
r180_00018_bottom_right_aug_825_0.jpg,r180_00018_bottom_right.jpg,0
r180_00019_top_left_aug_138_0.jpg,r180_00019_top_left.jpg,0
r180_00019_top_left_aug_564_0.jpg,r180_00019_top_left.jpg,0
r180_00019_top_right_aug_1112_0.jpg,r180_00019_top_right.jpg,0
r180_00019_top_right_aug_1357_0.jpg,r180_00019_top_right.jpg,0
r180_00019_top_right_aug_1509_0.jpg,r180_00019_top_right.jpg,0
r180_00019_top_right_aug_348_0.jpg,r180_00019_top_right.jpg,0
r180_00019_top_right_aug_552_0.jpg,r180_00019_top_right.jpg,0
r180_00019_top_right_aug_92_0.jpg,r180_00019_top_right.jpg,0
r180_00020_bottom_right_aug_10_0.jpg,r180_00020_bottom_right.jpg,0
r180_00020_bottom_right_aug_1467_0.jpg,r180_00020_bottom_right.jpg,0
r180_00021_bottom_right_aug_1145_0.jpg,r180_00021_bottom_right.jpg,0
r180_00021_bottom_right_aug_1214_0.jpg,r180_00021_bottom_right.jpg,0
r180_00021_bottom_right_aug_1245_0.jpg,r180_00021_bottom_right.jpg,0
r180_00021_bottom_right_aug_1356_0.jpg,r180_00021_bottom_right.jpg,0
r180_00021_bottom_right_aug_250_0.jpg,r180_00021_bottom_right.jpg,0
r180_00021_bottom_right_aug_570_0.jpg,r180_00021_bottom_right.jpg,0
r180_00021_bottom_right_aug_629_0.jpg,r180_00021_bottom_right.jpg,0
r180_00021_bottom_right_aug_631_0.jpg,r180_00021_bottom_right.jpg,0
r180_00021_bottom_right_aug_667_0.jpg,r180_00021_bottom_right.jpg,0
r180_00021_bottom_right_aug_840_0.jpg,r180_00021_bottom_right.jpg,0
r180_00021_top_right_aug_1374_0.jpg,r180_00021_top_right.jpg,0
r180_00021_top_right_aug_286_0.jpg,r180_00021_top_right.jpg,0
r180_00021_top_right_aug_353_0.jpg,r180_00021_top_right.jpg,0
r180_00021_top_right_aug_683_0.jpg,r180_00021_top_right.jpg,0
r180_00021_top_right_aug_943_0.jpg,r180_00021_top_right.jpg,0
r180_00022_top_right_aug_102_0.jpg,r180_00022_top_right.jpg,0
r180_00022_top_right_aug_1238_0.jpg,r180_00022_top_right.jpg,0
r180_00022_top_right_aug_1327_0.jpg,r180_00022_top_right.jpg,0
r180_00022_top_right_aug_482_0.jpg,r180_00022_top_right.jpg,0
r180_00023_bottom_left_aug_1488_0.jpg,r180_00023_bottom_left.jpg,0
r180_00023_bottom_left_aug_695_0.jpg,r180_00023_bottom_left.jpg,0
r180_00023_bottom_left_aug_761_0.jpg,r180_00023_bottom_left.jpg,0
r180_00023_bottom_left_aug_931_0.jpg,r180_00023_bottom_left.jpg,0
r180_00023_bottom_left_aug_968_0.jpg,r180_00023_bottom_left.jpg,0
r180_00023_bottom_right_aug_1043_0.jpg,r180_00023_bottom_right.jpg,0
r180_00023_bottom_right_aug_1343_0.jpg,r180_00023_bottom_right.jpg,0
r180_00023_bottom_right_aug_1460_0.jpg,r180_00023_bottom_right.jpg,0
r180_00023_bottom_right_aug_1465_0.jpg,r180_00023_bottom_right.jpg,0
r180_00023_bottom_right_aug_81_0.jpg,r180_00023_bottom_right.jpg,0
r180_00024_top_left_aug_1113_0.jpg,r180_00024_top_left.jpg,0
r180_00024_top_left_aug_1184_0.jpg,r180_00024_top_left.jpg,0
r180_00024_top_left_aug_315_0.jpg,r180_00024_top_left.jpg,0
r180_00024_top_left_aug_799_0.jpg,r180_00024_top_left.jpg,0
r180_00025_bottom_right_aug_1062_0.jpg,r180_00025_bottom_right.jpg,0
r180_00025_bottom_right_aug_1174_0.jpg,r180_00025_bottom_right.jpg,0
r180_00025_bottom_right_aug_383_0.jpg,r180_00025_bottom_right.jpg,0
r180_00025_bottom_right_aug_620_0.jpg,r180_00025_bottom_right.jpg,0
r180_00025_bottom_right_aug_745_0.jpg,r180_00025_bottom_right.jpg,0
r180_00025_bottom_right_aug_824_0.jpg,r180_00025_bottom_right.jpg,0
r180_00025_top_left_aug_1375_0.jpg,r180_00025_top_left.jpg,0
r180_00025_top_left_aug_21_0.jpg,r180_00025_top_left.jpg,0
r180_00025_top_left_aug_430_0.jpg,r180_00025_top_left.jpg,0
r180_00025_top_left_aug_440_0.jpg,r180_00025_top_left.jpg,0
r180_00025_top_left_aug_477_0.jpg,r180_00025_top_left.jpg,0
r180_00025_top_left_aug_569_0.jpg,r180_00025_top_left.jpg,0
r180_00025_top_left_aug_610_0.jpg,r180_00025_top_left.jpg,0
r180_00025_top_left_aug_658_0.jpg,r180_00025_top_left.jpg,0
r180_00025_top_left_aug_946_0.jpg,r180_00025_top_left.jpg,0
r180_00030_bottom_right_aug_1258_0.jpg,r180_00030_bottom_right.jpg,0
r180_00030_bottom_right_aug_649_0.jpg,r180_00030_bottom_right.jpg,0
r180_00030_bottom_right_aug_726_0.jpg,r180_00030_bottom_right.jpg,0
r180_00033_top_right_aug_1095_0.jpg,r180_00033_top_right.jpg,0
r180_00033_top_right_aug_1100_0.jpg,r180_00033_top_right.jpg,0
r180_00033_top_right_aug_1116_0.jpg,r180_00033_top_right.jpg,0
r180_00033_top_right_aug_1260_0.jpg,r180_00033_top_right.jpg,0
r180_00033_top_right_aug_237_0.jpg,r180_00033_top_right.jpg,0
r180_00035_bottom_right_aug_1079_0.jpg,r180_00035_bottom_right.jpg,0
r180_00035_bottom_right_aug_1181_0.jpg,r180_00035_bottom_right.jpg,0
r180_00035_bottom_right_aug_1354_0.jpg,r180_00035_bottom_right.jpg,0
r180_00035_bottom_right_aug_1421_0.jpg,r180_00035_bottom_right.jpg,0
r180_00035_bottom_right_aug_1487_0.jpg,r180_00035_bottom_right.jpg,0
r180_00035_bottom_right_aug_1512_0.jpg,r180_00035_bottom_right.jpg,0
r180_00035_bottom_right_aug_179_0.jpg,r180_00035_bottom_right.jpg,0
r180_00035_bottom_right_aug_935_0.jpg,r180_00035_bottom_right.jpg,0
r180_00035_top_right_aug_132_0.jpg,r180_00035_top_right.jpg,0
r180_00035_top_right_aug_24_0.jpg,r180_00035_top_right.jpg,0
r180_00035_top_right_aug_488_0.jpg,r180_00035_top_right.jpg,0
r180_00035_top_right_aug_860_0.jpg,r180_00035_top_right.jpg,0
r180_00036_top_right_aug_1070_0.jpg,r180_00036_top_right.jpg,0
r180_00036_top_right_aug_719_0.jpg,r180_00036_top_right.jpg,0
r180_00037_bottom_right_aug_1085_0.jpg,r180_00037_bottom_right.jpg,0
r180_00037_bottom_right_aug_1149_0.jpg,r180_00037_bottom_right.jpg,0
r180_00037_bottom_right_aug_1326_0.jpg,r180_00037_bottom_right.jpg,0
r180_00037_bottom_right_aug_1359_0.jpg,r180_00037_bottom_right.jpg,0
r180_00037_bottom_right_aug_135_0.jpg,r180_00037_bottom_right.jpg,0
r180_00037_bottom_right_aug_947_0.jpg,r180_00037_bottom_right.jpg,0
r180_00037_top_left_aug_1012_0.jpg,r180_00037_top_left.jpg,0
r180_00037_top_left_aug_119_0.jpg,r180_00037_top_left.jpg,0
r180_00037_top_left_aug_277_0.jpg,r180_00037_top_left.jpg,0
r180_00037_top_left_aug_498_0.jpg,r180_00037_top_left.jpg,0
r180_00037_top_left_aug_743_0.jpg,r180_00037_top_left.jpg,0
r180_00037_top_left_aug_848_0.jpg,r180_00037_top_left.jpg,0
r180_00037_top_right_aug_1101_0.jpg,r180_00037_top_right.jpg,0
r180_00037_top_right_aug_1163_0.jpg,r180_00037_top_right.jpg,0
r180_00037_top_right_aug_1387_0.jpg,r180_00037_top_right.jpg,0
r180_00037_top_right_aug_245_0.jpg,r180_00037_top_right.jpg,0
r180_00037_top_right_aug_46_0.jpg,r180_00037_top_right.jpg,0
r180_00037_top_right_aug_941_0.jpg,r180_00037_top_right.jpg,0
r180_00038_bottom_left_aug_1097_0.jpg,r180_00038_bottom_left.jpg,0
r180_00038_bottom_left_aug_323_0.jpg,r180_00038_bottom_left.jpg,0
r180_00038_bottom_left_aug_685_0.jpg,r180_00038_bottom_left.jpg,0
r180_00038_bottom_left_aug_688_0.jpg,r180_00038_bottom_left.jpg,0
r180_00038_bottom_left_aug_755_0.jpg,r180_00038_bottom_left.jpg,0
r180_00038_bottom_left_aug_902_0.jpg,r180_00038_bottom_left.jpg,0
r180_00038_bottom_right_aug_1129_0.jpg,r180_00038_bottom_right.jpg,0
r180_00038_bottom_right_aug_1355_0.jpg,r180_00038_bottom_right.jpg,0
r180_00038_bottom_right_aug_171_0.jpg,r180_00038_bottom_right.jpg,0
r180_00038_bottom_right_aug_276_0.jpg,r180_00038_bottom_right.jpg,0
r180_00038_bottom_right_aug_296_0.jpg,r180_00038_bottom_right.jpg,0
r180_00038_bottom_right_aug_764_0.jpg,r180_00038_bottom_right.jpg,0
r180_00039_bottom_left_aug_1211_0.jpg,r180_00039_bottom_left.jpg,0
r180_00039_bottom_left_aug_1473_0.jpg,r180_00039_bottom_left.jpg,0
r180_00039_bottom_left_aug_206_0.jpg,r180_00039_bottom_left.jpg,0
r180_00039_bottom_left_aug_222_0.jpg,r180_00039_bottom_left.jpg,0
r180_00039_bottom_left_aug_227_0.jpg,r180_00039_bottom_left.jpg,0
r180_00039_bottom_left_aug_246_0.jpg,r180_00039_bottom_left.jpg,0
r180_00039_bottom_left_aug_306_0.jpg,r180_00039_bottom_left.jpg,0
r180_00039_bottom_left_aug_365_0.jpg,r180_00039_bottom_left.jpg,0
r180_00039_bottom_left_aug_57_0.jpg,r180_00039_bottom_left.jpg,0
r180_00039_bottom_left_aug_691_0.jpg,r180_00039_bottom_left.jpg,0
r180_00039_bottom_left_aug_724_0.jpg,r180_00039_bottom_left.jpg,0
r180_00039_bottom_left_aug_829_0.jpg,r180_00039_bottom_left.jpg,0
r180_00041_bottom_right_aug_204_0.jpg,r180_00041_bottom_right.jpg,0
r180_00041_bottom_right_aug_571_0.jpg,r180_00041_bottom_right.jpg,0
r180_00041_bottom_right_aug_692_0.jpg,r180_00041_bottom_right.jpg,0
r180_00044_top_left_aug_1168_0.jpg,r180_00044_top_left.jpg,0
r180_00044_top_left_aug_1237_0.jpg,r180_00044_top_left.jpg,0
r180_00044_top_left_aug_1287_0.jpg,r180_00044_top_left.jpg,0
r180_00044_top_left_aug_1312_0.jpg,r180_00044_top_left.jpg,0
r180_00044_top_left_aug_195_0.jpg,r180_00044_top_left.jpg,0
r180_00044_top_left_aug_295_0.jpg,r180_00044_top_left.jpg,0
r180_00044_top_left_aug_778_0.jpg,r180_00044_top_left.jpg,0
r180_00044_top_left_aug_883_0.jpg,r180_00044_top_left.jpg,0
r180_00044_top_left_aug_992_0.jpg,r180_00044_top_left.jpg,0
r180_00045_bottom_left_aug_1141_0.jpg,r180_00045_bottom_left.jpg,0
r180_00045_bottom_left_aug_1203_0.jpg,r180_00045_bottom_left.jpg,0
r180_00045_bottom_left_aug_1284_0.jpg,r180_00045_bottom_left.jpg,0
r180_00045_bottom_left_aug_1422_0.jpg,r180_00045_bottom_left.jpg,0
r180_00045_bottom_left_aug_1495_0.jpg,r180_00045_bottom_left.jpg,0
r180_00045_bottom_left_aug_340_0.jpg,r180_00045_bottom_left.jpg,0
r180_00045_bottom_left_aug_786_0.jpg,r180_00045_bottom_left.jpg,0
r180_00045_bottom_left_aug_895_0.jpg,r180_00045_bottom_left.jpg,0
r180_00045_bottom_left_aug_921_0.jpg,r180_00045_bottom_left.jpg,0
r180_00045_top_right_aug_1148_0.jpg,r180_00045_top_right.jpg,0
r180_00045_top_right_aug_1278_0.jpg,r180_00045_top_right.jpg,0
r180_00045_top_right_aug_1478_0.jpg,r180_00045_top_right.jpg,0
r180_00045_top_right_aug_402_0.jpg,r180_00045_top_right.jpg,0
r180_00056_bottom_left_aug_1178_0.jpg,r180_00056_bottom_left.jpg,0
r180_00056_bottom_left_aug_1232_0.jpg,r180_00056_bottom_left.jpg,0
r180_00056_bottom_left_aug_1254_0.jpg,r180_00056_bottom_left.jpg,0
r180_00056_bottom_left_aug_42_0.jpg,r180_00056_bottom_left.jpg,0
r180_00056_bottom_left_aug_643_0.jpg,r180_00056_bottom_left.jpg,0
r180_00056_bottom_left_aug_706_0.jpg,r180_00056_bottom_left.jpg,0
r180_00056_bottom_left_aug_807_0.jpg,r180_00056_bottom_left.jpg,0
r180_00056_bottom_left_aug_84_0.jpg,r180_00056_bottom_left.jpg,0
r180_00057_bottom_left_aug_1014_0.jpg,r180_00057_bottom_left.jpg,0
r180_00057_bottom_left_aug_212_0.jpg,r180_00057_bottom_left.jpg,0
r180_00057_bottom_left_aug_415_0.jpg,r180_00057_bottom_left.jpg,0
r180_00057_bottom_left_aug_70_0.jpg,r180_00057_bottom_left.jpg,0
r180_00057_bottom_left_aug_716_0.jpg,r180_00057_bottom_left.jpg,0
r180_00057_bottom_left_aug_821_0.jpg,r180_00057_bottom_left.jpg,0
r180_00057_bottom_right_aug_1114_3.jpg,r180_00057_bottom_right.jpg,3
r180_00057_bottom_right_aug_1234_0.jpg,r180_00057_bottom_right.jpg,0
r180_00057_bottom_right_aug_133_3.jpg,r180_00057_bottom_right.jpg,3
r180_00057_bottom_right_aug_1345_3.jpg,r180_00057_bottom_right.jpg,3
r180_00057_bottom_right_aug_1403_3.jpg,r180_00057_bottom_right.jpg,3
r180_00057_bottom_right_aug_1442_3.jpg,r180_00057_bottom_right.jpg,3
r180_00057_bottom_right_aug_1667_3.jpg,r180_00057_bottom_right.jpg,3
r180_00057_bottom_right_aug_24_3.jpg,r180_00057_bottom_right.jpg,3
r180_00057_bottom_right_aug_410_0.jpg,r180_00057_bottom_right.jpg,0
r180_00057_bottom_right_aug_43_3.jpg,r180_00057_bottom_right.jpg,3
r180_00057_bottom_right_aug_587_3.jpg,r180_00057_bottom_right.jpg,3
r180_00057_bottom_right_aug_62_0.jpg,r180_00057_bottom_right.jpg,0
r180_00057_bottom_right_aug_658_3.jpg,r180_00057_bottom_right.jpg,3
r180_00057_bottom_right_aug_677_3.jpg,r180_00057_bottom_right.jpg,3
r180_00057_bottom_right_aug_679_3.jpg,r180_00057_bottom_right.jpg,3
r180_00057_bottom_right_aug_686_0.jpg,r180_00057_bottom_right.jpg,0
r180_00057_bottom_right_aug_713_3.jpg,r180_00057_bottom_right.jpg,3
r180_00057_bottom_right_aug_731_3.jpg,r180_00057_bottom_right.jpg,3
r180_00057_bottom_right_aug_796_0.jpg,r180_00057_bottom_right.jpg,0
r180_00057_bottom_right_aug_849_3.jpg,r180_00057_bottom_right.jpg,3
r180_00057_bottom_right_aug_945_3.jpg,r180_00057_bottom_right.jpg,3
r180_00057_bottom_right_aug_973_0.jpg,r180_00057_bottom_right.jpg,0
r180_00057_bottom_right_aug_975_3.jpg,r180_00057_bottom_right.jpg,3
r180_00057_bottom_right_aug_984_3.jpg,r180_00057_bottom_right.jpg,3
r180_00057_bottom_right_aug_999_3.jpg,r180_00057_bottom_right.jpg,3
r180_00057_top_left_aug_106_0.jpg,r180_00057_top_left.jpg,0
r180_00057_top_left_aug_1346_0.jpg,r180_00057_top_left.jpg,0
r180_00057_top_left_aug_329_0.jpg,r180_00057_top_left.jpg,0
r180_00057_top_left_aug_333_0.jpg,r180_00057_top_left.jpg,0
r180_00057_top_left_aug_468_0.jpg,r180_00057_top_left.jpg,0
r180_00057_top_left_aug_481_0.jpg,r180_00057_top_left.jpg,0
r180_00057_top_left_aug_53_0.jpg,r180_00057_top_left.jpg,0
r180_00057_top_left_aug_980_0.jpg,r180_00057_top_left.jpg,0
r180_00059_bottom_left_aug_751_0.jpg,r180_00059_bottom_left.jpg,0
r180_00063_top_left_aug_1144_0.jpg,r180_00063_top_left.jpg,0
r180_00063_top_left_aug_1268_0.jpg,r180_00063_top_left.jpg,0
r180_00063_top_left_aug_1349_0.jpg,r180_00063_top_left.jpg,0
r180_00063_top_left_aug_1417_0.jpg,r180_00063_top_left.jpg,0
r180_00063_top_left_aug_196_0.jpg,r180_00063_top_left.jpg,0
r180_00063_top_left_aug_404_0.jpg,r180_00063_top_left.jpg,0
r180_00063_top_left_aug_455_0.jpg,r180_00063_top_left.jpg,0
r180_00063_top_right_aug_1396_0.jpg,r180_00063_top_right.jpg,0
r180_00063_top_right_aug_47_0.jpg,r180_00063_top_right.jpg,0
r180_00063_top_right_aug_578_0.jpg,r180_00063_top_right.jpg,0
r180_00063_top_right_aug_937_0.jpg,r180_00063_top_right.jpg,0
r180_00063_top_right_aug_989_0.jpg,r180_00063_top_right.jpg,0
r180_00063_top_right_aug_997_0.jpg,r180_00063_top_right.jpg,0
r180_00064_bottom_left_aug_225_0.jpg,r180_00064_bottom_left.jpg,0
r180_00064_bottom_left_aug_274_0.jpg,r180_00064_bottom_left.jpg,0
r180_00064_bottom_left_aug_501_0.jpg,r180_00064_bottom_left.jpg,0
r180_00064_bottom_left_aug_928_0.jpg,r180_00064_bottom_left.jpg,0
r180_00064_bottom_right_aug_188_0.jpg,r180_00064_bottom_right.jpg,0
r180_00064_bottom_right_aug_213_0.jpg,r180_00064_bottom_right.jpg,0
r180_00064_bottom_right_aug_272_0.jpg,r180_00064_bottom_right.jpg,0
r180_00064_bottom_right_aug_421_0.jpg,r180_00064_bottom_right.jpg,0
r180_00064_bottom_right_aug_553_0.jpg,r180_00064_bottom_right.jpg,0
r180_00064_bottom_right_aug_576_0.jpg,r180_00064_bottom_right.jpg,0
r180_00067_bottom_left_aug_1082_0.jpg,r180_00067_bottom_left.jpg,0
r180_00067_bottom_left_aug_1136_0.jpg,r180_00067_bottom_left.jpg,0
r180_00067_bottom_left_aug_1175_0.jpg,r180_00067_bottom_left.jpg,0
r180_00067_bottom_left_aug_452_0.jpg,r180_00067_bottom_left.jpg,0
r180_00067_bottom_left_aug_483_0.jpg,r180_00067_bottom_left.jpg,0
r180_00067_bottom_left_aug_696_0.jpg,r180_00067_bottom_left.jpg,0
r180_00067_bottom_left_aug_781_0.jpg,r180_00067_bottom_left.jpg,0
r180_00067_bottom_left_aug_869_0.jpg,r180_00067_bottom_left.jpg,0
r180_00067_top_left_aug_114_0.jpg,r180_00067_top_left.jpg,0
r180_00067_top_left_aug_1322_0.jpg,r180_00067_top_left.jpg,0
r180_00067_top_left_aug_1342_0.jpg,r180_00067_top_left.jpg,0
r180_00067_top_left_aug_1406_0.jpg,r180_00067_top_left.jpg,0
r180_00067_top_left_aug_377_0.jpg,r180_00067_top_left.jpg,0
r180_00067_top_left_aug_382_0.jpg,r180_00067_top_left.jpg,0
r180_00067_top_left_aug_793_0.jpg,r180_00067_top_left.jpg,0
r180_00067_top_right_aug_1015_0.jpg,r180_00067_top_right.jpg,0
r180_00067_top_right_aug_1220_0.jpg,r180_00067_top_right.jpg,0
r180_00067_top_right_aug_1455_0.jpg,r180_00067_top_right.jpg,0
r180_00067_top_right_aug_191_0.jpg,r180_00067_top_right.jpg,0
r180_00067_top_right_aug_416_0.jpg,r180_00067_top_right.jpg,0
r180_00067_top_right_aug_892_0.jpg,r180_00067_top_right.jpg,0
r180_00067_top_right_aug_929_0.jpg,r180_00067_top_right.jpg,0
r180_00067_top_right_aug_995_0.jpg,r180_00067_top_right.jpg,0
r180_00069_top_left_aug_1195_0.jpg,r180_00069_top_left.jpg,0
r180_00069_top_left_aug_1231_0.jpg,r180_00069_top_left.jpg,0
r180_00069_top_left_aug_134_0.jpg,r180_00069_top_left.jpg,0
r180_00069_top_left_aug_1404_0.jpg,r180_00069_top_left.jpg,0
r180_00069_top_left_aug_230_0.jpg,r180_00069_top_left.jpg,0
r180_00069_top_left_aug_372_0.jpg,r180_00069_top_left.jpg,0
r180_00069_top_left_aug_661_0.jpg,r180_00069_top_left.jpg,0
r180_00069_top_left_aug_717_0.jpg,r180_00069_top_left.jpg,0
r180_00069_top_left_aug_766_0.jpg,r180_00069_top_left.jpg,0
r180_00069_top_left_aug_944_0.jpg,r180_00069_top_left.jpg,0
r180_00069_top_right_aug_1030_0.jpg,r180_00069_top_right.jpg,0
r180_00069_top_right_aug_541_0.jpg,r180_00069_top_right.jpg,0
r180_00069_top_right_aug_862_0.jpg,r180_00069_top_right.jpg,0
r180_00076_bottom_right_aug_174_0.jpg,r180_00076_bottom_right.jpg,0
r180_00076_bottom_right_aug_189_0.jpg,r180_00076_bottom_right.jpg,0
r180_00076_bottom_right_aug_589_0.jpg,r180_00076_bottom_right.jpg,0
r180_00080_bottom_left_aug_1146_0.jpg,r180_00080_bottom_left.jpg,0
r180_00080_bottom_left_aug_1419_0.jpg,r180_00080_bottom_left.jpg,0
r180_00080_bottom_left_aug_347_0.jpg,r180_00080_bottom_left.jpg,0
r180_00080_bottom_left_aug_381_0.jpg,r180_00080_bottom_left.jpg,0
r180_00080_top_right_aug_376_0.jpg,r180_00080_top_right.jpg,0
r180_00080_top_right_aug_783_0.jpg,r180_00080_top_right.jpg,0
r180_00080_top_right_aug_812_0.jpg,r180_00080_top_right.jpg,0
r180_00081_bottom_left_aug_1084_4.jpg,r180_00081_bottom_left.jpg,4
r180_00081_bottom_left_aug_1121_4.jpg,r180_00081_bottom_left.jpg,4
r180_00081_bottom_left_aug_1371_4.jpg,r180_00081_bottom_left.jpg,4
r180_00081_bottom_left_aug_1418_4.jpg,r180_00081_bottom_left.jpg,4
r180_00081_bottom_left_aug_1497_4.jpg,r180_00081_bottom_left.jpg,4
r180_00081_bottom_left_aug_1570_4.jpg,r180_00081_bottom_left.jpg,4
r180_00081_bottom_left_aug_1577_4.jpg,r180_00081_bottom_left.jpg,4
r180_00081_bottom_left_aug_301_4.jpg,r180_00081_bottom_left.jpg,4
r180_00081_bottom_left_aug_386_4.jpg,r180_00081_bottom_left.jpg,4
r180_00081_bottom_left_aug_410_4.jpg,r180_00081_bottom_left.jpg,4
r180_00081_bottom_left_aug_429_0.jpg,r180_00081_bottom_left.jpg,0
r180_00081_bottom_left_aug_457_0.jpg,r180_00081_bottom_left.jpg,0
r180_00081_bottom_left_aug_465_4.jpg,r180_00081_bottom_left.jpg,4
r180_00081_bottom_left_aug_591_4.jpg,r180_00081_bottom_left.jpg,4
r180_00081_bottom_left_aug_612_4.jpg,r180_00081_bottom_left.jpg,4
r180_00081_bottom_left_aug_660_4.jpg,r180_00081_bottom_left.jpg,4
r180_00081_bottom_left_aug_894_4.jpg,r180_00081_bottom_left.jpg,4
r180_00081_bottom_left_aug_965_4.jpg,r180_00081_bottom_left.jpg,4
r180_00082_bottom_left_aug_1213_4.jpg,r180_00082_bottom_left.jpg,4
r180_00082_bottom_left_aug_1372_4.jpg,r180_00082_bottom_left.jpg,4
r180_00082_bottom_left_aug_1468_4.jpg,r180_00082_bottom_left.jpg,4
r180_00082_bottom_left_aug_1489_0.jpg,r180_00082_bottom_left.jpg,0
r180_00082_bottom_left_aug_1562_4.jpg,r180_00082_bottom_left.jpg,4
r180_00082_bottom_left_aug_1646_4.jpg,r180_00082_bottom_left.jpg,4
r180_00082_bottom_left_aug_179_4.jpg,r180_00082_bottom_left.jpg,4
r180_00082_bottom_left_aug_19_4.jpg,r180_00082_bottom_left.jpg,4
r180_00082_bottom_left_aug_212_4.jpg,r180_00082_bottom_left.jpg,4
r180_00082_bottom_left_aug_318_0.jpg,r180_00082_bottom_left.jpg,0
r180_00082_bottom_left_aug_343_4.jpg,r180_00082_bottom_left.jpg,4
r180_00082_bottom_left_aug_396_0.jpg,r180_00082_bottom_left.jpg,0
r180_00082_bottom_left_aug_400_4.jpg,r180_00082_bottom_left.jpg,4
r180_00082_bottom_left_aug_483_4.jpg,r180_00082_bottom_left.jpg,4
r180_00082_bottom_left_aug_510_0.jpg,r180_00082_bottom_left.jpg,0
r180_00082_bottom_left_aug_564_4.jpg,r180_00082_bottom_left.jpg,4
r180_00082_bottom_left_aug_58_4.jpg,r180_00082_bottom_left.jpg,4
r180_00082_bottom_left_aug_747_4.jpg,r180_00082_bottom_left.jpg,4
r180_00082_bottom_left_aug_792_4.jpg,r180_00082_bottom_left.jpg,4
r180_00082_bottom_left_aug_794_4.jpg,r180_00082_bottom_left.jpg,4
r180_00082_bottom_right_aug_1069_4.jpg,r180_00082_bottom_right.jpg,4
r180_00082_bottom_right_aug_1070_4.jpg,r180_00082_bottom_right.jpg,4
r180_00082_bottom_right_aug_1217_4.jpg,r180_00082_bottom_right.jpg,4
r180_00082_bottom_right_aug_1236_4.jpg,r180_00082_bottom_right.jpg,4
r180_00082_bottom_right_aug_315_4.jpg,r180_00082_bottom_right.jpg,4
r180_00082_bottom_right_aug_318_4.jpg,r180_00082_bottom_right.jpg,4
r180_00082_bottom_right_aug_433_4.jpg,r180_00082_bottom_right.jpg,4
r180_00082_bottom_right_aug_484_4.jpg,r180_00082_bottom_right.jpg,4
r180_00082_bottom_right_aug_629_4.jpg,r180_00082_bottom_right.jpg,4
r180_00082_bottom_right_aug_654_4.jpg,r180_00082_bottom_right.jpg,4
r180_00082_bottom_right_aug_697_4.jpg,r180_00082_bottom_right.jpg,4
r180_00082_bottom_right_aug_976_4.jpg,r180_00082_bottom_right.jpg,4
r180_00082_top_left_aug_1171_0.jpg,r180_00082_top_left.jpg,0
r180_00082_top_left_aug_1187_4.jpg,r180_00082_top_left.jpg,4
r180_00082_top_left_aug_1338_4.jpg,r180_00082_top_left.jpg,4
r180_00082_top_left_aug_1341_4.jpg,r180_00082_top_left.jpg,4
r180_00082_top_left_aug_1360_4.jpg,r180_00082_top_left.jpg,4
r180_00082_top_left_aug_1362_0.jpg,r180_00082_top_left.jpg,0
r180_00082_top_left_aug_1447_4.jpg,r180_00082_top_left.jpg,4
r180_00082_top_left_aug_223_4.jpg,r180_00082_top_left.jpg,4
r180_00082_top_left_aug_246_4.jpg,r180_00082_top_left.jpg,4
r180_00082_top_left_aug_30_4.jpg,r180_00082_top_left.jpg,4
r180_00082_top_left_aug_32_4.jpg,r180_00082_top_left.jpg,4
r180_00082_top_left_aug_347_4.jpg,r180_00082_top_left.jpg,4
r180_00082_top_left_aug_412_0.jpg,r180_00082_top_left.jpg,0
r180_00082_top_left_aug_441_0.jpg,r180_00082_top_left.jpg,0
r180_00082_top_left_aug_444_4.jpg,r180_00082_top_left.jpg,4
r180_00082_top_left_aug_447_4.jpg,r180_00082_top_left.jpg,4
r180_00082_top_left_aug_506_4.jpg,r180_00082_top_left.jpg,4
r180_00082_top_left_aug_622_4.jpg,r180_00082_top_left.jpg,4
r180_00082_top_left_aug_645_0.jpg,r180_00082_top_left.jpg,0
r180_00082_top_left_aug_66_4.jpg,r180_00082_top_left.jpg,4
r180_00082_top_left_aug_728_4.jpg,r180_00082_top_left.jpg,4
r180_00082_top_left_aug_753_4.jpg,r180_00082_top_left.jpg,4
r180_00082_top_left_aug_776_4.jpg,r180_00082_top_left.jpg,4
r180_00082_top_left_aug_800_4.jpg,r180_00082_top_left.jpg,4
r180_00082_top_left_aug_958_0.jpg,r180_00082_top_left.jpg,0
r180_00082_top_right_aug_1128_4.jpg,r180_00082_top_right.jpg,4
r180_00082_top_right_aug_1190_4.jpg,r180_00082_top_right.jpg,4
r180_00082_top_right_aug_1198_4.jpg,r180_00082_top_right.jpg,4
r180_00082_top_right_aug_1211_4.jpg,r180_00082_top_right.jpg,4
r180_00082_top_right_aug_1401_4.jpg,r180_00082_top_right.jpg,4
r180_00082_top_right_aug_140_4.jpg,r180_00082_top_right.jpg,4
r180_00082_top_right_aug_1441_4.jpg,r180_00082_top_right.jpg,4
r180_00082_top_right_aug_1455_4.jpg,r180_00082_top_right.jpg,4
r180_00082_top_right_aug_1640_4.jpg,r180_00082_top_right.jpg,4
r180_00082_top_right_aug_1661_4.jpg,r180_00082_top_right.jpg,4
r180_00082_top_right_aug_29_4.jpg,r180_00082_top_right.jpg,4
r180_00082_top_right_aug_474_4.jpg,r180_00082_top_right.jpg,4
r180_00082_top_right_aug_556_4.jpg,r180_00082_top_right.jpg,4
r180_00082_top_right_aug_598_4.jpg,r180_00082_top_right.jpg,4
r180_00082_top_right_aug_743_4.jpg,r180_00082_top_right.jpg,4
r180_00082_top_right_aug_821_4.jpg,r180_00082_top_right.jpg,4
r180_00083_bottom_left_aug_1119_0.jpg,r180_00083_bottom_left.jpg,0
r180_00083_bottom_left_aug_1167_4.jpg,r180_00083_bottom_left.jpg,4
r180_00083_bottom_left_aug_11_4.jpg,r180_00083_bottom_left.jpg,4
r180_00083_bottom_left_aug_1266_0.jpg,r180_00083_bottom_left.jpg,0
r180_00083_bottom_left_aug_1293_4.jpg,r180_00083_bottom_left.jpg,4
r180_00083_bottom_left_aug_1314_4.jpg,r180_00083_bottom_left.jpg,4
r180_00083_bottom_left_aug_1376_0.jpg,r180_00083_bottom_left.jpg,0
r180_00083_bottom_left_aug_138_4.jpg,r180_00083_bottom_left.jpg,4
r180_00083_bottom_left_aug_1428_0.jpg,r180_00083_bottom_left.jpg,0
r180_00083_bottom_left_aug_171_4.jpg,r180_00083_bottom_left.jpg,4
r180_00083_bottom_left_aug_180_4.jpg,r180_00083_bottom_left.jpg,4
r180_00083_bottom_left_aug_254_0.jpg,r180_00083_bottom_left.jpg,0
r180_00083_bottom_left_aug_285_0.jpg,r180_00083_bottom_left.jpg,0
r180_00083_bottom_left_aug_403_4.jpg,r180_00083_bottom_left.jpg,4
r180_00083_bottom_left_aug_433_0.jpg,r180_00083_bottom_left.jpg,0
r180_00083_bottom_left_aug_529_4.jpg,r180_00083_bottom_left.jpg,4
r180_00083_bottom_left_aug_575_0.jpg,r180_00083_bottom_left.jpg,0
r180_00083_bottom_left_aug_756_4.jpg,r180_00083_bottom_left.jpg,4
r180_00083_bottom_left_aug_805_4.jpg,r180_00083_bottom_left.jpg,4
r180_00083_bottom_left_aug_893_4.jpg,r180_00083_bottom_left.jpg,4
r180_00083_bottom_left_aug_952_4.jpg,r180_00083_bottom_left.jpg,4
r180_00083_bottom_left_aug_969_0.jpg,r180_00083_bottom_left.jpg,0
r180_00083_bottom_left_aug_981_0.jpg,r180_00083_bottom_left.jpg,0
r180_00083_bottom_left_aug_989_4.jpg,r180_00083_bottom_left.jpg,4
r180_00083_bottom_right_aug_1063_4.jpg,r180_00083_bottom_right.jpg,4
r180_00083_bottom_right_aug_690_4.jpg,r180_00083_bottom_right.jpg,4
r180_00083_bottom_right_aug_70_4.jpg,r180_00083_bottom_right.jpg,4
r180_00083_bottom_right_aug_723_4.jpg,r180_00083_bottom_right.jpg,4
r180_00083_bottom_right_aug_774_4.jpg,r180_00083_bottom_right.jpg,4
r180_00083_bottom_right_aug_896_4.jpg,r180_00083_bottom_right.jpg,4
r180_00084_bottom_left_aug_1155_0.jpg,r180_00084_bottom_left.jpg,0
r180_00084_bottom_left_aug_1367_0.jpg,r180_00084_bottom_left.jpg,0
r180_00084_bottom_left_aug_146_0.jpg,r180_00084_bottom_left.jpg,0
r180_00084_bottom_left_aug_844_0.jpg,r180_00084_bottom_left.jpg,0
r180_00084_top_left_aug_1411_0.jpg,r180_00084_top_left.jpg,0
r180_00084_top_left_aug_846_0.jpg,r180_00084_top_left.jpg,0
r180_00084_top_right_aug_1252_4.jpg,r180_00084_top_right.jpg,4
r180_00084_top_right_aug_1301_4.jpg,r180_00084_top_right.jpg,4
r180_00084_top_right_aug_1474_4.jpg,r180_00084_top_right.jpg,4
r180_00084_top_right_aug_1568_4.jpg,r180_00084_top_right.jpg,4
r180_00084_top_right_aug_1643_4.jpg,r180_00084_top_right.jpg,4
r180_00084_top_right_aug_1647_4.jpg,r180_00084_top_right.jpg,4
r180_00084_top_right_aug_1659_4.jpg,r180_00084_top_right.jpg,4
r180_00084_top_right_aug_172_4.jpg,r180_00084_top_right.jpg,4
r180_00084_top_right_aug_265_4.jpg,r180_00084_top_right.jpg,4
r180_00084_top_right_aug_590_4.jpg,r180_00084_top_right.jpg,4
r180_00084_top_right_aug_817_4.jpg,r180_00084_top_right.jpg,4
r180_00084_top_right_aug_825_4.jpg,r180_00084_top_right.jpg,4
r180_00084_top_right_aug_990_4.jpg,r180_00084_top_right.jpg,4
r180_00085_bottom_left_aug_1043_4.jpg,r180_00085_bottom_left.jpg,4
r180_00085_bottom_left_aug_1078_4.jpg,r180_00085_bottom_left.jpg,4
r180_00085_bottom_left_aug_1152_4.jpg,r180_00085_bottom_left.jpg,4
r180_00085_bottom_left_aug_1168_4.jpg,r180_00085_bottom_left.jpg,4
r180_00085_bottom_left_aug_123_4.jpg,r180_00085_bottom_left.jpg,4
r180_00085_bottom_left_aug_387_4.jpg,r180_00085_bottom_left.jpg,4
r180_00085_bottom_left_aug_424_4.jpg,r180_00085_bottom_left.jpg,4
r180_00085_bottom_left_aug_477_4.jpg,r180_00085_bottom_left.jpg,4
r180_00085_bottom_left_aug_479_4.jpg,r180_00085_bottom_left.jpg,4
r180_00085_bottom_left_aug_516_4.jpg,r180_00085_bottom_left.jpg,4
r180_00085_bottom_left_aug_566_4.jpg,r180_00085_bottom_left.jpg,4
r180_00085_bottom_left_aug_823_4.jpg,r180_00085_bottom_left.jpg,4
r180_00085_bottom_left_aug_832_4.jpg,r180_00085_bottom_left.jpg,4
r180_00085_bottom_left_aug_915_4.jpg,r180_00085_bottom_left.jpg,4
r180_00085_bottom_right_aug_1011_4.jpg,r180_00085_bottom_right.jpg,4
r180_00085_bottom_right_aug_1018_4.jpg,r180_00085_bottom_right.jpg,4
r180_00085_bottom_right_aug_1212_4.jpg,r180_00085_bottom_right.jpg,4
r180_00085_bottom_right_aug_1265_4.jpg,r180_00085_bottom_right.jpg,4
r180_00085_bottom_right_aug_1379_4.jpg,r180_00085_bottom_right.jpg,4
r180_00085_bottom_right_aug_1541_4.jpg,r180_00085_bottom_right.jpg,4
r180_00085_bottom_right_aug_163_4.jpg,r180_00085_bottom_right.jpg,4
r180_00085_bottom_right_aug_1655_4.jpg,r180_00085_bottom_right.jpg,4
r180_00085_bottom_right_aug_254_4.jpg,r180_00085_bottom_right.jpg,4
r180_00085_bottom_right_aug_472_4.jpg,r180_00085_bottom_right.jpg,4
r180_00085_bottom_right_aug_933_4.jpg,r180_00085_bottom_right.jpg,4
r180_00085_bottom_right_aug_984_4.jpg,r180_00085_bottom_right.jpg,4
r180_00085_top_left_aug_1108_4.jpg,r180_00085_top_left.jpg,4
r180_00085_top_left_aug_1140_4.jpg,r180_00085_top_left.jpg,4
r180_00085_top_left_aug_1282_4.jpg,r180_00085_top_left.jpg,4
r180_00085_top_left_aug_1316_4.jpg,r180_00085_top_left.jpg,4
r180_00085_top_left_aug_1416_4.jpg,r180_00085_top_left.jpg,4
r180_00085_top_left_aug_1420_4.jpg,r180_00085_top_left.jpg,4
r180_00085_top_left_aug_1527_4.jpg,r180_00085_top_left.jpg,4
r180_00085_top_left_aug_1627_4.jpg,r180_00085_top_left.jpg,4
r180_00085_top_left_aug_1639_4.jpg,r180_00085_top_left.jpg,4
r180_00085_top_left_aug_189_4.jpg,r180_00085_top_left.jpg,4
r180_00085_top_left_aug_781_4.jpg,r180_00085_top_left.jpg,4
r180_00085_top_left_aug_78_4.jpg,r180_00085_top_left.jpg,4
r180_00085_top_right_aug_1156_4.jpg,r180_00085_top_right.jpg,4
r180_00085_top_right_aug_1222_4.jpg,r180_00085_top_right.jpg,4
r180_00085_top_right_aug_1337_4.jpg,r180_00085_top_right.jpg,4
r180_00085_top_right_aug_1547_4.jpg,r180_00085_top_right.jpg,4
r180_00085_top_right_aug_337_4.jpg,r180_00085_top_right.jpg,4
r180_00085_top_right_aug_338_4.jpg,r180_00085_top_right.jpg,4
r180_00085_top_right_aug_458_4.jpg,r180_00085_top_right.jpg,4
r180_00085_top_right_aug_563_4.jpg,r180_00085_top_right.jpg,4
r180_00085_top_right_aug_64_4.jpg,r180_00085_top_right.jpg,4
r180_00085_top_right_aug_650_4.jpg,r180_00085_top_right.jpg,4
r180_00085_top_right_aug_659_4.jpg,r180_00085_top_right.jpg,4
r180_00085_top_right_aug_67_4.jpg,r180_00085_top_right.jpg,4
r180_00085_top_right_aug_949_4.jpg,r180_00085_top_right.jpg,4
r180_00085_top_right_aug_979_4.jpg,r180_00085_top_right.jpg,4
r180_00086_bottom_left_aug_106_4.jpg,r180_00086_bottom_left.jpg,4
r180_00086_bottom_left_aug_1363_4.jpg,r180_00086_bottom_left.jpg,4
r180_00086_bottom_left_aug_1383_4.jpg,r180_00086_bottom_left.jpg,4
r180_00086_bottom_left_aug_1489_4.jpg,r180_00086_bottom_left.jpg,4
r180_00086_bottom_left_aug_1656_4.jpg,r180_00086_bottom_left.jpg,4
r180_00086_bottom_left_aug_402_4.jpg,r180_00086_bottom_left.jpg,4
r180_00086_bottom_left_aug_430_4.jpg,r180_00086_bottom_left.jpg,4
r180_00086_bottom_left_aug_579_4.jpg,r180_00086_bottom_left.jpg,4
r180_00086_bottom_left_aug_675_4.jpg,r180_00086_bottom_left.jpg,4
r180_00086_bottom_left_aug_804_4.jpg,r180_00086_bottom_left.jpg,4
r180_00086_bottom_left_aug_937_4.jpg,r180_00086_bottom_left.jpg,4
r180_00086_bottom_left_aug_947_4.jpg,r180_00086_bottom_left.jpg,4
r180_00086_bottom_right_aug_1019_4.jpg,r180_00086_bottom_right.jpg,4
r180_00086_bottom_right_aug_1029_4.jpg,r180_00086_bottom_right.jpg,4
r180_00086_bottom_right_aug_1184_4.jpg,r180_00086_bottom_right.jpg,4
r180_00086_bottom_right_aug_1384_4.jpg,r180_00086_bottom_right.jpg,4
r180_00086_bottom_right_aug_1606_4.jpg,r180_00086_bottom_right.jpg,4
r180_00086_bottom_right_aug_1652_4.jpg,r180_00086_bottom_right.jpg,4
r180_00086_bottom_right_aug_234_4.jpg,r180_00086_bottom_right.jpg,4
r180_00086_bottom_right_aug_336_4.jpg,r180_00086_bottom_right.jpg,4
r180_00086_bottom_right_aug_522_4.jpg,r180_00086_bottom_right.jpg,4
r180_00086_bottom_right_aug_555_4.jpg,r180_00086_bottom_right.jpg,4
r180_00086_bottom_right_aug_627_4.jpg,r180_00086_bottom_right.jpg,4
r180_00086_bottom_right_aug_737_4.jpg,r180_00086_bottom_right.jpg,4
r180_00086_bottom_right_aug_856_4.jpg,r180_00086_bottom_right.jpg,4
r180_00086_bottom_right_aug_909_4.jpg,r180_00086_bottom_right.jpg,4
r180_00086_bottom_right_aug_91_4.jpg,r180_00086_bottom_right.jpg,4
r180_00086_bottom_right_aug_960_4.jpg,r180_00086_bottom_right.jpg,4
r180_00086_bottom_right_aug_983_4.jpg,r180_00086_bottom_right.jpg,4
r180_00086_top_left_aug_1549_4.jpg,r180_00086_top_left.jpg,4
r180_00086_top_left_aug_1617_4.jpg,r180_00086_top_left.jpg,4
r180_00086_top_left_aug_228_4.jpg,r180_00086_top_left.jpg,4
r180_00086_top_left_aug_257_4.jpg,r180_00086_top_left.jpg,4
r180_00086_top_left_aug_268_4.jpg,r180_00086_top_left.jpg,4
r180_00086_top_left_aug_515_4.jpg,r180_00086_top_left.jpg,4
r180_00086_top_left_aug_718_4.jpg,r180_00086_top_left.jpg,4
r180_00086_top_left_aug_959_4.jpg,r180_00086_top_left.jpg,4
r180_00087_bottom_left_aug_1150_4.jpg,r180_00087_bottom_left.jpg,4
r180_00087_bottom_left_aug_119_4.jpg,r180_00087_bottom_left.jpg,4
r180_00087_bottom_left_aug_1440_4.jpg,r180_00087_bottom_left.jpg,4
r180_00087_bottom_left_aug_1552_4.jpg,r180_00087_bottom_left.jpg,4
r180_00087_bottom_left_aug_1564_4.jpg,r180_00087_bottom_left.jpg,4
r180_00087_bottom_left_aug_344_4.jpg,r180_00087_bottom_left.jpg,4
r180_00087_bottom_left_aug_357_4.jpg,r180_00087_bottom_left.jpg,4
r180_00087_bottom_left_aug_417_4.jpg,r180_00087_bottom_left.jpg,4
r180_00087_bottom_left_aug_48_4.jpg,r180_00087_bottom_left.jpg,4
r180_00087_bottom_left_aug_722_4.jpg,r180_00087_bottom_left.jpg,4
r180_00087_bottom_left_aug_833_4.jpg,r180_00087_bottom_left.jpg,4
r180_00087_bottom_left_aug_883_4.jpg,r180_00087_bottom_left.jpg,4
r180_00087_bottom_right_aug_118_4.jpg,r180_00087_bottom_right.jpg,4
r180_00087_bottom_right_aug_1191_4.jpg,r180_00087_bottom_right.jpg,4
r180_00087_bottom_right_aug_1460_4.jpg,r180_00087_bottom_right.jpg,4
r180_00087_bottom_right_aug_1471_4.jpg,r180_00087_bottom_right.jpg,4
r180_00087_bottom_right_aug_1536_4.jpg,r180_00087_bottom_right.jpg,4
r180_00087_bottom_right_aug_277_4.jpg,r180_00087_bottom_right.jpg,4
r180_00087_bottom_right_aug_391_4.jpg,r180_00087_bottom_right.jpg,4
r180_00087_bottom_right_aug_448_4.jpg,r180_00087_bottom_right.jpg,4
r180_00087_bottom_right_aug_725_4.jpg,r180_00087_bottom_right.jpg,4
r180_00087_top_left_aug_1026_4.jpg,r180_00087_top_left.jpg,4
r180_00087_top_left_aug_131_4.jpg,r180_00087_top_left.jpg,4
r180_00087_top_left_aug_1419_4.jpg,r180_00087_top_left.jpg,4
r180_00087_top_left_aug_278_4.jpg,r180_00087_top_left.jpg,4
r180_00087_top_left_aug_284_4.jpg,r180_00087_top_left.jpg,4
r180_00087_top_left_aug_390_4.jpg,r180_00087_top_left.jpg,4
r180_00087_top_left_aug_586_4.jpg,r180_00087_top_left.jpg,4
r180_00087_top_left_aug_791_4.jpg,r180_00087_top_left.jpg,4
r180_00087_top_left_aug_798_4.jpg,r180_00087_top_left.jpg,4
r180_00087_top_left_aug_964_4.jpg,r180_00087_top_left.jpg,4
r180_00087_top_right_aug_248_4.jpg,r180_00087_top_right.jpg,4
r180_00087_top_right_aug_31_4.jpg,r180_00087_top_right.jpg,4
r180_00087_top_right_aug_334_4.jpg,r180_00087_top_right.jpg,4
r180_00087_top_right_aug_617_4.jpg,r180_00087_top_right.jpg,4
r180_00087_top_right_aug_651_4.jpg,r180_00087_top_right.jpg,4
r180_00087_top_right_aug_688_4.jpg,r180_00087_top_right.jpg,4
r180_00087_top_right_aug_877_4.jpg,r180_00087_top_right.jpg,4
r180_00088_bottom_left_aug_1171_4.jpg,r180_00088_bottom_left.jpg,4
r180_00088_bottom_left_aug_12_4.jpg,r180_00088_bottom_left.jpg,4
r180_00088_bottom_left_aug_1429_4.jpg,r180_00088_bottom_left.jpg,4
r180_00088_bottom_left_aug_1461_4.jpg,r180_00088_bottom_left.jpg,4
r180_00088_bottom_left_aug_1573_4.jpg,r180_00088_bottom_left.jpg,4
r180_00088_bottom_left_aug_1624_4.jpg,r180_00088_bottom_left.jpg,4
r180_00088_bottom_left_aug_689_4.jpg,r180_00088_bottom_left.jpg,4
r180_00088_bottom_left_aug_7_4.jpg,r180_00088_bottom_left.jpg,4
r180_00088_bottom_left_aug_846_4.jpg,r180_00088_bottom_left.jpg,4
r180_00091_bottom_left_aug_1080_4.jpg,r180_00091_bottom_left.jpg,4
r180_00091_bottom_left_aug_1083_4.jpg,r180_00091_bottom_left.jpg,4
r180_00091_bottom_left_aug_1259_4.jpg,r180_00091_bottom_left.jpg,4
r180_00091_bottom_left_aug_1306_4.jpg,r180_00091_bottom_left.jpg,4
r180_00091_bottom_left_aug_1345_4.jpg,r180_00091_bottom_left.jpg,4
r180_00091_bottom_left_aug_1373_4.jpg,r180_00091_bottom_left.jpg,4
r180_00091_bottom_left_aug_1443_4.jpg,r180_00091_bottom_left.jpg,4
r180_00091_bottom_left_aug_1457_4.jpg,r180_00091_bottom_left.jpg,4
r180_00091_bottom_left_aug_1663_4.jpg,r180_00091_bottom_left.jpg,4
r180_00091_bottom_left_aug_276_4.jpg,r180_00091_bottom_left.jpg,4
r180_00091_bottom_left_aug_291_4.jpg,r180_00091_bottom_left.jpg,4
r180_00091_bottom_left_aug_395_4.jpg,r180_00091_bottom_left.jpg,4
r180_00091_bottom_left_aug_435_4.jpg,r180_00091_bottom_left.jpg,4
r180_00091_bottom_left_aug_452_4.jpg,r180_00091_bottom_left.jpg,4
r180_00091_bottom_left_aug_500_4.jpg,r180_00091_bottom_left.jpg,4
r180_00091_bottom_left_aug_623_4.jpg,r180_00091_bottom_left.jpg,4
r180_00091_bottom_left_aug_870_4.jpg,r180_00091_bottom_left.jpg,4
r180_00091_bottom_right_aug_1038_4.jpg,r180_00091_bottom_right.jpg,4
r180_00091_bottom_right_aug_1097_4.jpg,r180_00091_bottom_right.jpg,4
r180_00091_bottom_right_aug_1197_4.jpg,r180_00091_bottom_right.jpg,4
r180_00091_bottom_right_aug_1362_4.jpg,r180_00091_bottom_right.jpg,4
r180_00091_bottom_right_aug_1425_4.jpg,r180_00091_bottom_right.jpg,4
r180_00091_bottom_right_aug_1477_4.jpg,r180_00091_bottom_right.jpg,4
r180_00091_bottom_right_aug_1607_4.jpg,r180_00091_bottom_right.jpg,4
r180_00091_bottom_right_aug_772_4.jpg,r180_00091_bottom_right.jpg,4
r180_00091_bottom_right_aug_849_4.jpg,r180_00091_bottom_right.jpg,4
r180_00091_bottom_right_aug_900_4.jpg,r180_00091_bottom_right.jpg,4
r180_00091_bottom_right_aug_944_4.jpg,r180_00091_bottom_right.jpg,4
r180_00365_bottom_left_aug_1169_4.jpg,r180_00365_bottom_left.jpg,4
r180_00365_bottom_left_aug_1205_4.jpg,r180_00365_bottom_left.jpg,4
r180_00365_bottom_left_aug_1298_4.jpg,r180_00365_bottom_left.jpg,4
r180_00365_bottom_left_aug_1386_4.jpg,r180_00365_bottom_left.jpg,4
r180_00365_bottom_left_aug_1409_4.jpg,r180_00365_bottom_left.jpg,4
r180_00365_bottom_left_aug_220_4.jpg,r180_00365_bottom_left.jpg,4
r180_00365_bottom_left_aug_44_4.jpg,r180_00365_bottom_left.jpg,4
r180_00365_bottom_left_aug_648_4.jpg,r180_00365_bottom_left.jpg,4
r180_00365_bottom_left_aug_736_4.jpg,r180_00365_bottom_left.jpg,4
r180_00365_bottom_left_aug_788_4.jpg,r180_00365_bottom_left.jpg,4
r180_00365_top_left_aug_1006_4.jpg,r180_00365_top_left.jpg,4
r180_00365_top_left_aug_1123_4.jpg,r180_00365_top_left.jpg,4
r180_00365_top_left_aug_1149_4.jpg,r180_00365_top_left.jpg,4
r180_00365_top_left_aug_1218_4.jpg,r180_00365_top_left.jpg,4
r180_00365_top_left_aug_1540_4.jpg,r180_00365_top_left.jpg,4
r180_00365_top_left_aug_156_4.jpg,r180_00365_top_left.jpg,4
r180_00365_top_left_aug_159_4.jpg,r180_00365_top_left.jpg,4
r180_00365_top_left_aug_192_4.jpg,r180_00365_top_left.jpg,4
r180_00365_top_left_aug_607_4.jpg,r180_00365_top_left.jpg,4
r180_00365_top_left_aug_611_4.jpg,r180_00365_top_left.jpg,4
r180_00365_top_left_aug_637_4.jpg,r180_00365_top_left.jpg,4
r180_00365_top_left_aug_674_4.jpg,r180_00365_top_left.jpg,4
r180_00365_top_left_aug_868_4.jpg,r180_00365_top_left.jpg,4
r180_00365_top_left_aug_905_4.jpg,r180_00365_top_left.jpg,4
r180_00365_top_left_aug_999_4.jpg,r180_00365_top_left.jpg,4
r180_00366_bottom_left_aug_1319_4.jpg,r180_00366_bottom_left.jpg,4
r180_00366_bottom_left_aug_1494_4.jpg,r180_00366_bottom_left.jpg,4
r180_00366_bottom_left_aug_1653_4.jpg,r180_00366_bottom_left.jpg,4
r180_00366_bottom_left_aug_39_4.jpg,r180_00366_bottom_left.jpg,4
r180_00366_bottom_right_aug_1032_4.jpg,r180_00366_bottom_right.jpg,4
r180_00366_bottom_right_aug_1162_4.jpg,r180_00366_bottom_right.jpg,4
r180_00366_bottom_right_aug_1449_4.jpg,r180_00366_bottom_right.jpg,4
r180_00366_bottom_right_aug_1519_4.jpg,r180_00366_bottom_right.jpg,4
r180_00366_bottom_right_aug_1615_4.jpg,r180_00366_bottom_right.jpg,4
r180_00366_bottom_right_aug_1618_4.jpg,r180_00366_bottom_right.jpg,4
r180_00366_bottom_right_aug_349_4.jpg,r180_00366_bottom_right.jpg,4
r180_00366_bottom_right_aug_482_4.jpg,r180_00366_bottom_right.jpg,4
r180_00366_top_left_aug_1009_4.jpg,r180_00366_top_left.jpg,4
r180_00366_top_left_aug_1124_4.jpg,r180_00366_top_left.jpg,4
r180_00366_top_left_aug_1502_4.jpg,r180_00366_top_left.jpg,4
r180_00366_top_left_aug_1571_4.jpg,r180_00366_top_left.jpg,4
r180_00366_top_left_aug_1588_4.jpg,r180_00366_top_left.jpg,4
r180_00366_top_left_aug_1641_4.jpg,r180_00366_top_left.jpg,4
r180_00366_top_left_aug_37_4.jpg,r180_00366_top_left.jpg,4
r180_00366_top_left_aug_382_4.jpg,r180_00366_top_left.jpg,4
r180_00366_top_left_aug_412_4.jpg,r180_00366_top_left.jpg,4
r180_00366_top_left_aug_504_4.jpg,r180_00366_top_left.jpg,4
r180_00366_top_left_aug_589_4.jpg,r180_00366_top_left.jpg,4
r180_00366_top_left_aug_640_4.jpg,r180_00366_top_left.jpg,4
r180_00366_top_left_aug_676_4.jpg,r180_00366_top_left.jpg,4
r180_00366_top_left_aug_946_4.jpg,r180_00366_top_left.jpg,4
r180_00366_top_left_aug_94_4.jpg,r180_00366_top_left.jpg,4
r180_00367_bottom_left_aug_1027_4.jpg,r180_00367_bottom_left.jpg,4
r180_00367_bottom_left_aug_1274_4.jpg,r180_00367_bottom_left.jpg,4
r180_00367_bottom_left_aug_1346_4.jpg,r180_00367_bottom_left.jpg,4
r180_00367_bottom_left_aug_1400_4.jpg,r180_00367_bottom_left.jpg,4
r180_00367_bottom_left_aug_1543_4.jpg,r180_00367_bottom_left.jpg,4
r180_00367_bottom_left_aug_6_4.jpg,r180_00367_bottom_left.jpg,4
r180_00367_bottom_left_aug_916_4.jpg,r180_00367_bottom_left.jpg,4
r180_00370_top_right_aug_1179_3.jpg,r180_00370_top_right.jpg,3
r180_00370_top_right_aug_1285_3.jpg,r180_00370_top_right.jpg,3
r180_00370_top_right_aug_1295_3.jpg,r180_00370_top_right.jpg,3
r180_00370_top_right_aug_1330_3.jpg,r180_00370_top_right.jpg,3
r180_00370_top_right_aug_1390_3.jpg,r180_00370_top_right.jpg,3
r180_00370_top_right_aug_1669_3.jpg,r180_00370_top_right.jpg,3
r180_00370_top_right_aug_277_3.jpg,r180_00370_top_right.jpg,3
r180_00370_top_right_aug_349_3.jpg,r180_00370_top_right.jpg,3
r180_00370_top_right_aug_399_3.jpg,r180_00370_top_right.jpg,3
r180_00370_top_right_aug_458_3.jpg,r180_00370_top_right.jpg,3
r180_00370_top_right_aug_519_3.jpg,r180_00370_top_right.jpg,3
r180_00370_top_right_aug_663_3.jpg,r180_00370_top_right.jpg,3
r180_00370_top_right_aug_719_3.jpg,r180_00370_top_right.jpg,3
r180_00370_top_right_aug_826_3.jpg,r180_00370_top_right.jpg,3
r180_00374_bottom_left_aug_1459_0.jpg,r180_00374_bottom_left.jpg,0
r180_00374_bottom_left_aug_147_0.jpg,r180_00374_bottom_left.jpg,0
r180_00374_bottom_left_aug_424_0.jpg,r180_00374_bottom_left.jpg,0
r180_00374_bottom_right_aug_106_3.jpg,r180_00374_bottom_right.jpg,3
r180_00374_bottom_right_aug_1119_3.jpg,r180_00374_bottom_right.jpg,3
r180_00374_bottom_right_aug_1191_3.jpg,r180_00374_bottom_right.jpg,3
r180_00374_bottom_right_aug_1267_3.jpg,r180_00374_bottom_right.jpg,3
r180_00374_bottom_right_aug_1275_3.jpg,r180_00374_bottom_right.jpg,3
r180_00374_bottom_right_aug_1394_3.jpg,r180_00374_bottom_right.jpg,3
r180_00374_bottom_right_aug_1434_3.jpg,r180_00374_bottom_right.jpg,3
r180_00374_bottom_right_aug_1460_3.jpg,r180_00374_bottom_right.jpg,3
r180_00374_bottom_right_aug_1484_3.jpg,r180_00374_bottom_right.jpg,3
r180_00374_bottom_right_aug_1586_3.jpg,r180_00374_bottom_right.jpg,3
r180_00374_bottom_right_aug_1622_3.jpg,r180_00374_bottom_right.jpg,3
r180_00374_bottom_right_aug_1624_3.jpg,r180_00374_bottom_right.jpg,3
r180_00374_bottom_right_aug_174_3.jpg,r180_00374_bottom_right.jpg,3
r180_00374_bottom_right_aug_201_3.jpg,r180_00374_bottom_right.jpg,3
r180_00374_bottom_right_aug_278_3.jpg,r180_00374_bottom_right.jpg,3
r180_00374_bottom_right_aug_279_3.jpg,r180_00374_bottom_right.jpg,3
r180_00374_bottom_right_aug_281_3.jpg,r180_00374_bottom_right.jpg,3
r180_00374_bottom_right_aug_364_3.jpg,r180_00374_bottom_right.jpg,3
r180_00374_bottom_right_aug_400_3.jpg,r180_00374_bottom_right.jpg,3
r180_00374_bottom_right_aug_510_3.jpg,r180_00374_bottom_right.jpg,3
r180_00374_bottom_right_aug_527_3.jpg,r180_00374_bottom_right.jpg,3
r180_00374_bottom_right_aug_639_3.jpg,r180_00374_bottom_right.jpg,3
r180_00374_bottom_right_aug_801_3.jpg,r180_00374_bottom_right.jpg,3
r180_00374_bottom_right_aug_821_3.jpg,r180_00374_bottom_right.jpg,3
r180_00374_bottom_right_aug_881_3.jpg,r180_00374_bottom_right.jpg,3
r180_00374_bottom_right_aug_97_3.jpg,r180_00374_bottom_right.jpg,3
r180_00374_bottom_right_aug_992_3.jpg,r180_00374_bottom_right.jpg,3
r180_00375_bottom_right_aug_1009_3.jpg,r180_00375_bottom_right.jpg,3
r180_00375_bottom_right_aug_1010_3.jpg,r180_00375_bottom_right.jpg,3
r180_00375_bottom_right_aug_1051_3.jpg,r180_00375_bottom_right.jpg,3
r180_00375_bottom_right_aug_1170_3.jpg,r180_00375_bottom_right.jpg,3
r180_00375_bottom_right_aug_1443_3.jpg,r180_00375_bottom_right.jpg,3
r180_00375_bottom_right_aug_1559_3.jpg,r180_00375_bottom_right.jpg,3
r180_00375_bottom_right_aug_221_3.jpg,r180_00375_bottom_right.jpg,3
r180_00375_bottom_right_aug_466_3.jpg,r180_00375_bottom_right.jpg,3
r180_00375_bottom_right_aug_535_3.jpg,r180_00375_bottom_right.jpg,3
r180_00375_bottom_right_aug_556_3.jpg,r180_00375_bottom_right.jpg,3
r180_00375_bottom_right_aug_736_3.jpg,r180_00375_bottom_right.jpg,3
r180_00375_bottom_right_aug_867_3.jpg,r180_00375_bottom_right.jpg,3
r180_00375_bottom_right_aug_876_3.jpg,r180_00375_bottom_right.jpg,3
r180_00375_bottom_right_aug_953_3.jpg,r180_00375_bottom_right.jpg,3
r180_00378_top_left_aug_1063_3.jpg,r180_00378_top_left.jpg,3
r180_00378_top_left_aug_1224_3.jpg,r180_00378_top_left.jpg,3
r180_00378_top_left_aug_140_3.jpg,r180_00378_top_left.jpg,3
r180_00378_top_left_aug_1594_3.jpg,r180_00378_top_left.jpg,3
r180_00378_top_left_aug_172_3.jpg,r180_00378_top_left.jpg,3
r180_00378_top_left_aug_194_3.jpg,r180_00378_top_left.jpg,3
r180_00378_top_left_aug_379_3.jpg,r180_00378_top_left.jpg,3
r180_00378_top_left_aug_452_3.jpg,r180_00378_top_left.jpg,3
r180_00378_top_left_aug_571_3.jpg,r180_00378_top_left.jpg,3
r180_00378_top_left_aug_57_3.jpg,r180_00378_top_left.jpg,3
r180_00378_top_left_aug_623_3.jpg,r180_00378_top_left.jpg,3
r180_00378_top_left_aug_660_3.jpg,r180_00378_top_left.jpg,3
r180_00378_top_left_aug_913_3.jpg,r180_00378_top_left.jpg,3
r180_00378_top_right_aug_1012_3.jpg,r180_00378_top_right.jpg,3
r180_00378_top_right_aug_1101_3.jpg,r180_00378_top_right.jpg,3
r180_00378_top_right_aug_1113_3.jpg,r180_00378_top_right.jpg,3
r180_00378_top_right_aug_1238_3.jpg,r180_00378_top_right.jpg,3
r180_00378_top_right_aug_1249_3.jpg,r180_00378_top_right.jpg,3
r180_00378_top_right_aug_1256_3.jpg,r180_00378_top_right.jpg,3
r180_00378_top_right_aug_1258_3.jpg,r180_00378_top_right.jpg,3
r180_00378_top_right_aug_1301_3.jpg,r180_00378_top_right.jpg,3
r180_00378_top_right_aug_135_3.jpg,r180_00378_top_right.jpg,3
r180_00378_top_right_aug_1664_3.jpg,r180_00378_top_right.jpg,3
r180_00378_top_right_aug_1692_3.jpg,r180_00378_top_right.jpg,3
r180_00378_top_right_aug_1704_3.jpg,r180_00378_top_right.jpg,3
r180_00378_top_right_aug_33_3.jpg,r180_00378_top_right.jpg,3
r180_00378_top_right_aug_393_3.jpg,r180_00378_top_right.jpg,3
r180_00378_top_right_aug_404_3.jpg,r180_00378_top_right.jpg,3
r180_00378_top_right_aug_562_3.jpg,r180_00378_top_right.jpg,3
r180_00378_top_right_aug_601_3.jpg,r180_00378_top_right.jpg,3
r180_00378_top_right_aug_649_3.jpg,r180_00378_top_right.jpg,3
r180_00378_top_right_aug_712_3.jpg,r180_00378_top_right.jpg,3
r180_00378_top_right_aug_774_3.jpg,r180_00378_top_right.jpg,3
r180_00378_top_right_aug_851_3.jpg,r180_00378_top_right.jpg,3
r180_00378_top_right_aug_858_3.jpg,r180_00378_top_right.jpg,3
r180_00379_bottom_left_aug_107_3.jpg,r180_00379_bottom_left.jpg,3
r180_00379_bottom_left_aug_1104_3.jpg,r180_00379_bottom_left.jpg,3
r180_00379_bottom_left_aug_1177_3.jpg,r180_00379_bottom_left.jpg,3
r180_00379_bottom_left_aug_1283_3.jpg,r180_00379_bottom_left.jpg,3
r180_00379_bottom_left_aug_1486_3.jpg,r180_00379_bottom_left.jpg,3
r180_00379_bottom_left_aug_1504_3.jpg,r180_00379_bottom_left.jpg,3
r180_00379_bottom_left_aug_1525_3.jpg,r180_00379_bottom_left.jpg,3
r180_00379_bottom_left_aug_1649_3.jpg,r180_00379_bottom_left.jpg,3
r180_00379_bottom_left_aug_291_3.jpg,r180_00379_bottom_left.jpg,3
r180_00379_bottom_left_aug_606_3.jpg,r180_00379_bottom_left.jpg,3
r180_00379_bottom_left_aug_974_3.jpg,r180_00379_bottom_left.jpg,3
r180_00379_top_right_aug_1186_3.jpg,r180_00379_top_right.jpg,3
r180_00379_top_right_aug_1264_3.jpg,r180_00379_top_right.jpg,3
r180_00379_top_right_aug_126_3.jpg,r180_00379_top_right.jpg,3
r180_00379_top_right_aug_1319_3.jpg,r180_00379_top_right.jpg,3
r180_00379_top_right_aug_1324_3.jpg,r180_00379_top_right.jpg,3
r180_00379_top_right_aug_1336_3.jpg,r180_00379_top_right.jpg,3
r180_00379_top_right_aug_1415_3.jpg,r180_00379_top_right.jpg,3
r180_00379_top_right_aug_1422_3.jpg,r180_00379_top_right.jpg,3
r180_00379_top_right_aug_1544_3.jpg,r180_00379_top_right.jpg,3
r180_00379_top_right_aug_157_3.jpg,r180_00379_top_right.jpg,3
r180_00379_top_right_aug_1581_3.jpg,r180_00379_top_right.jpg,3
r180_00379_top_right_aug_1639_3.jpg,r180_00379_top_right.jpg,3
r180_00379_top_right_aug_16_3.jpg,r180_00379_top_right.jpg,3
r180_00379_top_right_aug_219_3.jpg,r180_00379_top_right.jpg,3
r180_00379_top_right_aug_3_3.jpg,r180_00379_top_right.jpg,3
r180_00379_top_right_aug_434_3.jpg,r180_00379_top_right.jpg,3
r180_00379_top_right_aug_640_3.jpg,r180_00379_top_right.jpg,3
r180_00379_top_right_aug_64_3.jpg,r180_00379_top_right.jpg,3
r180_00379_top_right_aug_94_3.jpg,r180_00379_top_right.jpg,3
r180_00381_top_left_aug_1064_3.jpg,r180_00381_top_left.jpg,3
r180_00381_top_left_aug_1077_3.jpg,r180_00381_top_left.jpg,3
r180_00381_top_left_aug_1419_3.jpg,r180_00381_top_left.jpg,3
r180_00381_top_left_aug_1485_0.jpg,r180_00381_top_left.jpg,0
r180_00381_top_left_aug_1520_3.jpg,r180_00381_top_left.jpg,3
r180_00381_top_left_aug_203_3.jpg,r180_00381_top_left.jpg,3
r180_00381_top_left_aug_23_3.jpg,r180_00381_top_left.jpg,3
r180_00381_top_left_aug_247_3.jpg,r180_00381_top_left.jpg,3
r180_00381_top_left_aug_287_0.jpg,r180_00381_top_left.jpg,0
r180_00381_top_left_aug_382_3.jpg,r180_00381_top_left.jpg,3
r180_00381_top_left_aug_408_0.jpg,r180_00381_top_left.jpg,0
r180_00381_top_left_aug_508_0.jpg,r180_00381_top_left.jpg,0
r180_00381_top_left_aug_578_3.jpg,r180_00381_top_left.jpg,3
r180_00381_top_left_aug_617_3.jpg,r180_00381_top_left.jpg,3
r180_00381_top_left_aug_635_3.jpg,r180_00381_top_left.jpg,3
r180_00381_top_left_aug_733_3.jpg,r180_00381_top_left.jpg,3
r180_00381_top_left_aug_758_3.jpg,r180_00381_top_left.jpg,3
r180_00381_top_left_aug_770_3.jpg,r180_00381_top_left.jpg,3
r180_00381_top_left_aug_787_3.jpg,r180_00381_top_left.jpg,3
r180_00381_top_left_aug_78_3.jpg,r180_00381_top_left.jpg,3
r180_00381_top_left_aug_797_3.jpg,r180_00381_top_left.jpg,3
r180_00381_top_left_aug_825_3.jpg,r180_00381_top_left.jpg,3
r180_00381_top_left_aug_886_0.jpg,r180_00381_top_left.jpg,0
r180_00381_top_left_aug_937_3.jpg,r180_00381_top_left.jpg,3
r180_00381_top_left_aug_957_3.jpg,r180_00381_top_left.jpg,3
r180_00381_top_left_aug_964_0.jpg,r180_00381_top_left.jpg,0
r180_00381_top_right_aug_1090_3.jpg,r180_00381_top_right.jpg,3
r180_00381_top_right_aug_1143_3.jpg,r180_00381_top_right.jpg,3
r180_00381_top_right_aug_1292_3.jpg,r180_00381_top_right.jpg,3
r180_00381_top_right_aug_1360_3.jpg,r180_00381_top_right.jpg,3
r180_00381_top_right_aug_138_3.jpg,r180_00381_top_right.jpg,3
r180_00381_top_right_aug_1401_3.jpg,r180_00381_top_right.jpg,3
r180_00381_top_right_aug_1436_3.jpg,r180_00381_top_right.jpg,3
r180_00381_top_right_aug_146_3.jpg,r180_00381_top_right.jpg,3
r180_00381_top_right_aug_29_3.jpg,r180_00381_top_right.jpg,3
r180_00381_top_right_aug_317_3.jpg,r180_00381_top_right.jpg,3
r180_00381_top_right_aug_49_3.jpg,r180_00381_top_right.jpg,3
r180_00381_top_right_aug_505_3.jpg,r180_00381_top_right.jpg,3
r180_00381_top_right_aug_514_3.jpg,r180_00381_top_right.jpg,3
r180_00381_top_right_aug_544_3.jpg,r180_00381_top_right.jpg,3
r180_00381_top_right_aug_669_3.jpg,r180_00381_top_right.jpg,3
r180_00381_top_right_aug_722_3.jpg,r180_00381_top_right.jpg,3
r180_00381_top_right_aug_734_3.jpg,r180_00381_top_right.jpg,3
r180_00381_top_right_aug_925_3.jpg,r180_00381_top_right.jpg,3
r180_00381_top_right_aug_931_3.jpg,r180_00381_top_right.jpg,3
r180_00381_top_right_aug_964_3.jpg,r180_00381_top_right.jpg,3
r180_00382_bottom_left_aug_11_0.jpg,r180_00382_bottom_left.jpg,0
r180_00382_bottom_left_aug_1215_0.jpg,r180_00382_bottom_left.jpg,0
r180_00382_bottom_left_aug_1341_0.jpg,r180_00382_bottom_left.jpg,0
r180_00382_bottom_left_aug_1405_0.jpg,r180_00382_bottom_left.jpg,0
r180_00382_bottom_left_aug_316_0.jpg,r180_00382_bottom_left.jpg,0
r180_00382_bottom_left_aug_836_0.jpg,r180_00382_bottom_left.jpg,0
r180_00390_bottom_left_aug_1008_3.jpg,r180_00390_bottom_left.jpg,3
r180_00390_bottom_left_aug_104_3.jpg,r180_00390_bottom_left.jpg,3
r180_00390_bottom_left_aug_1124_3.jpg,r180_00390_bottom_left.jpg,3
r180_00390_bottom_left_aug_1159_3.jpg,r180_00390_bottom_left.jpg,3
r180_00390_bottom_left_aug_1230_3.jpg,r180_00390_bottom_left.jpg,3
r180_00390_bottom_left_aug_1241_3.jpg,r180_00390_bottom_left.jpg,3
r180_00390_bottom_left_aug_1257_3.jpg,r180_00390_bottom_left.jpg,3
r180_00390_bottom_left_aug_1266_3.jpg,r180_00390_bottom_left.jpg,3
r180_00390_bottom_left_aug_1287_3.jpg,r180_00390_bottom_left.jpg,3
r180_00390_bottom_left_aug_1468_3.jpg,r180_00390_bottom_left.jpg,3
r180_00390_bottom_left_aug_1471_3.jpg,r180_00390_bottom_left.jpg,3
r180_00390_bottom_left_aug_1588_3.jpg,r180_00390_bottom_left.jpg,3
r180_00390_bottom_left_aug_1662_3.jpg,r180_00390_bottom_left.jpg,3
r180_00390_bottom_left_aug_210_3.jpg,r180_00390_bottom_left.jpg,3
r180_00390_bottom_left_aug_318_3.jpg,r180_00390_bottom_left.jpg,3
r180_00390_bottom_left_aug_321_3.jpg,r180_00390_bottom_left.jpg,3
r180_00390_bottom_left_aug_45_3.jpg,r180_00390_bottom_left.jpg,3
r180_00390_bottom_left_aug_53_3.jpg,r180_00390_bottom_left.jpg,3
r180_00390_bottom_left_aug_681_3.jpg,r180_00390_bottom_left.jpg,3
r180_00390_bottom_left_aug_745_3.jpg,r180_00390_bottom_left.jpg,3
r180_00390_bottom_left_aug_860_3.jpg,r180_00390_bottom_left.jpg,3
r180_00390_bottom_left_aug_936_3.jpg,r180_00390_bottom_left.jpg,3
r180_00390_top_left_aug_1037_4.jpg,r180_00390_top_left.jpg,4
r180_00390_top_left_aug_1185_4.jpg,r180_00390_top_left.jpg,4
r180_00390_top_left_aug_1305_4.jpg,r180_00390_top_left.jpg,4
r180_00390_top_left_aug_1388_4.jpg,r180_00390_top_left.jpg,4
r180_00390_top_left_aug_1422_4.jpg,r180_00390_top_left.jpg,4
r180_00390_top_left_aug_145_4.jpg,r180_00390_top_left.jpg,4
r180_00390_top_left_aug_372_4.jpg,r180_00390_top_left.jpg,4
r180_00390_top_left_aug_385_4.jpg,r180_00390_top_left.jpg,4
r180_00390_top_left_aug_411_4.jpg,r180_00390_top_left.jpg,4
r180_00390_top_left_aug_42_4.jpg,r180_00390_top_left.jpg,4
r180_00390_top_left_aug_480_4.jpg,r180_00390_top_left.jpg,4
r180_00390_top_left_aug_546_4.jpg,r180_00390_top_left.jpg,4
r180_00390_top_left_aug_61_4.jpg,r180_00390_top_left.jpg,4
r180_00390_top_left_aug_679_4.jpg,r180_00390_top_left.jpg,4
r180_00390_top_left_aug_717_4.jpg,r180_00390_top_left.jpg,4
r180_00390_top_left_aug_778_4.jpg,r180_00390_top_left.jpg,4
r180_00390_top_left_aug_816_4.jpg,r180_00390_top_left.jpg,4
r180_00390_top_left_aug_829_4.jpg,r180_00390_top_left.jpg,4
r180_00396_bottom_left_aug_107_4.jpg,r180_00396_bottom_left.jpg,4
r180_00396_bottom_left_aug_1112_4.jpg,r180_00396_bottom_left.jpg,4
r180_00396_bottom_left_aug_1188_4.jpg,r180_00396_bottom_left.jpg,4
r180_00396_bottom_left_aug_1227_4.jpg,r180_00396_bottom_left.jpg,4
r180_00396_bottom_left_aug_1513_4.jpg,r180_00396_bottom_left.jpg,4
r180_00396_bottom_left_aug_1629_4.jpg,r180_00396_bottom_left.jpg,4
r180_00396_bottom_left_aug_218_4.jpg,r180_00396_bottom_left.jpg,4
r180_00396_bottom_left_aug_35_4.jpg,r180_00396_bottom_left.jpg,4
r180_00396_bottom_left_aug_562_4.jpg,r180_00396_bottom_left.jpg,4
r180_00396_bottom_left_aug_642_4.jpg,r180_00396_bottom_left.jpg,4
r180_00396_bottom_left_aug_733_4.jpg,r180_00396_bottom_left.jpg,4
r180_00396_bottom_left_aug_867_4.jpg,r180_00396_bottom_left.jpg,4
r180_00396_bottom_left_aug_892_4.jpg,r180_00396_bottom_left.jpg,4
r180_00396_bottom_left_aug_898_4.jpg,r180_00396_bottom_left.jpg,4
r180_00396_bottom_left_aug_948_4.jpg,r180_00396_bottom_left.jpg,4
r180_00408_top_left_aug_1055_3.jpg,r180_00408_top_left.jpg,3
r180_00408_top_left_aug_1270_3.jpg,r180_00408_top_left.jpg,3
r180_00408_top_left_aug_1402_3.jpg,r180_00408_top_left.jpg,3
r180_00408_top_left_aug_1503_3.jpg,r180_00408_top_left.jpg,3
r180_00408_top_left_aug_1556_3.jpg,r180_00408_top_left.jpg,3
r180_00408_top_left_aug_1620_3.jpg,r180_00408_top_left.jpg,3
r180_00408_top_left_aug_1701_3.jpg,r180_00408_top_left.jpg,3
r180_00408_top_left_aug_202_3.jpg,r180_00408_top_left.jpg,3
r180_00408_top_left_aug_371_3.jpg,r180_00408_top_left.jpg,3
r180_00408_top_left_aug_629_3.jpg,r180_00408_top_left.jpg,3
r180_00408_top_left_aug_692_3.jpg,r180_00408_top_left.jpg,3
r180_00408_top_left_aug_791_3.jpg,r180_00408_top_left.jpg,3
r180_00408_top_left_aug_820_3.jpg,r180_00408_top_left.jpg,3
r180_00408_top_left_aug_971_3.jpg,r180_00408_top_left.jpg,3
r180_00411_top_left_aug_1111_3.jpg,r180_00411_top_left.jpg,3
r180_00411_top_left_aug_1152_3.jpg,r180_00411_top_left.jpg,3
r180_00411_top_left_aug_1255_3.jpg,r180_00411_top_left.jpg,3
r180_00411_top_left_aug_1342_3.jpg,r180_00411_top_left.jpg,3
r180_00411_top_left_aug_1357_3.jpg,r180_00411_top_left.jpg,3
r180_00411_top_left_aug_1369_3.jpg,r180_00411_top_left.jpg,3
r180_00411_top_left_aug_1399_3.jpg,r180_00411_top_left.jpg,3
r180_00411_top_left_aug_1439_3.jpg,r180_00411_top_left.jpg,3
r180_00411_top_left_aug_1451_3.jpg,r180_00411_top_left.jpg,3
r180_00411_top_left_aug_1457_3.jpg,r180_00411_top_left.jpg,3
r180_00411_top_left_aug_1530_3.jpg,r180_00411_top_left.jpg,3
r180_00411_top_left_aug_1538_3.jpg,r180_00411_top_left.jpg,3
r180_00411_top_left_aug_182_3.jpg,r180_00411_top_left.jpg,3
r180_00411_top_left_aug_248_3.jpg,r180_00411_top_left.jpg,3
r180_00411_top_left_aug_2_3.jpg,r180_00411_top_left.jpg,3
r180_00411_top_left_aug_343_3.jpg,r180_00411_top_left.jpg,3
r180_00411_top_left_aug_358_3.jpg,r180_00411_top_left.jpg,3
r180_00411_top_left_aug_450_3.jpg,r180_00411_top_left.jpg,3
r180_00411_top_left_aug_674_3.jpg,r180_00411_top_left.jpg,3
r180_00411_top_left_aug_746_3.jpg,r180_00411_top_left.jpg,3
r180_00411_top_left_aug_839_3.jpg,r180_00411_top_left.jpg,3
r180_00411_top_left_aug_939_3.jpg,r180_00411_top_left.jpg,3
r180_00411_top_left_aug_954_3.jpg,r180_00411_top_left.jpg,3
r180_00411_top_left_aug_958_3.jpg,r180_00411_top_left.jpg,3
r180_00412_bottom_right_aug_1069_3.jpg,r180_00412_bottom_right.jpg,3
r180_00412_bottom_right_aug_1156_3.jpg,r180_00412_bottom_right.jpg,3
r180_00412_bottom_right_aug_117_3.jpg,r180_00412_bottom_right.jpg,3
r180_00412_bottom_right_aug_214_3.jpg,r180_00412_bottom_right.jpg,3
r180_00412_bottom_right_aug_224_3.jpg,r180_00412_bottom_right.jpg,3
r180_00412_bottom_right_aug_27_3.jpg,r180_00412_bottom_right.jpg,3
r180_00412_bottom_right_aug_348_3.jpg,r180_00412_bottom_right.jpg,3
r180_00412_bottom_right_aug_426_3.jpg,r180_00412_bottom_right.jpg,3
r180_00412_bottom_right_aug_542_3.jpg,r180_00412_bottom_right.jpg,3
r180_00412_bottom_right_aug_819_3.jpg,r180_00412_bottom_right.jpg,3
r180_00412_bottom_right_aug_904_3.jpg,r180_00412_bottom_right.jpg,3
r180_00412_bottom_right_aug_932_3.jpg,r180_00412_bottom_right.jpg,3
r180_00415_top_right_aug_1099_3.jpg,r180_00415_top_right.jpg,3
r180_00415_top_right_aug_1148_3.jpg,r180_00415_top_right.jpg,3
r180_00415_top_right_aug_1281_3.jpg,r180_00415_top_right.jpg,3
r180_00415_top_right_aug_1284_3.jpg,r180_00415_top_right.jpg,3
r180_00415_top_right_aug_1465_3.jpg,r180_00415_top_right.jpg,3
r180_00415_top_right_aug_1575_3.jpg,r180_00415_top_right.jpg,3
r180_00415_top_right_aug_1587_3.jpg,r180_00415_top_right.jpg,3
r180_00415_top_right_aug_1691_3.jpg,r180_00415_top_right.jpg,3
r180_00415_top_right_aug_191_3.jpg,r180_00415_top_right.jpg,3
r180_00415_top_right_aug_267_3.jpg,r180_00415_top_right.jpg,3
r180_00415_top_right_aug_373_3.jpg,r180_00415_top_right.jpg,3
r180_00415_top_right_aug_625_3.jpg,r180_00415_top_right.jpg,3
r180_00415_top_right_aug_694_3.jpg,r180_00415_top_right.jpg,3
r180_00415_top_right_aug_81_3.jpg,r180_00415_top_right.jpg,3
r180_00415_top_right_aug_871_3.jpg,r180_00415_top_right.jpg,3
r180_00415_top_right_aug_897_3.jpg,r180_00415_top_right.jpg,3
r180_00416_bottom_right_aug_1180_3.jpg,r180_00416_bottom_right.jpg,3
r180_00416_bottom_right_aug_1248_3.jpg,r180_00416_bottom_right.jpg,3
r180_00416_bottom_right_aug_134_3.jpg,r180_00416_bottom_right.jpg,3
r180_00416_bottom_right_aug_1499_3.jpg,r180_00416_bottom_right.jpg,3
r180_00416_bottom_right_aug_1505_3.jpg,r180_00416_bottom_right.jpg,3
r180_00416_bottom_right_aug_150_3.jpg,r180_00416_bottom_right.jpg,3
r180_00416_bottom_right_aug_1686_3.jpg,r180_00416_bottom_right.jpg,3
r180_00416_bottom_right_aug_315_3.jpg,r180_00416_bottom_right.jpg,3
r180_00416_bottom_right_aug_408_3.jpg,r180_00416_bottom_right.jpg,3
r180_00416_bottom_right_aug_532_3.jpg,r180_00416_bottom_right.jpg,3
r180_00416_bottom_right_aug_584_3.jpg,r180_00416_bottom_right.jpg,3
r180_00416_bottom_right_aug_743_3.jpg,r180_00416_bottom_right.jpg,3
r180_00416_bottom_right_aug_769_3.jpg,r180_00416_bottom_right.jpg,3
r180_00416_bottom_right_aug_783_3.jpg,r180_00416_bottom_right.jpg,3
r180_00416_bottom_right_aug_806_3.jpg,r180_00416_bottom_right.jpg,3
r180_00416_bottom_right_aug_917_3.jpg,r180_00416_bottom_right.jpg,3
r180_00416_bottom_right_aug_959_3.jpg,r180_00416_bottom_right.jpg,3
r180_00417_top_left_aug_1002_3.jpg,r180_00417_top_left.jpg,3
r180_00417_top_left_aug_1068_3.jpg,r180_00417_top_left.jpg,3
r180_00417_top_left_aug_1075_3.jpg,r180_00417_top_left.jpg,3
r180_00417_top_left_aug_1110_3.jpg,r180_00417_top_left.jpg,3
r180_00417_top_left_aug_1160_3.jpg,r180_00417_top_left.jpg,3
r180_00417_top_left_aug_1231_3.jpg,r180_00417_top_left.jpg,3
r180_00417_top_left_aug_1329_3.jpg,r180_00417_top_left.jpg,3
r180_00417_top_left_aug_139_3.jpg,r180_00417_top_left.jpg,3
r180_00417_top_left_aug_1413_3.jpg,r180_00417_top_left.jpg,3
r180_00417_top_left_aug_1507_3.jpg,r180_00417_top_left.jpg,3
r180_00417_top_left_aug_1672_3.jpg,r180_00417_top_left.jpg,3
r180_00417_top_left_aug_1683_3.jpg,r180_00417_top_left.jpg,3
r180_00417_top_left_aug_1699_3.jpg,r180_00417_top_left.jpg,3
r180_00417_top_left_aug_296_3.jpg,r180_00417_top_left.jpg,3
r180_00417_top_left_aug_333_3.jpg,r180_00417_top_left.jpg,3
r180_00417_top_left_aug_374_3.jpg,r180_00417_top_left.jpg,3
r180_00417_top_left_aug_543_3.jpg,r180_00417_top_left.jpg,3
r180_00417_top_left_aug_690_3.jpg,r180_00417_top_left.jpg,3
r180_00417_top_left_aug_760_3.jpg,r180_00417_top_left.jpg,3
r180_00417_top_left_aug_948_3.jpg,r180_00417_top_left.jpg,3
r180_00417_top_right_aug_0_3.jpg,r180_00417_top_right.jpg,3
r180_00417_top_right_aug_102_3.jpg,r180_00417_top_right.jpg,3
r180_00417_top_right_aug_1091_3.jpg,r180_00417_top_right.jpg,3
r180_00417_top_right_aug_1145_3.jpg,r180_00417_top_right.jpg,3
r180_00417_top_right_aug_1_3.jpg,r180_00417_top_right.jpg,3
r180_00417_top_right_aug_470_3.jpg,r180_00417_top_right.jpg,3
r180_00417_top_right_aug_473_3.jpg,r180_00417_top_right.jpg,3
r180_00417_top_right_aug_568_3.jpg,r180_00417_top_right.jpg,3
r180_00417_top_right_aug_579_3.jpg,r180_00417_top_right.jpg,3
r180_00417_top_right_aug_614_3.jpg,r180_00417_top_right.jpg,3
r180_00417_top_right_aug_616_3.jpg,r180_00417_top_right.jpg,3
r180_00417_top_right_aug_633_3.jpg,r180_00417_top_right.jpg,3
r180_00417_top_right_aug_830_3.jpg,r180_00417_top_right.jpg,3
r180_00417_top_right_aug_833_3.jpg,r180_00417_top_right.jpg,3
r180_00417_top_right_aug_947_3.jpg,r180_00417_top_right.jpg,3
r180_00417_top_right_aug_968_3.jpg,r180_00417_top_right.jpg,3
r180_00418_bottom_left_aug_1066_3.jpg,r180_00418_bottom_left.jpg,3
r180_00418_bottom_left_aug_1092_3.jpg,r180_00418_bottom_left.jpg,3
r180_00418_bottom_left_aug_1100_3.jpg,r180_00418_bottom_left.jpg,3
r180_00418_bottom_left_aug_1149_3.jpg,r180_00418_bottom_left.jpg,3
r180_00418_bottom_left_aug_1211_3.jpg,r180_00418_bottom_left.jpg,3
r180_00418_bottom_left_aug_1228_3.jpg,r180_00418_bottom_left.jpg,3
r180_00418_bottom_left_aug_1332_3.jpg,r180_00418_bottom_left.jpg,3
r180_00418_bottom_left_aug_1351_3.jpg,r180_00418_bottom_left.jpg,3
r180_00418_bottom_left_aug_1400_3.jpg,r180_00418_bottom_left.jpg,3
r180_00418_bottom_left_aug_1513_3.jpg,r180_00418_bottom_left.jpg,3
r180_00418_bottom_left_aug_1549_3.jpg,r180_00418_bottom_left.jpg,3
r180_00418_bottom_left_aug_1604_3.jpg,r180_00418_bottom_left.jpg,3
r180_00418_bottom_left_aug_1682_3.jpg,r180_00418_bottom_left.jpg,3
r180_00418_bottom_left_aug_19_3.jpg,r180_00418_bottom_left.jpg,3
r180_00418_bottom_left_aug_345_3.jpg,r180_00418_bottom_left.jpg,3
r180_00418_bottom_left_aug_406_3.jpg,r180_00418_bottom_left.jpg,3
r180_00418_bottom_left_aug_58_3.jpg,r180_00418_bottom_left.jpg,3
r180_00418_bottom_left_aug_781_3.jpg,r180_00418_bottom_left.jpg,3
r180_00418_bottom_left_aug_884_3.jpg,r180_00418_bottom_left.jpg,3
r180_00418_bottom_left_aug_915_3.jpg,r180_00418_bottom_left.jpg,3
r180_00418_top_left_aug_1078_3.jpg,r180_00418_top_left.jpg,3
r180_00418_top_left_aug_1118_3.jpg,r180_00418_top_left.jpg,3
r180_00418_top_left_aug_114_3.jpg,r180_00418_top_left.jpg,3
r180_00418_top_left_aug_1243_0.jpg,r180_00418_top_left.jpg,0
r180_00418_top_left_aug_1269_3.jpg,r180_00418_top_left.jpg,3
r180_00418_top_left_aug_127_0.jpg,r180_00418_top_left.jpg,0
r180_00418_top_left_aug_1288_3.jpg,r180_00418_top_left.jpg,3
r180_00418_top_left_aug_1560_3.jpg,r180_00418_top_left.jpg,3
r180_00418_top_left_aug_1636_3.jpg,r180_00418_top_left.jpg,3
r180_00418_top_left_aug_1644_3.jpg,r180_00418_top_left.jpg,3
r180_00418_top_left_aug_234_0.jpg,r180_00418_top_left.jpg,0
r180_00418_top_left_aug_251_0.jpg,r180_00418_top_left.jpg,0
r180_00418_top_left_aug_363_0.jpg,r180_00418_top_left.jpg,0
r180_00418_top_left_aug_389_3.jpg,r180_00418_top_left.jpg,3
r180_00418_top_left_aug_488_3.jpg,r180_00418_top_left.jpg,3
r180_00418_top_left_aug_526_3.jpg,r180_00418_top_left.jpg,3
r180_00418_top_left_aug_52_3.jpg,r180_00418_top_left.jpg,3
r180_00418_top_left_aug_681_0.jpg,r180_00418_top_left.jpg,0
r180_00418_top_left_aug_7_3.jpg,r180_00418_top_left.jpg,3
r180_00418_top_left_aug_809_3.jpg,r180_00418_top_left.jpg,3
r180_00418_top_left_aug_823_3.jpg,r180_00418_top_left.jpg,3
r180_00418_top_left_aug_91_3.jpg,r180_00418_top_left.jpg,3
r180_00419_bottom_left_aug_1004_3.jpg,r180_00419_bottom_left.jpg,3
r180_00419_bottom_left_aug_1006_3.jpg,r180_00419_bottom_left.jpg,3
r180_00419_bottom_left_aug_1024_3.jpg,r180_00419_bottom_left.jpg,3
r180_00419_bottom_left_aug_1073_3.jpg,r180_00419_bottom_left.jpg,3
r180_00419_bottom_left_aug_1397_3.jpg,r180_00419_bottom_left.jpg,3
r180_00419_bottom_left_aug_1558_3.jpg,r180_00419_bottom_left.jpg,3
r180_00419_bottom_left_aug_1595_3.jpg,r180_00419_bottom_left.jpg,3
r180_00419_bottom_left_aug_161_3.jpg,r180_00419_bottom_left.jpg,3
r180_00419_bottom_left_aug_211_3.jpg,r180_00419_bottom_left.jpg,3
r180_00419_bottom_left_aug_229_3.jpg,r180_00419_bottom_left.jpg,3
r180_00419_bottom_left_aug_290_3.jpg,r180_00419_bottom_left.jpg,3
r180_00419_bottom_left_aug_342_3.jpg,r180_00419_bottom_left.jpg,3
r180_00419_bottom_left_aug_395_3.jpg,r180_00419_bottom_left.jpg,3
r180_00419_bottom_left_aug_611_3.jpg,r180_00419_bottom_left.jpg,3
r180_00419_bottom_left_aug_656_3.jpg,r180_00419_bottom_left.jpg,3
r180_00419_bottom_left_aug_782_3.jpg,r180_00419_bottom_left.jpg,3
r180_00419_bottom_left_aug_834_3.jpg,r180_00419_bottom_left.jpg,3
r180_00419_bottom_left_aug_88_3.jpg,r180_00419_bottom_left.jpg,3
r180_00419_bottom_left_aug_927_3.jpg,r180_00419_bottom_left.jpg,3
r180_00419_bottom_left_aug_940_3.jpg,r180_00419_bottom_left.jpg,3
r180_00419_bottom_right_aug_1087_3.jpg,r180_00419_bottom_right.jpg,3
r180_00419_bottom_right_aug_1167_3.jpg,r180_00419_bottom_right.jpg,3
r180_00419_bottom_right_aug_1245_3.jpg,r180_00419_bottom_right.jpg,3
r180_00419_bottom_right_aug_1317_3.jpg,r180_00419_bottom_right.jpg,3
r180_00419_bottom_right_aug_1461_3.jpg,r180_00419_bottom_right.jpg,3
r180_00419_bottom_right_aug_1469_3.jpg,r180_00419_bottom_right.jpg,3
r180_00419_bottom_right_aug_15_3.jpg,r180_00419_bottom_right.jpg,3
r180_00419_bottom_right_aug_165_3.jpg,r180_00419_bottom_right.jpg,3
r180_00419_bottom_right_aug_204_3.jpg,r180_00419_bottom_right.jpg,3
r180_00419_bottom_right_aug_246_3.jpg,r180_00419_bottom_right.jpg,3
r180_00419_bottom_right_aug_262_3.jpg,r180_00419_bottom_right.jpg,3
r180_00419_bottom_right_aug_346_3.jpg,r180_00419_bottom_right.jpg,3
r180_00419_bottom_right_aug_429_3.jpg,r180_00419_bottom_right.jpg,3
r180_00419_bottom_right_aug_457_3.jpg,r180_00419_bottom_right.jpg,3
r180_00419_bottom_right_aug_468_3.jpg,r180_00419_bottom_right.jpg,3
r180_00419_bottom_right_aug_485_3.jpg,r180_00419_bottom_right.jpg,3
r180_00419_bottom_right_aug_520_3.jpg,r180_00419_bottom_right.jpg,3
r180_00419_bottom_right_aug_603_3.jpg,r180_00419_bottom_right.jpg,3
r180_00419_bottom_right_aug_65_3.jpg,r180_00419_bottom_right.jpg,3
r180_00419_bottom_right_aug_721_3.jpg,r180_00419_bottom_right.jpg,3
r180_00419_bottom_right_aug_803_3.jpg,r180_00419_bottom_right.jpg,3
r180_00419_bottom_right_aug_879_3.jpg,r180_00419_bottom_right.jpg,3
r180_00419_bottom_right_aug_922_3.jpg,r180_00419_bottom_right.jpg,3
r180_00419_bottom_right_aug_926_3.jpg,r180_00419_bottom_right.jpg,3
r180_00420_top_right_aug_1273_3.jpg,r180_00420_top_right.jpg,3
r180_00420_top_right_aug_1294_3.jpg,r180_00420_top_right.jpg,3
r180_00420_top_right_aug_1455_3.jpg,r180_00420_top_right.jpg,3
r180_00420_top_right_aug_1534_3.jpg,r180_00420_top_right.jpg,3
r180_00420_top_right_aug_208_3.jpg,r180_00420_top_right.jpg,3
r180_00420_top_right_aug_372_3.jpg,r180_00420_top_right.jpg,3
r180_00420_top_right_aug_410_3.jpg,r180_00420_top_right.jpg,3
r180_00420_top_right_aug_438_3.jpg,r180_00420_top_right.jpg,3
r180_00420_top_right_aug_593_3.jpg,r180_00420_top_right.jpg,3
r180_00420_top_right_aug_607_3.jpg,r180_00420_top_right.jpg,3
r180_00420_top_right_aug_610_3.jpg,r180_00420_top_right.jpg,3
r180_00420_top_right_aug_687_3.jpg,r180_00420_top_right.jpg,3
r180_00420_top_right_aug_698_3.jpg,r180_00420_top_right.jpg,3
r180_00420_top_right_aug_716_3.jpg,r180_00420_top_right.jpg,3
r180_00420_top_right_aug_747_3.jpg,r180_00420_top_right.jpg,3
r180_00420_top_right_aug_755_3.jpg,r180_00420_top_right.jpg,3
r180_00420_top_right_aug_873_3.jpg,r180_00420_top_right.jpg,3
r180_00420_top_right_aug_902_3.jpg,r180_00420_top_right.jpg,3
r180_00423_top_left_aug_1074_0.jpg,r180_00423_top_left.jpg,0
r180_00423_top_left_aug_1500_0.jpg,r180_00423_top_left.jpg,0
r180_00423_top_left_aug_294_0.jpg,r180_00423_top_left.jpg,0
r180_00423_top_left_aug_591_0.jpg,r180_00423_top_left.jpg,0
r180_00423_top_left_aug_845_0.jpg,r180_00423_top_left.jpg,0
r180_00425_top_left_aug_1020_0.jpg,r180_00425_top_left.jpg,0
r180_00425_top_left_aug_149_0.jpg,r180_00425_top_left.jpg,0
r180_00425_top_left_aug_454_0.jpg,r180_00425_top_left.jpg,0
r180_00425_top_left_aug_762_0.jpg,r180_00425_top_left.jpg,0
r180_00425_top_left_aug_952_0.jpg,r180_00425_top_left.jpg,0
r180_00426_top_right_aug_1461_0.jpg,r180_00426_top_right.jpg,0
r180_00426_top_right_aug_1468_0.jpg,r180_00426_top_right.jpg,0
r180_00426_top_right_aug_192_0.jpg,r180_00426_top_right.jpg,0
r180_00426_top_right_aug_389_0.jpg,r180_00426_top_right.jpg,0
r180_00426_top_right_aug_66_0.jpg,r180_00426_top_right.jpg,0
r180_00427_top_left_aug_371_0.jpg,r180_00427_top_left.jpg,0
r180_00427_top_left_aug_539_0.jpg,r180_00427_top_left.jpg,0
r180_00427_top_left_aug_550_0.jpg,r180_00427_top_left.jpg,0
r180_00427_top_left_aug_927_0.jpg,r180_00427_top_left.jpg,0
r180_00427_top_left_aug_990_0.jpg,r180_00427_top_left.jpg,0
r180_00428_bottom_left_aug_1083_0.jpg,r180_00428_bottom_left.jpg,0
r180_00428_bottom_left_aug_1289_0.jpg,r180_00428_bottom_left.jpg,0
r180_00428_bottom_left_aug_1410_0.jpg,r180_00428_bottom_left.jpg,0
r180_00429_top_right_aug_1407_0.jpg,r180_00429_top_right.jpg,0
r180_00429_top_right_aug_218_0.jpg,r180_00429_top_right.jpg,0
r180_00429_top_right_aug_253_0.jpg,r180_00429_top_right.jpg,0
r180_00429_top_right_aug_749_0.jpg,r180_00429_top_right.jpg,0
r180_00442_bottom_right_aug_1137_4.jpg,r180_00442_bottom_right.jpg,4
r180_00442_bottom_right_aug_120_4.jpg,r180_00442_bottom_right.jpg,4
r180_00442_bottom_right_aug_1516_4.jpg,r180_00442_bottom_right.jpg,4
r180_00442_bottom_right_aug_1611_4.jpg,r180_00442_bottom_right.jpg,4
r180_00442_bottom_right_aug_1631_4.jpg,r180_00442_bottom_right.jpg,4
r180_00442_bottom_right_aug_213_4.jpg,r180_00442_bottom_right.jpg,4
r180_00442_bottom_right_aug_270_4.jpg,r180_00442_bottom_right.jpg,4
r180_00442_bottom_right_aug_273_4.jpg,r180_00442_bottom_right.jpg,4
r180_00442_bottom_right_aug_364_4.jpg,r180_00442_bottom_right.jpg,4
r180_00442_bottom_right_aug_370_4.jpg,r180_00442_bottom_right.jpg,4
r180_00442_bottom_right_aug_43_4.jpg,r180_00442_bottom_right.jpg,4
r180_00442_bottom_right_aug_559_4.jpg,r180_00442_bottom_right.jpg,4
r180_00442_bottom_right_aug_775_4.jpg,r180_00442_bottom_right.jpg,4
r180_00442_bottom_right_aug_889_4.jpg,r180_00442_bottom_right.jpg,4
r180_00442_bottom_right_aug_899_4.jpg,r180_00442_bottom_right.jpg,4
r180_00442_bottom_right_aug_903_4.jpg,r180_00442_bottom_right.jpg,4
r180_00442_bottom_right_aug_923_4.jpg,r180_00442_bottom_right.jpg,4
r180_00442_bottom_right_aug_971_4.jpg,r180_00442_bottom_right.jpg,4
r180_00442_top_left_aug_1129_4.jpg,r180_00442_top_left.jpg,4
r180_00442_top_left_aug_127_4.jpg,r180_00442_top_left.jpg,4
r180_00442_top_left_aug_1485_4.jpg,r180_00442_top_left.jpg,4
r180_00442_top_left_aug_1612_4.jpg,r180_00442_top_left.jpg,4
r180_00442_top_left_aug_271_4.jpg,r180_00442_top_left.jpg,4
r180_00442_top_left_aug_397_4.jpg,r180_00442_top_left.jpg,4
r180_00442_top_left_aug_549_4.jpg,r180_00442_top_left.jpg,4
r180_00442_top_left_aug_626_4.jpg,r180_00442_top_left.jpg,4
r180_00442_top_left_aug_69_4.jpg,r180_00442_top_left.jpg,4
r180_00442_top_left_aug_853_4.jpg,r180_00442_top_left.jpg,4
r180_00442_top_left_aug_860_4.jpg,r180_00442_top_left.jpg,4
r180_00442_top_left_aug_957_4.jpg,r180_00442_top_left.jpg,4
r180_00445_bottom_left_aug_1143_4.jpg,r180_00445_bottom_left.jpg,4
r180_00445_bottom_left_aug_1348_4.jpg,r180_00445_bottom_left.jpg,4
r180_00445_bottom_left_aug_1350_4.jpg,r180_00445_bottom_left.jpg,4
r180_00445_bottom_left_aug_1464_4.jpg,r180_00445_bottom_left.jpg,4
r180_00445_bottom_left_aug_1660_4.jpg,r180_00445_bottom_left.jpg,4
r180_00445_bottom_left_aug_296_4.jpg,r180_00445_bottom_left.jpg,4
r180_00445_bottom_left_aug_36_4.jpg,r180_00445_bottom_left.jpg,4
r180_00445_bottom_left_aug_489_4.jpg,r180_00445_bottom_left.jpg,4
r180_00445_bottom_left_aug_599_4.jpg,r180_00445_bottom_left.jpg,4
r180_00445_bottom_left_aug_749_4.jpg,r180_00445_bottom_left.jpg,4
r180_00445_bottom_left_aug_82_4.jpg,r180_00445_bottom_left.jpg,4
r180_00445_bottom_left_aug_973_4.jpg,r180_00445_bottom_left.jpg,4
r180_00445_bottom_left_aug_982_4.jpg,r180_00445_bottom_left.jpg,4
r180_00445_bottom_right_aug_1180_4.jpg,r180_00445_bottom_right.jpg,4
r180_00445_bottom_right_aug_1199_4.jpg,r180_00445_bottom_right.jpg,4
r180_00445_bottom_right_aug_1328_4.jpg,r180_00445_bottom_right.jpg,4
r180_00445_bottom_right_aug_1334_4.jpg,r180_00445_bottom_right.jpg,4
r180_00445_bottom_right_aug_1380_4.jpg,r180_00445_bottom_right.jpg,4
r180_00445_bottom_right_aug_1623_4.jpg,r180_00445_bottom_right.jpg,4
r180_00445_bottom_right_aug_207_4.jpg,r180_00445_bottom_right.jpg,4
r180_00445_bottom_right_aug_342_4.jpg,r180_00445_bottom_right.jpg,4
r180_00445_bottom_right_aug_530_4.jpg,r180_00445_bottom_right.jpg,4
r180_00445_bottom_right_aug_628_4.jpg,r180_00445_bottom_right.jpg,4
r180_00445_bottom_right_aug_658_4.jpg,r180_00445_bottom_right.jpg,4
r180_00445_bottom_right_aug_738_4.jpg,r180_00445_bottom_right.jpg,4
r180_00445_bottom_right_aug_906_4.jpg,r180_00445_bottom_right.jpg,4
r180_00445_top_left_aug_1014_4.jpg,r180_00445_top_left.jpg,4
r180_00445_top_left_aug_1385_4.jpg,r180_00445_top_left.jpg,4
r180_00445_top_left_aug_1394_4.jpg,r180_00445_top_left.jpg,4
r180_00445_top_left_aug_1478_4.jpg,r180_00445_top_left.jpg,4
r180_00445_top_left_aug_1488_4.jpg,r180_00445_top_left.jpg,4
r180_00445_top_left_aug_1498_4.jpg,r180_00445_top_left.jpg,4
r180_00445_top_left_aug_1637_4.jpg,r180_00445_top_left.jpg,4
r180_00445_top_left_aug_369_4.jpg,r180_00445_top_left.jpg,4
r180_00445_top_left_aug_439_4.jpg,r180_00445_top_left.jpg,4
r180_00445_top_left_aug_468_4.jpg,r180_00445_top_left.jpg,4
r180_00445_top_left_aug_539_4.jpg,r180_00445_top_left.jpg,4
r180_00445_top_left_aug_60_4.jpg,r180_00445_top_left.jpg,4
r180_00445_top_left_aug_75_4.jpg,r180_00445_top_left.jpg,4
r180_00445_top_left_aug_803_4.jpg,r180_00445_top_left.jpg,4
r180_00445_top_left_aug_815_4.jpg,r180_00445_top_left.jpg,4
r180_00446_top_right_aug_1183_4.jpg,r180_00446_top_right.jpg,4
r180_00446_top_right_aug_1214_4.jpg,r180_00446_top_right.jpg,4
r180_00446_top_right_aug_1239_4.jpg,r180_00446_top_right.jpg,4
r180_00446_top_right_aug_1245_4.jpg,r180_00446_top_right.jpg,4
r180_00446_top_right_aug_1376_4.jpg,r180_00446_top_right.jpg,4
r180_00446_top_right_aug_1428_4.jpg,r180_00446_top_right.jpg,4
r180_00446_top_right_aug_533_4.jpg,r180_00446_top_right.jpg,4
r180_00446_top_right_aug_904_4.jpg,r180_00446_top_right.jpg,4
r180_00446_top_right_aug_932_4.jpg,r180_00446_top_right.jpg,4
r180_00448_bottom_right_aug_1034_4.jpg,r180_00448_bottom_right.jpg,4
r180_00448_bottom_right_aug_1248_4.jpg,r180_00448_bottom_right.jpg,4
r180_00448_bottom_right_aug_1392_4.jpg,r180_00448_bottom_right.jpg,4
r180_00448_bottom_right_aug_1593_4.jpg,r180_00448_bottom_right.jpg,4
r180_00448_bottom_right_aug_173_4.jpg,r180_00448_bottom_right.jpg,4
r180_00448_bottom_right_aug_178_4.jpg,r180_00448_bottom_right.jpg,4
r180_00448_bottom_right_aug_542_4.jpg,r180_00448_bottom_right.jpg,4
r180_00448_bottom_right_aug_614_4.jpg,r180_00448_bottom_right.jpg,4
r180_00448_bottom_right_aug_703_4.jpg,r180_00448_bottom_right.jpg,4
r180_00448_bottom_right_aug_740_4.jpg,r180_00448_bottom_right.jpg,4
r180_00448_bottom_right_aug_761_4.jpg,r180_00448_bottom_right.jpg,4
r180_00449_bottom_right_aug_1091_4.jpg,r180_00449_bottom_right.jpg,4
r180_00449_bottom_right_aug_1175_4.jpg,r180_00449_bottom_right.jpg,4
r180_00449_bottom_right_aug_167_4.jpg,r180_00449_bottom_right.jpg,4
r180_00449_bottom_right_aug_16_4.jpg,r180_00449_bottom_right.jpg,4
r180_00449_bottom_right_aug_211_4.jpg,r180_00449_bottom_right.jpg,4
r180_00449_bottom_right_aug_242_4.jpg,r180_00449_bottom_right.jpg,4
r180_00449_bottom_right_aug_354_4.jpg,r180_00449_bottom_right.jpg,4
r180_00449_bottom_right_aug_538_4.jpg,r180_00449_bottom_right.jpg,4
r180_00449_bottom_right_aug_670_4.jpg,r180_00449_bottom_right.jpg,4
r180_00449_bottom_right_aug_759_4.jpg,r180_00449_bottom_right.jpg,4
r180_00449_bottom_right_aug_911_4.jpg,r180_00449_bottom_right.jpg,4
r180_00449_top_right_aug_1154_4.jpg,r180_00449_top_right.jpg,4
r180_00449_top_right_aug_1206_4.jpg,r180_00449_top_right.jpg,4
r180_00449_top_right_aug_1324_4.jpg,r180_00449_top_right.jpg,4
r180_00449_top_right_aug_134_4.jpg,r180_00449_top_right.jpg,4
r180_00449_top_right_aug_1472_4.jpg,r180_00449_top_right.jpg,4
r180_00449_top_right_aug_1535_4.jpg,r180_00449_top_right.jpg,4
r180_00449_top_right_aug_286_4.jpg,r180_00449_top_right.jpg,4
r180_00449_top_right_aug_580_4.jpg,r180_00449_top_right.jpg,4
r180_00449_top_right_aug_686_4.jpg,r180_00449_top_right.jpg,4
r180_00449_top_right_aug_808_4.jpg,r180_00449_top_right.jpg,4
r180_00449_top_right_aug_824_4.jpg,r180_00449_top_right.jpg,4
r180_00449_top_right_aug_855_4.jpg,r180_00449_top_right.jpg,4
r180_00449_top_right_aug_869_4.jpg,r180_00449_top_right.jpg,4
r180_00450_bottom_right_aug_1013_4.jpg,r180_00450_bottom_right.jpg,4
r180_00450_bottom_right_aug_1224_4.jpg,r180_00450_bottom_right.jpg,4
r180_00450_bottom_right_aug_1230_4.jpg,r180_00450_bottom_right.jpg,4
r180_00450_bottom_right_aug_1272_4.jpg,r180_00450_bottom_right.jpg,4
r180_00450_bottom_right_aug_1308_4.jpg,r180_00450_bottom_right.jpg,4
r180_00450_bottom_right_aug_1411_4.jpg,r180_00450_bottom_right.jpg,4
r180_00450_bottom_right_aug_513_4.jpg,r180_00450_bottom_right.jpg,4
r180_00450_bottom_right_aug_638_4.jpg,r180_00450_bottom_right.jpg,4
r180_00450_bottom_right_aug_826_4.jpg,r180_00450_bottom_right.jpg,4
r180_00450_top_right_aug_1023_4.jpg,r180_00450_top_right.jpg,4
r180_00450_top_right_aug_1098_4.jpg,r180_00450_top_right.jpg,4
r180_00450_top_right_aug_1144_4.jpg,r180_00450_top_right.jpg,4
r180_00450_top_right_aug_1220_4.jpg,r180_00450_top_right.jpg,4
r180_00450_top_right_aug_1496_4.jpg,r180_00450_top_right.jpg,4
r180_00450_top_right_aug_1594_4.jpg,r180_00450_top_right.jpg,4
r180_00450_top_right_aug_1658_4.jpg,r180_00450_top_right.jpg,4
r180_00450_top_right_aug_232_4.jpg,r180_00450_top_right.jpg,4
r180_00450_top_right_aug_303_4.jpg,r180_00450_top_right.jpg,4
r180_00450_top_right_aug_392_4.jpg,r180_00450_top_right.jpg,4
r180_00450_top_right_aug_441_4.jpg,r180_00450_top_right.jpg,4
r180_00450_top_right_aug_567_4.jpg,r180_00450_top_right.jpg,4
r180_00450_top_right_aug_754_4.jpg,r180_00450_top_right.jpg,4
r180_00450_top_right_aug_814_4.jpg,r180_00450_top_right.jpg,4
r180_00450_top_right_aug_956_4.jpg,r180_00450_top_right.jpg,4
r180_00450_top_right_aug_980_4.jpg,r180_00450_top_right.jpg,4
r180_00490_bottom_right_aug_1172_0.jpg,r180_00490_bottom_right.jpg,0
r180_00490_bottom_right_aug_1291_0.jpg,r180_00490_bottom_right.jpg,0
r180_00490_bottom_right_aug_165_0.jpg,r180_00490_bottom_right.jpg,0
r180_00490_bottom_right_aug_240_0.jpg,r180_00490_bottom_right.jpg,0
r180_00490_bottom_right_aug_628_0.jpg,r180_00490_bottom_right.jpg,0
r180_00490_bottom_right_aug_671_0.jpg,r180_00490_bottom_right.jpg,0
r180_00490_bottom_right_aug_710_0.jpg,r180_00490_bottom_right.jpg,0
r180_00494_bottom_right_aug_163_0.jpg,r180_00494_bottom_right.jpg,0
r180_00494_bottom_right_aug_41_0.jpg,r180_00494_bottom_right.jpg,0
r180_00494_bottom_right_aug_567_0.jpg,r180_00494_bottom_right.jpg,0
r180_00494_bottom_right_aug_757_0.jpg,r180_00494_bottom_right.jpg,0
r180_00494_bottom_right_aug_913_0.jpg,r180_00494_bottom_right.jpg,0
r180_00500_bottom_right_aug_1002_0.jpg,r180_00500_bottom_right.jpg,0
r180_00500_bottom_right_aug_1502_0.jpg,r180_00500_bottom_right.jpg,0
r180_00500_bottom_right_aug_533_0.jpg,r180_00500_bottom_right.jpg,0
r180_00500_bottom_right_aug_720_0.jpg,r180_00500_bottom_right.jpg,0
r180_00500_bottom_right_aug_723_0.jpg,r180_00500_bottom_right.jpg,0
r180_00500_bottom_right_aug_837_0.jpg,r180_00500_bottom_right.jpg,0
r180_00501_bottom_right_aug_1038_0.jpg,r180_00501_bottom_right.jpg,0
r180_00501_bottom_right_aug_1039_0.jpg,r180_00501_bottom_right.jpg,0
r180_00501_bottom_right_aug_275_0.jpg,r180_00501_bottom_right.jpg,0
r180_00501_bottom_right_aug_345_0.jpg,r180_00501_bottom_right.jpg,0
r180_00501_bottom_right_aug_492_0.jpg,r180_00501_bottom_right.jpg,0
r180_00501_bottom_right_aug_595_0.jpg,r180_00501_bottom_right.jpg,0
r180_00501_bottom_right_aug_982_0.jpg,r180_00501_bottom_right.jpg,0
r180_00501_top_left_aug_103_0.jpg,r180_00501_top_left.jpg,0
r180_00501_top_left_aug_1048_0.jpg,r180_00501_top_left.jpg,0
r180_00501_top_left_aug_1077_0.jpg,r180_00501_top_left.jpg,0
r180_00501_top_left_aug_462_0.jpg,r180_00501_top_left.jpg,0
r180_00501_top_left_aug_469_0.jpg,r180_00501_top_left.jpg,0
r180_00501_top_left_aug_675_0.jpg,r180_00501_top_left.jpg,0
r180_00501_top_left_aug_907_0.jpg,r180_00501_top_left.jpg,0
r180_00501_top_left_aug_988_0.jpg,r180_00501_top_left.jpg,0
r180_00502_top_right_aug_1086_3.jpg,r180_00502_top_right.jpg,3
r180_00502_top_right_aug_1259_3.jpg,r180_00502_top_right.jpg,3
r180_00502_top_right_aug_1282_3.jpg,r180_00502_top_right.jpg,3
r180_00502_top_right_aug_129_3.jpg,r180_00502_top_right.jpg,3
r180_00502_top_right_aug_1579_3.jpg,r180_00502_top_right.jpg,3
r180_00502_top_right_aug_250_3.jpg,r180_00502_top_right.jpg,3
r180_00502_top_right_aug_547_3.jpg,r180_00502_top_right.jpg,3
r180_00502_top_right_aug_582_3.jpg,r180_00502_top_right.jpg,3
r180_00502_top_right_aug_59_3.jpg,r180_00502_top_right.jpg,3
r180_00502_top_right_aug_643_3.jpg,r180_00502_top_right.jpg,3
r180_00502_top_right_aug_824_3.jpg,r180_00502_top_right.jpg,3
r180_00502_top_right_aug_905_3.jpg,r180_00502_top_right.jpg,3
r180_00502_top_right_aug_988_3.jpg,r180_00502_top_right.jpg,3
r180_00508_top_right_aug_1062_3.jpg,r180_00508_top_right.jpg,3
r180_00508_top_right_aug_1102_3.jpg,r180_00508_top_right.jpg,3
r180_00508_top_right_aug_130_3.jpg,r180_00508_top_right.jpg,3
r180_00508_top_right_aug_1495_3.jpg,r180_00508_top_right.jpg,3
r180_00508_top_right_aug_1496_3.jpg,r180_00508_top_right.jpg,3
r180_00508_top_right_aug_1532_3.jpg,r180_00508_top_right.jpg,3
r180_00508_top_right_aug_1580_3.jpg,r180_00508_top_right.jpg,3
r180_00508_top_right_aug_1621_3.jpg,r180_00508_top_right.jpg,3
r180_00508_top_right_aug_227_3.jpg,r180_00508_top_right.jpg,3
r180_00508_top_right_aug_259_3.jpg,r180_00508_top_right.jpg,3
r180_00508_top_right_aug_292_3.jpg,r180_00508_top_right.jpg,3
r180_00508_top_right_aug_295_3.jpg,r180_00508_top_right.jpg,3
r180_00508_top_right_aug_304_3.jpg,r180_00508_top_right.jpg,3
r180_00508_top_right_aug_313_3.jpg,r180_00508_top_right.jpg,3
r180_00508_top_right_aug_350_3.jpg,r180_00508_top_right.jpg,3
r180_00508_top_right_aug_478_3.jpg,r180_00508_top_right.jpg,3
r180_00508_top_right_aug_67_3.jpg,r180_00508_top_right.jpg,3
r180_00508_top_right_aug_729_3.jpg,r180_00508_top_right.jpg,3
r180_00508_top_right_aug_754_3.jpg,r180_00508_top_right.jpg,3
r180_00508_top_right_aug_805_3.jpg,r180_00508_top_right.jpg,3
r180_00508_top_right_aug_894_3.jpg,r180_00508_top_right.jpg,3
r180_00519_bottom_left_aug_1072_3.jpg,r180_00519_bottom_left.jpg,3
r180_00519_bottom_left_aug_1164_3.jpg,r180_00519_bottom_left.jpg,3
r180_00519_bottom_left_aug_1188_3.jpg,r180_00519_bottom_left.jpg,3
r180_00519_bottom_left_aug_1277_3.jpg,r180_00519_bottom_left.jpg,3
r180_00519_bottom_left_aug_128_3.jpg,r180_00519_bottom_left.jpg,3
r180_00519_bottom_left_aug_1328_3.jpg,r180_00519_bottom_left.jpg,3
r180_00519_bottom_left_aug_1428_3.jpg,r180_00519_bottom_left.jpg,3
r180_00519_bottom_left_aug_1613_3.jpg,r180_00519_bottom_left.jpg,3
r180_00519_bottom_left_aug_1641_3.jpg,r180_00519_bottom_left.jpg,3
r180_00519_bottom_left_aug_1663_3.jpg,r180_00519_bottom_left.jpg,3
r180_00519_bottom_left_aug_168_3.jpg,r180_00519_bottom_left.jpg,3
r180_00519_bottom_left_aug_179_3.jpg,r180_00519_bottom_left.jpg,3
r180_00519_bottom_left_aug_269_3.jpg,r180_00519_bottom_left.jpg,3
r180_00519_bottom_left_aug_55_3.jpg,r180_00519_bottom_left.jpg,3
r180_00519_bottom_left_aug_561_3.jpg,r180_00519_bottom_left.jpg,3
r180_00519_bottom_left_aug_605_3.jpg,r180_00519_bottom_left.jpg,3
r180_00519_bottom_left_aug_620_3.jpg,r180_00519_bottom_left.jpg,3
r180_00519_bottom_left_aug_673_3.jpg,r180_00519_bottom_left.jpg,3
r180_00519_bottom_left_aug_965_3.jpg,r180_00519_bottom_left.jpg,3
r180_00521_top_right_aug_1166_0.jpg,r180_00521_top_right.jpg,0
r180_00521_top_right_aug_1213_0.jpg,r180_00521_top_right.jpg,0
r180_00521_top_right_aug_1275_0.jpg,r180_00521_top_right.jpg,0
r180_00521_top_right_aug_1378_0.jpg,r180_00521_top_right.jpg,0
r180_00521_top_right_aug_434_0.jpg,r180_00521_top_right.jpg,0
r180_00521_top_right_aug_850_0.jpg,r180_00521_top_right.jpg,0
r180_00522_top_right_aug_1023_0.jpg,r180_00522_top_right.jpg,0
r180_00522_top_right_aug_1071_0.jpg,r180_00522_top_right.jpg,0
r180_00522_top_right_aug_1328_0.jpg,r180_00522_top_right.jpg,0
r180_00522_top_right_aug_1360_0.jpg,r180_00522_top_right.jpg,0
r180_00522_top_right_aug_1463_0.jpg,r180_00522_top_right.jpg,0
r180_00522_top_right_aug_1469_0.jpg,r180_00522_top_right.jpg,0
r180_00522_top_right_aug_289_0.jpg,r180_00522_top_right.jpg,0
r180_00522_top_right_aug_358_0.jpg,r180_00522_top_right.jpg,0
r180_00522_top_right_aug_603_0.jpg,r180_00522_top_right.jpg,0
r180_00522_top_right_aug_918_0.jpg,r180_00522_top_right.jpg,0
r180_00524_top_left_aug_1271_0.jpg,r180_00524_top_left.jpg,0
r180_00524_top_left_aug_1286_0.jpg,r180_00524_top_left.jpg,0
r180_00524_top_left_aug_1386_0.jpg,r180_00524_top_left.jpg,0
r180_00524_top_left_aug_217_0.jpg,r180_00524_top_left.jpg,0
r180_00524_top_left_aug_574_0.jpg,r180_00524_top_left.jpg,0
r180_00524_top_left_aug_816_0.jpg,r180_00524_top_left.jpg,0
r180_00525_top_left_aug_1123_0.jpg,r180_00525_top_left.jpg,0
r180_00525_top_left_aug_1458_0.jpg,r180_00525_top_left.jpg,0
r180_00525_top_left_aug_298_0.jpg,r180_00525_top_left.jpg,0
r180_00525_top_left_aug_361_0.jpg,r180_00525_top_left.jpg,0
r180_00525_top_left_aug_443_0.jpg,r180_00525_top_left.jpg,0
r180_00527_bottom_left_aug_1056_3.jpg,r180_00527_bottom_left.jpg,3
r180_00527_bottom_left_aug_1115_3.jpg,r180_00527_bottom_left.jpg,3
r180_00527_bottom_left_aug_1139_0.jpg,r180_00527_bottom_left.jpg,0
r180_00527_bottom_left_aug_1214_3.jpg,r180_00527_bottom_left.jpg,3
r180_00527_bottom_left_aug_1337_0.jpg,r180_00527_bottom_left.jpg,0
r180_00527_bottom_left_aug_1379_3.jpg,r180_00527_bottom_left.jpg,3
r180_00527_bottom_left_aug_1381_3.jpg,r180_00527_bottom_left.jpg,3
r180_00527_bottom_left_aug_1414_3.jpg,r180_00527_bottom_left.jpg,3
r180_00527_bottom_left_aug_1424_3.jpg,r180_00527_bottom_left.jpg,3
r180_00527_bottom_left_aug_1554_3.jpg,r180_00527_bottom_left.jpg,3
r180_00527_bottom_left_aug_1606_3.jpg,r180_00527_bottom_left.jpg,3
r180_00527_bottom_left_aug_167_3.jpg,r180_00527_bottom_left.jpg,3
r180_00527_bottom_left_aug_196_3.jpg,r180_00527_bottom_left.jpg,3
r180_00527_bottom_left_aug_319_3.jpg,r180_00527_bottom_left.jpg,3
r180_00527_bottom_left_aug_460_3.jpg,r180_00527_bottom_left.jpg,3
r180_00527_bottom_left_aug_553_3.jpg,r180_00527_bottom_left.jpg,3
r180_00527_bottom_left_aug_693_3.jpg,r180_00527_bottom_left.jpg,3
r180_00527_bottom_left_aug_790_0.jpg,r180_00527_bottom_left.jpg,0
r180_00527_bottom_left_aug_840_3.jpg,r180_00527_bottom_left.jpg,3
r180_00527_bottom_right_aug_100_3.jpg,r180_00527_bottom_right.jpg,3
r180_00527_bottom_right_aug_1028_3.jpg,r180_00527_bottom_right.jpg,3
r180_00527_bottom_right_aug_1089_3.jpg,r180_00527_bottom_right.jpg,3
r180_00527_bottom_right_aug_1103_3.jpg,r180_00527_bottom_right.jpg,3
r180_00527_bottom_right_aug_1499_0.jpg,r180_00527_bottom_right.jpg,0
r180_00527_bottom_right_aug_1506_3.jpg,r180_00527_bottom_right.jpg,3
r180_00527_bottom_right_aug_152_3.jpg,r180_00527_bottom_right.jpg,3
r180_00527_bottom_right_aug_1597_3.jpg,r180_00527_bottom_right.jpg,3
r180_00527_bottom_right_aug_1655_3.jpg,r180_00527_bottom_right.jpg,3
r180_00527_bottom_right_aug_1677_3.jpg,r180_00527_bottom_right.jpg,3
r180_00527_bottom_right_aug_237_3.jpg,r180_00527_bottom_right.jpg,3
r180_00527_bottom_right_aug_240_3.jpg,r180_00527_bottom_right.jpg,3
r180_00527_bottom_right_aug_244_3.jpg,r180_00527_bottom_right.jpg,3
r180_00527_bottom_right_aug_270_3.jpg,r180_00527_bottom_right.jpg,3
r180_00527_bottom_right_aug_28_0.jpg,r180_00527_bottom_right.jpg,0
r180_00527_bottom_right_aug_316_3.jpg,r180_00527_bottom_right.jpg,3
r180_00527_bottom_right_aug_361_3.jpg,r180_00527_bottom_right.jpg,3
r180_00527_bottom_right_aug_370_3.jpg,r180_00527_bottom_right.jpg,3
r180_00527_bottom_right_aug_384_3.jpg,r180_00527_bottom_right.jpg,3
r180_00527_bottom_right_aug_402_3.jpg,r180_00527_bottom_right.jpg,3
r180_00527_bottom_right_aug_446_3.jpg,r180_00527_bottom_right.jpg,3
r180_00527_bottom_right_aug_565_0.jpg,r180_00527_bottom_right.jpg,0
r180_00527_bottom_right_aug_868_0.jpg,r180_00527_bottom_right.jpg,0
r180_00528_bottom_right_aug_1005_0.jpg,r180_00528_bottom_right.jpg,0
r180_00528_bottom_right_aug_1060_3.jpg,r180_00528_bottom_right.jpg,3
r180_00528_bottom_right_aug_1331_0.jpg,r180_00528_bottom_right.jpg,0
r180_00528_bottom_right_aug_1378_3.jpg,r180_00528_bottom_right.jpg,3
r180_00528_bottom_right_aug_1384_3.jpg,r180_00528_bottom_right.jpg,3
r180_00528_bottom_right_aug_1466_0.jpg,r180_00528_bottom_right.jpg,0
r180_00528_bottom_right_aug_1584_3.jpg,r180_00528_bottom_right.jpg,3
r180_00528_bottom_right_aug_1602_3.jpg,r180_00528_bottom_right.jpg,3
r180_00528_bottom_right_aug_1632_3.jpg,r180_00528_bottom_right.jpg,3
r180_00528_bottom_right_aug_1656_3.jpg,r180_00528_bottom_right.jpg,3
r180_00528_bottom_right_aug_1661_3.jpg,r180_00528_bottom_right.jpg,3
r180_00528_bottom_right_aug_1688_3.jpg,r180_00528_bottom_right.jpg,3
r180_00528_bottom_right_aug_181_0.jpg,r180_00528_bottom_right.jpg,0
r180_00528_bottom_right_aug_182_0.jpg,r180_00528_bottom_right.jpg,0
r180_00528_bottom_right_aug_31_0.jpg,r180_00528_bottom_right.jpg,0
r180_00528_bottom_right_aug_397_3.jpg,r180_00528_bottom_right.jpg,3
r180_00528_bottom_right_aug_650_3.jpg,r180_00528_bottom_right.jpg,3
r180_00528_bottom_right_aug_661_3.jpg,r180_00528_bottom_right.jpg,3
r180_00528_bottom_right_aug_714_3.jpg,r180_00528_bottom_right.jpg,3
r180_00528_bottom_right_aug_73_3.jpg,r180_00528_bottom_right.jpg,3
r180_00528_bottom_right_aug_741_3.jpg,r180_00528_bottom_right.jpg,3
r180_00528_bottom_right_aug_952_3.jpg,r180_00528_bottom_right.jpg,3
r180_00528_bottom_right_aug_962_3.jpg,r180_00528_bottom_right.jpg,3
r180_00528_top_right_aug_1474_0.jpg,r180_00528_top_right.jpg,0
r180_00528_top_right_aug_1490_0.jpg,r180_00528_top_right.jpg,0
r180_00528_top_right_aug_1513_0.jpg,r180_00528_top_right.jpg,0
r180_00528_top_right_aug_842_0.jpg,r180_00528_top_right.jpg,0
r180_00528_top_right_aug_866_0.jpg,r180_00528_top_right.jpg,0
r180_00529_top_left_aug_1161_3.jpg,r180_00529_top_left.jpg,3
r180_00529_top_left_aug_1296_3.jpg,r180_00529_top_left.jpg,3
r180_00529_top_left_aug_1365_3.jpg,r180_00529_top_left.jpg,3
r180_00529_top_left_aug_1389_3.jpg,r180_00529_top_left.jpg,3
r180_00529_top_left_aug_1431_3.jpg,r180_00529_top_left.jpg,3
r180_00529_top_left_aug_1501_3.jpg,r180_00529_top_left.jpg,3
r180_00529_top_left_aug_1603_3.jpg,r180_00529_top_left.jpg,3
r180_00529_top_left_aug_1611_3.jpg,r180_00529_top_left.jpg,3
r180_00529_top_left_aug_303_3.jpg,r180_00529_top_left.jpg,3
r180_00529_top_left_aug_413_3.jpg,r180_00529_top_left.jpg,3
r180_00529_top_left_aug_419_3.jpg,r180_00529_top_left.jpg,3
r180_00529_top_left_aug_421_3.jpg,r180_00529_top_left.jpg,3
r180_00529_top_left_aug_479_3.jpg,r180_00529_top_left.jpg,3
r180_00529_top_left_aug_865_3.jpg,r180_00529_top_left.jpg,3
r180_00530_bottom_right_aug_1452_0.jpg,r180_00530_bottom_right.jpg,0
r180_00530_bottom_right_aug_1501_0.jpg,r180_00530_bottom_right.jpg,0
r180_00530_bottom_right_aug_359_0.jpg,r180_00530_bottom_right.jpg,0
r180_00530_bottom_right_aug_390_0.jpg,r180_00530_bottom_right.jpg,0
r180_00530_bottom_right_aug_669_0.jpg,r180_00530_bottom_right.jpg,0
r180_00530_bottom_right_aug_770_0.jpg,r180_00530_bottom_right.jpg,0
r180_00530_bottom_right_aug_79_0.jpg,r180_00530_bottom_right.jpg,0
r180_00535_bottom_right_aug_1032_3.jpg,r180_00535_bottom_right.jpg,3
r180_00535_bottom_right_aug_1041_3.jpg,r180_00535_bottom_right.jpg,3
r180_00535_bottom_right_aug_1106_3.jpg,r180_00535_bottom_right.jpg,3
r180_00535_bottom_right_aug_1151_3.jpg,r180_00535_bottom_right.jpg,3
r180_00535_bottom_right_aug_121_3.jpg,r180_00535_bottom_right.jpg,3
r180_00535_bottom_right_aug_1279_3.jpg,r180_00535_bottom_right.jpg,3
r180_00535_bottom_right_aug_1311_3.jpg,r180_00535_bottom_right.jpg,3
r180_00535_bottom_right_aug_1358_3.jpg,r180_00535_bottom_right.jpg,3
r180_00535_bottom_right_aug_1389_0.jpg,r180_00535_bottom_right.jpg,0
r180_00535_bottom_right_aug_1459_3.jpg,r180_00535_bottom_right.jpg,3
r180_00535_bottom_right_aug_186_3.jpg,r180_00535_bottom_right.jpg,3
r180_00535_bottom_right_aug_198_3.jpg,r180_00535_bottom_right.jpg,3
r180_00535_bottom_right_aug_199_3.jpg,r180_00535_bottom_right.jpg,3
r180_00535_bottom_right_aug_255_3.jpg,r180_00535_bottom_right.jpg,3
r180_00535_bottom_right_aug_324_3.jpg,r180_00535_bottom_right.jpg,3
r180_00535_bottom_right_aug_378_3.jpg,r180_00535_bottom_right.jpg,3
r180_00535_bottom_right_aug_425_0.jpg,r180_00535_bottom_right.jpg,0
r180_00535_bottom_right_aug_494_3.jpg,r180_00535_bottom_right.jpg,3
r180_00535_bottom_right_aug_550_3.jpg,r180_00535_bottom_right.jpg,3
r180_00535_bottom_right_aug_580_3.jpg,r180_00535_bottom_right.jpg,3
r180_00535_bottom_right_aug_590_0.jpg,r180_00535_bottom_right.jpg,0
r180_00535_bottom_right_aug_596_0.jpg,r180_00535_bottom_right.jpg,0
r180_00535_bottom_right_aug_613_3.jpg,r180_00535_bottom_right.jpg,3
r180_00535_bottom_right_aug_66_3.jpg,r180_00535_bottom_right.jpg,3
r180_00535_bottom_right_aug_695_3.jpg,r180_00535_bottom_right.jpg,3
r180_00535_bottom_right_aug_723_3.jpg,r180_00535_bottom_right.jpg,3
r180_00535_bottom_right_aug_838_3.jpg,r180_00535_bottom_right.jpg,3
r180_00535_bottom_right_aug_930_3.jpg,r180_00535_bottom_right.jpg,3
tb_00001_top_right_aug_1018_0.jpg,tb_00001_top_right.jpg,0
tb_00001_top_right_aug_115_0.jpg,tb_00001_top_right.jpg,0
tb_00001_top_right_aug_1301_0.jpg,tb_00001_top_right.jpg,0
tb_00001_top_right_aug_1383_0.jpg,tb_00001_top_right.jpg,0
tb_00001_top_right_aug_1437_0.jpg,tb_00001_top_right.jpg,0
tb_00001_top_right_aug_288_0.jpg,tb_00001_top_right.jpg,0
tb_00002_top_right_aug_1400_0.jpg,tb_00002_top_right.jpg,0
tb_00002_top_right_aug_265_0.jpg,tb_00002_top_right.jpg,0
tb_00002_top_right_aug_495_0.jpg,tb_00002_top_right.jpg,0
tb_00002_top_right_aug_61_0.jpg,tb_00002_top_right.jpg,0
tb_00002_top_right_aug_668_0.jpg,tb_00002_top_right.jpg,0
tb_00002_top_right_aug_727_0.jpg,tb_00002_top_right.jpg,0
tb_00002_top_right_aug_932_0.jpg,tb_00002_top_right.jpg,0
tb_00003_bottom_right_aug_1028_0.jpg,tb_00003_bottom_right.jpg,0
tb_00003_bottom_right_aug_271_0.jpg,tb_00003_bottom_right.jpg,0
tb_00003_bottom_right_aug_484_0.jpg,tb_00003_bottom_right.jpg,0
tb_00003_bottom_right_aug_536_0.jpg,tb_00003_bottom_right.jpg,0
tb_00003_bottom_right_aug_622_0.jpg,tb_00003_bottom_right.jpg,0
tb_00003_bottom_right_aug_648_0.jpg,tb_00003_bottom_right.jpg,0
tb_00004_bottom_right_aug_1003_0.jpg,tb_00004_bottom_right.jpg,0
tb_00004_bottom_right_aug_1335_0.jpg,tb_00004_bottom_right.jpg,0
tb_00004_bottom_right_aug_169_0.jpg,tb_00004_bottom_right.jpg,0
tb_00004_bottom_right_aug_369_0.jpg,tb_00004_bottom_right.jpg,0
tb_00004_bottom_right_aug_505_0.jpg,tb_00004_bottom_right.jpg,0
tb_00004_bottom_right_aug_664_0.jpg,tb_00004_bottom_right.jpg,0
tb_00004_bottom_right_aug_972_0.jpg,tb_00004_bottom_right.jpg,0
tb_00004_top_right_aug_1087_0.jpg,tb_00004_top_right.jpg,0
tb_00004_top_right_aug_1137_0.jpg,tb_00004_top_right.jpg,0
tb_00004_top_right_aug_20_0.jpg,tb_00004_top_right.jpg,0
tb_00006_top_left_aug_104_0.jpg,tb_00006_top_left.jpg,0
tb_00006_top_left_aug_1249_0.jpg,tb_00006_top_left.jpg,0
tb_00006_top_left_aug_523_0.jpg,tb_00006_top_left.jpg,0
tb_00006_top_left_aug_899_0.jpg,tb_00006_top_left.jpg,0
tb_00006_top_right_aug_1191_0.jpg,tb_00006_top_right.jpg,0
tb_00006_top_right_aug_1246_0.jpg,tb_00006_top_right.jpg,0
tb_00006_top_right_aug_1300_0.jpg,tb_00006_top_right.jpg,0
tb_00006_top_right_aug_205_0.jpg,tb_00006_top_right.jpg,0
tb_00006_top_right_aug_592_0.jpg,tb_00006_top_right.jpg,0
tb_00006_top_right_aug_609_0.jpg,tb_00006_top_right.jpg,0
tb_00006_top_right_aug_878_0.jpg,tb_00006_top_right.jpg,0
tb_00006_top_right_aug_87_0.jpg,tb_00006_top_right.jpg,0
tb_00012_top_right_aug_1016_4.jpg,tb_00012_top_right.jpg,4
tb_00012_top_right_aug_1118_4.jpg,tb_00012_top_right.jpg,4
tb_00012_top_right_aug_1234_4.jpg,tb_00012_top_right.jpg,4
tb_00012_top_right_aug_1402_4.jpg,tb_00012_top_right.jpg,4
tb_00012_top_right_aug_1430_0.jpg,tb_00012_top_right.jpg,0
tb_00012_top_right_aug_1457_0.jpg,tb_00012_top_right.jpg,0
tb_00012_top_right_aug_1493_4.jpg,tb_00012_top_right.jpg,4
tb_00012_top_right_aug_1521_4.jpg,tb_00012_top_right.jpg,4
tb_00012_top_right_aug_1654_4.jpg,tb_00012_top_right.jpg,4
tb_00012_top_right_aug_175_4.jpg,tb_00012_top_right.jpg,4
tb_00012_top_right_aug_201_4.jpg,tb_00012_top_right.jpg,4
tb_00012_top_right_aug_214_4.jpg,tb_00012_top_right.jpg,4
tb_00012_top_right_aug_228_0.jpg,tb_00012_top_right.jpg,0
tb_00012_top_right_aug_305_4.jpg,tb_00012_top_right.jpg,4
tb_00012_top_right_aug_437_4.jpg,tb_00012_top_right.jpg,4
tb_00012_top_right_aug_47_4.jpg,tb_00012_top_right.jpg,4
tb_00012_top_right_aug_542_0.jpg,tb_00012_top_right.jpg,0
tb_00012_top_right_aug_663_4.jpg,tb_00012_top_right.jpg,4
tb_00012_top_right_aug_694_0.jpg,tb_00012_top_right.jpg,0
tb_00012_top_right_aug_728_0.jpg,tb_00012_top_right.jpg,0
tb_00012_top_right_aug_858_4.jpg,tb_00012_top_right.jpg,4
tb_00012_top_right_aug_930_4.jpg,tb_00012_top_right.jpg,4
tb_00012_top_right_aug_994_4.jpg,tb_00012_top_right.jpg,4
tb_00013_bottom_left_aug_1115_0.jpg,tb_00013_bottom_left.jpg,0
tb_00013_bottom_left_aug_1393_0.jpg,tb_00013_bottom_left.jpg,0
tb_00013_bottom_left_aug_255_0.jpg,tb_00013_bottom_left.jpg,0
tb_00013_bottom_left_aug_638_0.jpg,tb_00013_bottom_left.jpg,0
tb_00016_bottom_right_aug_1066_0.jpg,tb_00016_bottom_right.jpg,0
tb_00016_bottom_right_aug_1128_0.jpg,tb_00016_bottom_right.jpg,0
tb_00016_bottom_right_aug_1290_0.jpg,tb_00016_bottom_right.jpg,0
tb_00016_bottom_right_aug_239_0.jpg,tb_00016_bottom_right.jpg,0
tb_00016_bottom_right_aug_650_0.jpg,tb_00016_bottom_right.jpg,0
tb_00017_bottom_right_aug_1061_0.jpg,tb_00017_bottom_right.jpg,0
tb_00017_bottom_right_aug_328_0.jpg,tb_00017_bottom_right.jpg,0
tb_00017_bottom_right_aug_330_0.jpg,tb_00017_bottom_right.jpg,0
tb_00017_bottom_right_aug_942_0.jpg,tb_00017_bottom_right.jpg,0
tb_00017_top_right_aug_1029_0.jpg,tb_00017_top_right.jpg,0
tb_00017_top_right_aug_698_0.jpg,tb_00017_top_right.jpg,0
tb_00018_bottom_left_aug_1131_0.jpg,tb_00018_bottom_left.jpg,0
tb_00018_bottom_left_aug_1319_0.jpg,tb_00018_bottom_left.jpg,0
tb_00018_bottom_left_aug_157_0.jpg,tb_00018_bottom_left.jpg,0
tb_00018_bottom_left_aug_391_0.jpg,tb_00018_bottom_left.jpg,0
tb_00018_bottom_left_aug_69_0.jpg,tb_00018_bottom_left.jpg,0
tb_00018_bottom_left_aug_784_0.jpg,tb_00018_bottom_left.jpg,0
tb_00018_bottom_left_aug_993_0.jpg,tb_00018_bottom_left.jpg,0
tb_00018_bottom_right_aug_1086_0.jpg,tb_00018_bottom_right.jpg,0
tb_00018_bottom_right_aug_1094_0.jpg,tb_00018_bottom_right.jpg,0
tb_00018_bottom_right_aug_1225_0.jpg,tb_00018_bottom_right.jpg,0
tb_00018_bottom_right_aug_1265_0.jpg,tb_00018_bottom_right.jpg,0
tb_00018_bottom_right_aug_1446_0.jpg,tb_00018_bottom_right.jpg,0
tb_00018_bottom_right_aug_1451_0.jpg,tb_00018_bottom_right.jpg,0
tb_00018_bottom_right_aug_1493_0.jpg,tb_00018_bottom_right.jpg,0
tb_00018_bottom_right_aug_263_0.jpg,tb_00018_bottom_right.jpg,0
tb_00018_bottom_right_aug_26_0.jpg,tb_00018_bottom_right.jpg,0
tb_00018_bottom_right_aug_789_0.jpg,tb_00018_bottom_right.jpg,0
tb_00018_bottom_right_aug_874_0.jpg,tb_00018_bottom_right.jpg,0
tb_00018_bottom_right_aug_893_0.jpg,tb_00018_bottom_right.jpg,0
tb_00018_top_right_aug_108_0.jpg,tb_00018_top_right.jpg,0
tb_00018_top_right_aug_185_0.jpg,tb_00018_top_right.jpg,0
tb_00018_top_right_aug_193_0.jpg,tb_00018_top_right.jpg,0
tb_00018_top_right_aug_534_0.jpg,tb_00018_top_right.jpg,0
tb_00018_top_right_aug_777_0.jpg,tb_00018_top_right.jpg,0
tb_00019_bottom_right_aug_1157_0.jpg,tb_00019_bottom_right.jpg,0
tb_00019_bottom_right_aug_1379_0.jpg,tb_00019_bottom_right.jpg,0
tb_00019_bottom_right_aug_300_0.jpg,tb_00019_bottom_right.jpg,0
tb_00019_bottom_right_aug_544_0.jpg,tb_00019_bottom_right.jpg,0
tb_00019_bottom_right_aug_587_0.jpg,tb_00019_bottom_right.jpg,0
tb_00019_bottom_right_aug_742_0.jpg,tb_00019_bottom_right.jpg,0
tb_00019_bottom_right_aug_827_0.jpg,tb_00019_bottom_right.jpg,0
tb_00019_top_right_aug_1302_0.jpg,tb_00019_top_right.jpg,0
tb_00019_top_right_aug_215_0.jpg,tb_00019_top_right.jpg,0
tb_00019_top_right_aug_32_0.jpg,tb_00019_top_right.jpg,0
tb_00019_top_right_aug_37_0.jpg,tb_00019_top_right.jpg,0
tb_00019_top_right_aug_623_0.jpg,tb_00019_top_right.jpg,0
tb_00019_top_right_aug_677_0.jpg,tb_00019_top_right.jpg,0
tb_00020_top_right_aug_1202_0.jpg,tb_00020_top_right.jpg,0
tb_00020_top_right_aug_1363_0.jpg,tb_00020_top_right.jpg,0
tb_00020_top_right_aug_1482_0.jpg,tb_00020_top_right.jpg,0
tb_00020_top_right_aug_262_0.jpg,tb_00020_top_right.jpg,0
tb_00020_top_right_aug_279_0.jpg,tb_00020_top_right.jpg,0
tb_00020_top_right_aug_307_0.jpg,tb_00020_top_right.jpg,0
tb_00020_top_right_aug_393_0.jpg,tb_00020_top_right.jpg,0
tb_00020_top_right_aug_585_0.jpg,tb_00020_top_right.jpg,0
tb_00021_bottom_right_aug_1081_0.jpg,tb_00021_bottom_right.jpg,0
tb_00021_bottom_right_aug_1344_0.jpg,tb_00021_bottom_right.jpg,0
tb_00021_bottom_right_aug_1497_0.jpg,tb_00021_bottom_right.jpg,0
tb_00021_bottom_right_aug_507_0.jpg,tb_00021_bottom_right.jpg,0
tb_00021_bottom_right_aug_713_0.jpg,tb_00021_bottom_right.jpg,0
tb_00021_bottom_right_aug_910_0.jpg,tb_00021_bottom_right.jpg,0
tb_00021_top_right_aug_1297_0.jpg,tb_00021_top_right.jpg,0
tb_00021_top_right_aug_1409_0.jpg,tb_00021_top_right.jpg,0
tb_00021_top_right_aug_160_0.jpg,tb_00021_top_right.jpg,0
tb_00021_top_right_aug_260_0.jpg,tb_00021_top_right.jpg,0
tb_00021_top_right_aug_640_0.jpg,tb_00021_top_right.jpg,0
tb_00024_top_left_aug_1261_0.jpg,tb_00024_top_left.jpg,0
tb_00024_top_left_aug_680_0.jpg,tb_00024_top_left.jpg,0
tb_00024_top_left_aug_740_0.jpg,tb_00024_top_left.jpg,0
tb_00024_top_left_aug_86_0.jpg,tb_00024_top_left.jpg,0
tb_00024_top_left_aug_955_0.jpg,tb_00024_top_left.jpg,0
tb_00024_top_left_aug_966_0.jpg,tb_00024_top_left.jpg,0
tb_00025_top_left_aug_264_0.jpg,tb_00025_top_left.jpg,0
tb_00025_top_left_aug_342_0.jpg,tb_00025_top_left.jpg,0
tb_00025_top_left_aug_634_0.jpg,tb_00025_top_left.jpg,0
tb_00025_top_left_aug_953_0.jpg,tb_00025_top_left.jpg,0
tb_00026_bottom_right_aug_1059_0.jpg,tb_00026_bottom_right.jpg,0
tb_00026_bottom_right_aug_458_0.jpg,tb_00026_bottom_right.jpg,0
tb_00026_bottom_right_aug_63_0.jpg,tb_00026_bottom_right.jpg,0
tb_00026_bottom_right_aug_96_0.jpg,tb_00026_bottom_right.jpg,0
tb_00026_bottom_right_aug_97_0.jpg,tb_00026_bottom_right.jpg,0
tb_00030_bottom_right_aug_15_0.jpg,tb_00030_bottom_right.jpg,0
tb_00030_bottom_right_aug_211_0.jpg,tb_00030_bottom_right.jpg,0
tb_00030_bottom_right_aug_302_0.jpg,tb_00030_bottom_right.jpg,0
tb_00030_bottom_right_aug_30_0.jpg,tb_00030_bottom_right.jpg,0
tb_00030_bottom_right_aug_506_0.jpg,tb_00030_bottom_right.jpg,0
tb_00030_bottom_right_aug_644_0.jpg,tb_00030_bottom_right.jpg,0
tb_00030_top_right_aug_1298_0.jpg,tb_00030_top_right.jpg,0
tb_00030_top_right_aug_1303_0.jpg,tb_00030_top_right.jpg,0
tb_00030_top_right_aug_13_0.jpg,tb_00030_top_right.jpg,0
tb_00030_top_right_aug_1402_0.jpg,tb_00030_top_right.jpg,0
tb_00030_top_right_aug_152_0.jpg,tb_00030_top_right.jpg,0
tb_00030_top_right_aug_166_0.jpg,tb_00030_top_right.jpg,0
tb_00030_top_right_aug_606_0.jpg,tb_00030_top_right.jpg,0
tb_00030_top_right_aug_725_0.jpg,tb_00030_top_right.jpg,0
tb_00030_top_right_aug_922_0.jpg,tb_00030_top_right.jpg,0
tb_00034_bottom_right_aug_1308_0.jpg,tb_00034_bottom_right.jpg,0
tb_00034_bottom_right_aug_1426_0.jpg,tb_00034_bottom_right.jpg,0
tb_00034_bottom_right_aug_18_0.jpg,tb_00034_bottom_right.jpg,0
tb_00034_bottom_right_aug_256_0.jpg,tb_00034_bottom_right.jpg,0
tb_00034_bottom_right_aug_779_0.jpg,tb_00034_bottom_right.jpg,0
tb_00034_bottom_right_aug_977_0.jpg,tb_00034_bottom_right.jpg,0
tb_00034_top_right_aug_121_0.jpg,tb_00034_top_right.jpg,0
tb_00034_top_right_aug_1235_0.jpg,tb_00034_top_right.jpg,0
tb_00034_top_right_aug_268_0.jpg,tb_00034_top_right.jpg,0
tb_00034_top_right_aug_615_0.jpg,tb_00034_top_right.jpg,0
tb_00034_top_right_aug_809_0.jpg,tb_00034_top_right.jpg,0
tb_00034_top_right_aug_857_0.jpg,tb_00034_top_right.jpg,0
tb_00035_bottom_right_aug_1162_0.jpg,tb_00035_bottom_right.jpg,0
tb_00035_bottom_right_aug_187_0.jpg,tb_00035_bottom_right.jpg,0
tb_00035_bottom_right_aug_651_0.jpg,tb_00035_bottom_right.jpg,0
tb_00035_bottom_right_aug_656_0.jpg,tb_00035_bottom_right.jpg,0
tb_00035_bottom_right_aug_831_0.jpg,tb_00035_bottom_right.jpg,0
tb_00035_bottom_right_aug_834_0.jpg,tb_00035_bottom_right.jpg,0
tb_00035_bottom_right_aug_877_0.jpg,tb_00035_bottom_right.jpg,0
tb_00035_bottom_right_aug_925_0.jpg,tb_00035_bottom_right.jpg,0
tb_00035_top_left_aug_1153_0.jpg,tb_00035_top_left.jpg,0
tb_00035_top_left_aug_1394_0.jpg,tb_00035_top_left.jpg,0
tb_00035_top_left_aug_1445_0.jpg,tb_00035_top_left.jpg,0
tb_00035_top_left_aug_197_0.jpg,tb_00035_top_left.jpg,0
tb_00035_top_left_aug_309_0.jpg,tb_00035_top_left.jpg,0
tb_00035_top_left_aug_854_0.jpg,tb_00035_top_left.jpg,0
tb_00035_top_left_aug_906_0.jpg,tb_00035_top_left.jpg,0
tb_00035_top_right_aug_1044_0.jpg,tb_00035_top_right.jpg,0
tb_00035_top_right_aug_1073_0.jpg,tb_00035_top_right.jpg,0
tb_00035_top_right_aug_1134_0.jpg,tb_00035_top_right.jpg,0
tb_00035_top_right_aug_1403_0.jpg,tb_00035_top_right.jpg,0
tb_00035_top_right_aug_153_0.jpg,tb_00035_top_right.jpg,0
tb_00035_top_right_aug_502_0.jpg,tb_00035_top_right.jpg,0
tb_00036_bottom_right_aug_679_0.jpg,tb_00036_bottom_right.jpg,0
tb_00036_bottom_right_aug_758_0.jpg,tb_00036_bottom_right.jpg,0
tb_00036_bottom_right_aug_815_0.jpg,tb_00036_bottom_right.jpg,0
tb_00036_bottom_right_aug_876_0.jpg,tb_00036_bottom_right.jpg,0
tb_00036_top_right_aug_1024_0.jpg,tb_00036_top_right.jpg,0
tb_00036_top_right_aug_224_0.jpg,tb_00036_top_right.jpg,0
tb_00036_top_right_aug_243_0.jpg,tb_00036_top_right.jpg,0
tb_00036_top_right_aug_594_0.jpg,tb_00036_top_right.jpg,0
tb_00036_top_right_aug_795_0.jpg,tb_00036_top_right.jpg,0
tb_00036_top_right_aug_820_0.jpg,tb_00036_top_right.jpg,0
tb_00036_top_right_aug_974_0.jpg,tb_00036_top_right.jpg,0
tb_00036_top_right_aug_994_0.jpg,tb_00036_top_right.jpg,0
tb_00037_bottom_right_aug_1150_0.jpg,tb_00037_bottom_right.jpg,0
tb_00037_bottom_right_aug_1339_0.jpg,tb_00037_bottom_right.jpg,0
tb_00037_bottom_right_aug_1511_0.jpg,tb_00037_bottom_right.jpg,0
tb_00037_bottom_right_aug_33_0.jpg,tb_00037_bottom_right.jpg,0
tb_00037_top_left_aug_1138_0.jpg,tb_00037_top_left.jpg,0
tb_00037_top_left_aug_1196_0.jpg,tb_00037_top_left.jpg,0
tb_00037_top_left_aug_19_0.jpg,tb_00037_top_left.jpg,0
tb_00037_top_left_aug_489_0.jpg,tb_00037_top_left.jpg,0
tb_00037_top_left_aug_933_0.jpg,tb_00037_top_left.jpg,0
tb_00037_top_right_aug_1025_0.jpg,tb_00037_top_right.jpg,0
tb_00037_top_right_aug_118_0.jpg,tb_00037_top_right.jpg,0
tb_00037_top_right_aug_241_0.jpg,tb_00037_top_right.jpg,0
tb_00037_top_right_aug_44_0.jpg,tb_00037_top_right.jpg,0
tb_00037_top_right_aug_593_0.jpg,tb_00037_top_right.jpg,0
tb_00037_top_right_aug_771_0.jpg,tb_00037_top_right.jpg,0
tb_00037_top_right_aug_954_0.jpg,tb_00037_top_right.jpg,0
tb_00038_bottom_left_aug_1121_0.jpg,tb_00038_bottom_left.jpg,0
tb_00038_bottom_left_aug_1247_0.jpg,tb_00038_bottom_left.jpg,0
tb_00039_bottom_left_aug_1108_0.jpg,tb_00039_bottom_left.jpg,0
tb_00039_bottom_left_aug_1242_0.jpg,tb_00039_bottom_left.jpg,0
tb_00039_bottom_left_aug_167_0.jpg,tb_00039_bottom_left.jpg,0
tb_00039_bottom_left_aug_168_0.jpg,tb_00039_bottom_left.jpg,0
tb_00039_bottom_left_aug_373_0.jpg,tb_00039_bottom_left.jpg,0
tb_00039_bottom_left_aug_490_0.jpg,tb_00039_bottom_left.jpg,0
tb_00039_bottom_left_aug_74_0.jpg,tb_00039_bottom_left.jpg,0
tb_00039_bottom_left_aug_814_0.jpg,tb_00039_bottom_left.jpg,0
tb_00040_top_right_aug_1072_0.jpg,tb_00040_top_right.jpg,0
tb_00040_top_right_aug_1269_0.jpg,tb_00040_top_right.jpg,0
tb_00040_top_right_aug_1325_0.jpg,tb_00040_top_right.jpg,0
tb_00040_top_right_aug_387_0.jpg,tb_00040_top_right.jpg,0
tb_00040_top_right_aug_519_0.jpg,tb_00040_top_right.jpg,0
tb_00044_top_left_aug_1053_0.jpg,tb_00044_top_left.jpg,0
tb_00044_top_left_aug_1142_0.jpg,tb_00044_top_left.jpg,0
tb_00044_top_left_aug_1358_0.jpg,tb_00044_top_left.jpg,0
tb_00044_top_left_aug_1432_0.jpg,tb_00044_top_left.jpg,0
tb_00044_top_left_aug_395_0.jpg,tb_00044_top_left.jpg,0
tb_00044_top_left_aug_509_0.jpg,tb_00044_top_left.jpg,0
tb_00044_top_left_aug_780_0.jpg,tb_00044_top_left.jpg,0
tb_00044_top_left_aug_856_0.jpg,tb_00044_top_left.jpg,0
tb_00045_bottom_left_aug_351_0.jpg,tb_00045_bottom_left.jpg,0
tb_00045_bottom_left_aug_614_0.jpg,tb_00045_bottom_left.jpg,0
tb_00055_top_left_aug_1006_0.jpg,tb_00055_top_left.jpg,0
tb_00055_top_left_aug_1110_0.jpg,tb_00055_top_left.jpg,0
tb_00055_top_left_aug_12_0.jpg,tb_00055_top_left.jpg,0
tb_00055_top_left_aug_1315_0.jpg,tb_00055_top_left.jpg,0
tb_00055_top_left_aug_344_0.jpg,tb_00055_top_left.jpg,0
tb_00055_top_left_aug_392_0.jpg,tb_00055_top_left.jpg,0
tb_00055_top_left_aug_839_0.jpg,tb_00055_top_left.jpg,0
tb_00056_bottom_left_aug_1033_0.jpg,tb_00056_bottom_left.jpg,0
tb_00056_bottom_left_aug_1456_0.jpg,tb_00056_bottom_left.jpg,0
tb_00056_bottom_left_aug_438_0.jpg,tb_00056_bottom_left.jpg,0
tb_00056_bottom_left_aug_520_0.jpg,tb_00056_bottom_left.jpg,0
tb_00056_bottom_left_aug_633_0.jpg,tb_00056_bottom_left.jpg,0
tb_00056_bottom_left_aug_891_0.jpg,tb_00056_bottom_left.jpg,0
tb_00056_top_right_aug_1019_3.jpg,tb_00056_top_right.jpg,3
tb_00056_top_right_aug_1081_3.jpg,tb_00056_top_right.jpg,3
tb_00056_top_right_aug_1121_3.jpg,tb_00056_top_right.jpg,3
tb_00056_top_right_aug_1135_3.jpg,tb_00056_top_right.jpg,3
tb_00056_top_right_aug_1157_3.jpg,tb_00056_top_right.jpg,3
tb_00056_top_right_aug_1236_3.jpg,tb_00056_top_right.jpg,3
tb_00056_top_right_aug_1458_3.jpg,tb_00056_top_right.jpg,3
tb_00056_top_right_aug_1463_3.jpg,tb_00056_top_right.jpg,3
tb_00056_top_right_aug_1539_3.jpg,tb_00056_top_right.jpg,3
tb_00056_top_right_aug_451_3.jpg,tb_00056_top_right.jpg,3
tb_00056_top_right_aug_670_3.jpg,tb_00056_top_right.jpg,3
tb_00056_top_right_aug_786_3.jpg,tb_00056_top_right.jpg,3
tb_00056_top_right_aug_799_3.jpg,tb_00056_top_right.jpg,3
tb_00056_top_right_aug_841_3.jpg,tb_00056_top_right.jpg,3
tb_00056_top_right_aug_914_3.jpg,tb_00056_top_right.jpg,3
tb_00056_top_right_aug_970_3.jpg,tb_00056_top_right.jpg,3
tb_00057_bottom_left_aug_1199_0.jpg,tb_00057_bottom_left.jpg,0
tb_00057_bottom_left_aug_1210_0.jpg,tb_00057_bottom_left.jpg,0
tb_00057_bottom_left_aug_312_0.jpg,tb_00057_bottom_left.jpg,0
tb_00057_bottom_left_aug_356_0.jpg,tb_00057_bottom_left.jpg,0
tb_00057_bottom_left_aug_605_0.jpg,tb_00057_bottom_left.jpg,0
tb_00057_bottom_left_aug_752_0.jpg,tb_00057_bottom_left.jpg,0
tb_00057_bottom_left_aug_90_0.jpg,tb_00057_bottom_left.jpg,0
tb_00057_top_left_aug_1036_0.jpg,tb_00057_top_left.jpg,0
tb_00057_top_left_aug_1065_0.jpg,tb_00057_top_left.jpg,0
tb_00057_top_left_aug_1075_0.jpg,tb_00057_top_left.jpg,0
tb_00057_top_left_aug_1252_0.jpg,tb_00057_top_left.jpg,0
tb_00057_top_left_aug_1348_0.jpg,tb_00057_top_left.jpg,0
tb_00057_top_left_aug_313_0.jpg,tb_00057_top_left.jpg,0
tb_00057_top_left_aug_577_0.jpg,tb_00057_top_left.jpg,0
tb_00057_top_left_aug_912_0.jpg,tb_00057_top_left.jpg,0
tb_00057_top_left_aug_950_0.jpg,tb_00057_top_left.jpg,0
tb_00059_bottom_left_aug_1000_0.jpg,tb_00059_bottom_left.jpg,0
tb_00059_bottom_left_aug_1045_0.jpg,tb_00059_bottom_left.jpg,0
tb_00059_bottom_left_aug_116_0.jpg,tb_00059_bottom_left.jpg,0
tb_00059_bottom_left_aug_413_0.jpg,tb_00059_bottom_left.jpg,0
tb_00059_bottom_left_aug_557_0.jpg,tb_00059_bottom_left.jpg,0
tb_00059_bottom_left_aug_559_0.jpg,tb_00059_bottom_left.jpg,0
tb_00059_bottom_left_aug_738_0.jpg,tb_00059_bottom_left.jpg,0
tb_00059_bottom_left_aug_888_0.jpg,tb_00059_bottom_left.jpg,0
tb_00059_bottom_left_aug_915_0.jpg,tb_00059_bottom_left.jpg,0
tb_00063_top_left_aug_1092_0.jpg,tb_00063_top_left.jpg,0
tb_00063_top_left_aug_109_0.jpg,tb_00063_top_left.jpg,0
tb_00063_top_left_aug_1486_0.jpg,tb_00063_top_left.jpg,0
tb_00063_top_left_aug_375_0.jpg,tb_00063_top_left.jpg,0
tb_00063_top_left_aug_908_0.jpg,tb_00063_top_left.jpg,0
tb_00063_top_right_aug_1189_0.jpg,tb_00063_top_right.jpg,0
tb_00063_top_right_aug_177_0.jpg,tb_00063_top_right.jpg,0
tb_00063_top_right_aug_334_0.jpg,tb_00063_top_right.jpg,0
tb_00063_top_right_aug_709_0.jpg,tb_00063_top_right.jpg,0
tb_00064_bottom_right_aug_1067_0.jpg,tb_00064_bottom_right.jpg,0
tb_00064_bottom_right_aug_1316_0.jpg,tb_00064_bottom_right.jpg,0
tb_00064_bottom_right_aug_17_0.jpg,tb_00064_bottom_right.jpg,0
tb_00064_bottom_right_aug_456_0.jpg,tb_00064_bottom_right.jpg,0
tb_00064_bottom_right_aug_499_0.jpg,tb_00064_bottom_right.jpg,0
tb_00064_bottom_right_aug_729_0.jpg,tb_00064_bottom_right.jpg,0
tb_00064_bottom_right_aug_976_0.jpg,tb_00064_bottom_right.jpg,0
tb_00066_top_right_aug_107_0.jpg,tb_00066_top_right.jpg,0
tb_00066_top_right_aug_125_0.jpg,tb_00066_top_right.jpg,0
tb_00066_top_right_aug_346_0.jpg,tb_00066_top_right.jpg,0
tb_00066_top_right_aug_705_0.jpg,tb_00066_top_right.jpg,0
tb_00067_bottom_left_aug_1080_0.jpg,tb_00067_bottom_left.jpg,0
tb_00067_bottom_left_aug_1425_0.jpg,tb_00067_bottom_left.jpg,0
tb_00067_bottom_left_aug_1481_0.jpg,tb_00067_bottom_left.jpg,0
tb_00067_bottom_left_aug_281_0.jpg,tb_00067_bottom_left.jpg,0
tb_00067_bottom_left_aug_405_0.jpg,tb_00067_bottom_left.jpg,0
tb_00067_bottom_right_aug_1063_0.jpg,tb_00067_bottom_right.jpg,0
tb_00067_bottom_right_aug_1088_0.jpg,tb_00067_bottom_right.jpg,0
tb_00067_bottom_right_aug_39_0.jpg,tb_00067_bottom_right.jpg,0
tb_00067_bottom_right_aug_657_0.jpg,tb_00067_bottom_right.jpg,0
tb_00067_bottom_right_aug_810_0.jpg,tb_00067_bottom_right.jpg,0
tb_00067_top_left_aug_1296_0.jpg,tb_00067_top_left.jpg,0
tb_00067_top_left_aug_1483_0.jpg,tb_00067_top_left.jpg,0
tb_00067_top_left_aug_319_0.jpg,tb_00067_top_left.jpg,0
tb_00067_top_left_aug_48_0.jpg,tb_00067_top_left.jpg,0
tb_00067_top_left_aug_774_0.jpg,tb_00067_top_left.jpg,0
tb_00067_top_left_aug_804_0.jpg,tb_00067_top_left.jpg,0
tb_00069_top_left_aug_1413_0.jpg,tb_00069_top_left.jpg,0
tb_00069_top_left_aug_1441_0.jpg,tb_00069_top_left.jpg,0
tb_00069_top_left_aug_180_0.jpg,tb_00069_top_left.jpg,0
tb_00069_top_left_aug_258_0.jpg,tb_00069_top_left.jpg,0
tb_00069_top_left_aug_411_0.jpg,tb_00069_top_left.jpg,0
tb_00069_top_left_aug_548_0.jpg,tb_00069_top_left.jpg,0
tb_00069_top_left_aug_602_0.jpg,tb_00069_top_left.jpg,0
tb_00069_top_left_aug_905_0.jpg,tb_00069_top_left.jpg,0
tb_00070_bottom_right_aug_1365_0.jpg,tb_00070_bottom_right.jpg,0
tb_00070_bottom_right_aug_1392_0.jpg,tb_00070_bottom_right.jpg,0
tb_00070_bottom_right_aug_1507_0.jpg,tb_00070_bottom_right.jpg,0
tb_00070_bottom_right_aug_164_0.jpg,tb_00070_bottom_right.jpg,0
tb_00070_bottom_right_aug_366_0.jpg,tb_00070_bottom_right.jpg,0
tb_00070_bottom_right_aug_419_0.jpg,tb_00070_bottom_right.jpg,0
tb_00070_bottom_right_aug_880_0.jpg,tb_00070_bottom_right.jpg,0
tb_00070_bottom_right_aug_965_0.jpg,tb_00070_bottom_right.jpg,0
tb_00070_top_right_aug_1429_0.jpg,tb_00070_top_right.jpg,0
tb_00070_top_right_aug_678_0.jpg,tb_00070_top_right.jpg,0
tb_00070_top_right_aug_914_0.jpg,tb_00070_top_right.jpg,0
tb_00076_bottom_right_aug_1154_0.jpg,tb_00076_bottom_right.jpg,0
tb_00076_bottom_right_aug_120_0.jpg,tb_00076_bottom_right.jpg,0
tb_00076_bottom_right_aug_1320_0.jpg,tb_00076_bottom_right.jpg,0
tb_00076_bottom_right_aug_1471_0.jpg,tb_00076_bottom_right.jpg,0
tb_00076_bottom_right_aug_2_0.jpg,tb_00076_bottom_right.jpg,0
tb_00076_bottom_right_aug_401_0.jpg,tb_00076_bottom_right.jpg,0
tb_00076_bottom_right_aug_530_0.jpg,tb_00076_bottom_right.jpg,0
tb_00076_bottom_right_aug_531_0.jpg,tb_00076_bottom_right.jpg,0
tb_00076_bottom_right_aug_646_0.jpg,tb_00076_bottom_right.jpg,0
tb_00076_bottom_right_aug_852_0.jpg,tb_00076_bottom_right.jpg,0
tb_00076_bottom_right_aug_916_0.jpg,tb_00076_bottom_right.jpg,0
tb_00080_bottom_left_aug_1017_0.jpg,tb_00080_bottom_left.jpg,0
tb_00080_bottom_left_aug_1229_0.jpg,tb_00080_bottom_left.jpg,0
tb_00080_bottom_left_aug_248_0.jpg,tb_00080_bottom_left.jpg,0
tb_00080_bottom_left_aug_584_0.jpg,tb_00080_bottom_left.jpg,0
tb_00080_bottom_left_aug_624_0.jpg,tb_00080_bottom_left.jpg,0
tb_00080_bottom_left_aug_731_0.jpg,tb_00080_bottom_left.jpg,0
tb_00080_bottom_left_aug_898_0.jpg,tb_00080_bottom_left.jpg,0
tb_00080_bottom_left_aug_975_0.jpg,tb_00080_bottom_left.jpg,0
tb_00080_top_right_aug_100_0.jpg,tb_00080_top_right.jpg,0
tb_00080_top_right_aug_1368_0.jpg,tb_00080_top_right.jpg,0
tb_00080_top_right_aug_266_0.jpg,tb_00080_top_right.jpg,0
tb_00080_top_right_aug_423_0.jpg,tb_00080_top_right.jpg,0
tb_00080_top_right_aug_737_0.jpg,tb_00080_top_right.jpg,0
tb_00081_bottom_left_aug_1022_0.jpg,tb_00081_bottom_left.jpg,0
tb_00081_bottom_left_aug_1030_4.jpg,tb_00081_bottom_left.jpg,4
tb_00081_bottom_left_aug_1035_4.jpg,tb_00081_bottom_left.jpg,4
tb_00081_bottom_left_aug_1151_0.jpg,tb_00081_bottom_left.jpg,0
tb_00081_bottom_left_aug_1151_4.jpg,tb_00081_bottom_left.jpg,4
tb_00081_bottom_left_aug_1240_4.jpg,tb_00081_bottom_left.jpg,4
tb_00081_bottom_left_aug_1423_0.jpg,tb_00081_bottom_left.jpg,0
tb_00081_bottom_left_aug_1466_4.jpg,tb_00081_bottom_left.jpg,4
tb_00081_bottom_left_aug_1514_0.jpg,tb_00081_bottom_left.jpg,0
tb_00081_bottom_left_aug_194_4.jpg,tb_00081_bottom_left.jpg,4
tb_00081_bottom_left_aug_384_4.jpg,tb_00081_bottom_left.jpg,4
tb_00081_bottom_left_aug_399_4.jpg,tb_00081_bottom_left.jpg,4
tb_00081_bottom_left_aug_425_4.jpg,tb_00081_bottom_left.jpg,4
tb_00081_bottom_left_aug_496_4.jpg,tb_00081_bottom_left.jpg,4
tb_00081_bottom_left_aug_676_0.jpg,tb_00081_bottom_left.jpg,0
tb_00081_bottom_left_aug_95_4.jpg,tb_00081_bottom_left.jpg,4
tb_00081_bottom_left_aug_987_0.jpg,tb_00081_bottom_left.jpg,0
tb_00081_bottom_right_aug_0_4.jpg,tb_00081_bottom_right.jpg,4
tb_00081_bottom_right_aug_109_4.jpg,tb_00081_bottom_right.jpg,4
tb_00081_bottom_right_aug_1164_4.jpg,tb_00081_bottom_right.jpg,4
tb_00081_bottom_right_aug_1459_4.jpg,tb_00081_bottom_right.jpg,4
tb_00081_bottom_right_aug_210_0.jpg,tb_00081_bottom_right.jpg,0
tb_00081_bottom_right_aug_240_4.jpg,tb_00081_bottom_right.jpg,4
tb_00081_bottom_right_aug_257_0.jpg,tb_00081_bottom_right.jpg,0
tb_00081_bottom_right_aug_263_4.jpg,tb_00081_bottom_right.jpg,4
tb_00081_bottom_right_aug_299_4.jpg,tb_00081_bottom_right.jpg,4
tb_00081_bottom_right_aug_302_4.jpg,tb_00081_bottom_right.jpg,4
tb_00081_bottom_right_aug_320_0.jpg,tb_00081_bottom_right.jpg,0
tb_00081_bottom_right_aug_323_4.jpg,tb_00081_bottom_right.jpg,4
tb_00081_bottom_right_aug_358_4.jpg,tb_00081_bottom_right.jpg,4
tb_00081_bottom_right_aug_398_4.jpg,tb_00081_bottom_right.jpg,4
tb_00081_bottom_right_aug_445_0.jpg,tb_00081_bottom_right.jpg,0
tb_00081_bottom_right_aug_517_4.jpg,tb_00081_bottom_right.jpg,4
tb_00081_bottom_right_aug_662_4.jpg,tb_00081_bottom_right.jpg,4
tb_00081_bottom_right_aug_779_4.jpg,tb_00081_bottom_right.jpg,4
tb_00081_bottom_right_aug_813_0.jpg,tb_00081_bottom_right.jpg,0
tb_00081_bottom_right_aug_848_4.jpg,tb_00081_bottom_right.jpg,4
tb_00082_bottom_left_aug_1011_0.jpg,tb_00082_bottom_left.jpg,0
tb_00082_bottom_left_aug_114_4.jpg,tb_00082_bottom_left.jpg,4
tb_00082_bottom_left_aug_1163_4.jpg,tb_00082_bottom_left.jpg,4
tb_00082_bottom_left_aug_1203_4.jpg,tb_00082_bottom_left.jpg,4
tb_00082_bottom_left_aug_1225_4.jpg,tb_00082_bottom_left.jpg,4
tb_00082_bottom_left_aug_1442_4.jpg,tb_00082_bottom_left.jpg,4
tb_00082_bottom_left_aug_1585_4.jpg,tb_00082_bottom_left.jpg,4
tb_00082_bottom_left_aug_1632_4.jpg,tb_00082_bottom_left.jpg,4
tb_00082_bottom_left_aug_466_4.jpg,tb_00082_bottom_left.jpg,4
tb_00082_bottom_left_aug_575_4.jpg,tb_00082_bottom_left.jpg,4
tb_00082_bottom_left_aug_586_0.jpg,tb_00082_bottom_left.jpg,0
tb_00082_bottom_left_aug_599_0.jpg,tb_00082_bottom_left.jpg,0
tb_00082_bottom_left_aug_850_4.jpg,tb_00082_bottom_left.jpg,4
tb_00082_bottom_left_aug_86_4.jpg,tb_00082_bottom_left.jpg,4
tb_00082_bottom_left_aug_928_4.jpg,tb_00082_bottom_left.jpg,4
tb_00082_bottom_left_aug_978_4.jpg,tb_00082_bottom_left.jpg,4
tb_00082_bottom_right_aug_1025_4.jpg,tb_00082_bottom_right.jpg,4
tb_00082_bottom_right_aug_1089_4.jpg,tb_00082_bottom_right.jpg,4
tb_00082_bottom_right_aug_1228_4.jpg,tb_00082_bottom_right.jpg,4
tb_00082_bottom_right_aug_1303_4.jpg,tb_00082_bottom_right.jpg,4
tb_00082_bottom_right_aug_1431_4.jpg,tb_00082_bottom_right.jpg,4
tb_00082_bottom_right_aug_23_4.jpg,tb_00082_bottom_right.jpg,4
tb_00082_bottom_right_aug_269_4.jpg,tb_00082_bottom_right.jpg,4
tb_00082_bottom_right_aug_511_4.jpg,tb_00082_bottom_right.jpg,4
tb_00082_bottom_right_aug_790_4.jpg,tb_00082_bottom_right.jpg,4
tb_00082_bottom_right_aug_801_4.jpg,tb_00082_bottom_right.jpg,4
tb_00082_bottom_right_aug_864_4.jpg,tb_00082_bottom_right.jpg,4
tb_00082_bottom_right_aug_995_4.jpg,tb_00082_bottom_right.jpg,4
tb_00082_top_right_aug_1022_4.jpg,tb_00082_top_right.jpg,4
tb_00082_top_right_aug_1042_4.jpg,tb_00082_top_right.jpg,4
tb_00082_top_right_aug_1113_4.jpg,tb_00082_top_right.jpg,4
tb_00082_top_right_aug_1330_4.jpg,tb_00082_top_right.jpg,4
tb_00082_top_right_aug_1357_4.jpg,tb_00082_top_right.jpg,4
tb_00082_top_right_aug_1391_4.jpg,tb_00082_top_right.jpg,4
tb_00082_top_right_aug_1582_4.jpg,tb_00082_top_right.jpg,4
tb_00082_top_right_aug_1601_4.jpg,tb_00082_top_right.jpg,4
tb_00082_top_right_aug_187_4.jpg,tb_00082_top_right.jpg,4
tb_00082_top_right_aug_1_4.jpg,tb_00082_top_right.jpg,4
tb_00082_top_right_aug_21_4.jpg,tb_00082_top_right.jpg,4
tb_00082_top_right_aug_449_4.jpg,tb_00082_top_right.jpg,4
tb_00082_top_right_aug_550_4.jpg,tb_00082_top_right.jpg,4
tb_00082_top_right_aug_583_4.jpg,tb_00082_top_right.jpg,4
tb_00082_top_right_aug_955_4.jpg,tb_00082_top_right.jpg,4
tb_00083_bottom_right_aug_1051_4.jpg,tb_00083_bottom_right.jpg,4
tb_00083_bottom_right_aug_1223_4.jpg,tb_00083_bottom_right.jpg,4
tb_00083_bottom_right_aug_1333_4.jpg,tb_00083_bottom_right.jpg,4
tb_00083_bottom_right_aug_1370_4.jpg,tb_00083_bottom_right.jpg,4
tb_00083_bottom_right_aug_1405_4.jpg,tb_00083_bottom_right.jpg,4
tb_00083_bottom_right_aug_148_4.jpg,tb_00083_bottom_right.jpg,4
tb_00083_bottom_right_aug_1563_4.jpg,tb_00083_bottom_right.jpg,4
tb_00083_bottom_right_aug_543_4.jpg,tb_00083_bottom_right.jpg,4
tb_00083_bottom_right_aug_545_4.jpg,tb_00083_bottom_right.jpg,4
tb_00083_bottom_right_aug_619_4.jpg,tb_00083_bottom_right.jpg,4
tb_00083_bottom_right_aug_929_4.jpg,tb_00083_bottom_right.jpg,4
tb_00083_top_left_aug_1050_0.jpg,tb_00083_top_left.jpg,0
tb_00083_top_left_aug_1060_0.jpg,tb_00083_top_left.jpg,0
tb_00083_top_left_aug_1201_4.jpg,tb_00083_top_left.jpg,4
tb_00083_top_left_aug_1238_4.jpg,tb_00083_top_left.jpg,4
tb_00083_top_left_aug_1247_4.jpg,tb_00083_top_left.jpg,4
tb_00083_top_left_aug_1377_0.jpg,tb_00083_top_left.jpg,0
tb_00083_top_left_aug_1498_0.jpg,tb_00083_top_left.jpg,0
tb_00083_top_left_aug_1510_0.jpg,tb_00083_top_left.jpg,0
tb_00083_top_left_aug_1517_4.jpg,tb_00083_top_left.jpg,4
tb_00083_top_left_aug_1557_4.jpg,tb_00083_top_left.jpg,4
tb_00083_top_left_aug_1664_4.jpg,tb_00083_top_left.jpg,4
tb_00083_top_left_aug_231_4.jpg,tb_00083_top_left.jpg,4
tb_00083_top_left_aug_238_4.jpg,tb_00083_top_left.jpg,4
tb_00083_top_left_aug_374_0.jpg,tb_00083_top_left.jpg,0
tb_00083_top_left_aug_46_4.jpg,tb_00083_top_left.jpg,4
tb_00083_top_left_aug_566_0.jpg,tb_00083_top_left.jpg,0
tb_00083_top_left_aug_627_0.jpg,tb_00083_top_left.jpg,0
tb_00083_top_left_aug_702_4.jpg,tb_00083_top_left.jpg,4
tb_00083_top_left_aug_734_4.jpg,tb_00083_top_left.jpg,4
tb_00083_top_left_aug_739_0.jpg,tb_00083_top_left.jpg,0
tb_00083_top_left_aug_80_4.jpg,tb_00083_top_left.jpg,4
tb_00083_top_left_aug_828_4.jpg,tb_00083_top_left.jpg,4
tb_00083_top_left_aug_840_4.jpg,tb_00083_top_left.jpg,4
tb_00083_top_left_aug_991_4.jpg,tb_00083_top_left.jpg,4
tb_00083_top_right_aug_102_4.jpg,tb_00083_top_right.jpg,4
tb_00083_top_right_aug_1081_4.jpg,tb_00083_top_right.jpg,4
tb_00083_top_right_aug_1181_4.jpg,tb_00083_top_right.jpg,4
tb_00083_top_right_aug_1255_4.jpg,tb_00083_top_right.jpg,4
tb_00083_top_right_aug_1361_4.jpg,tb_00083_top_right.jpg,4
tb_00083_top_right_aug_14_4.jpg,tb_00083_top_right.jpg,4
tb_00083_top_right_aug_160_4.jpg,tb_00083_top_right.jpg,4
tb_00083_top_right_aug_1620_4.jpg,tb_00083_top_right.jpg,4
tb_00083_top_right_aug_293_4.jpg,tb_00083_top_right.jpg,4
tb_00083_top_right_aug_311_4.jpg,tb_00083_top_right.jpg,4
tb_00083_top_right_aug_360_4.jpg,tb_00083_top_right.jpg,4
tb_00083_top_right_aug_422_4.jpg,tb_00083_top_right.jpg,4
tb_00083_top_right_aug_514_4.jpg,tb_00083_top_right.jpg,4
tb_00083_top_right_aug_592_4.jpg,tb_00083_top_right.jpg,4
tb_00084_bottom_left_aug_1338_0.jpg,tb_00084_bottom_left.jpg,0
tb_00084_bottom_left_aug_156_0.jpg,tb_00084_bottom_left.jpg,0
tb_00084_bottom_left_aug_235_0.jpg,tb_00084_bottom_left.jpg,0
tb_00084_bottom_left_aug_332_0.jpg,tb_00084_bottom_left.jpg,0
tb_00084_bottom_left_aug_538_0.jpg,tb_00084_bottom_left.jpg,0
tb_00084_bottom_left_aug_598_0.jpg,tb_00084_bottom_left.jpg,0
tb_00084_bottom_left_aug_828_0.jpg,tb_00084_bottom_left.jpg,0
tb_00084_bottom_left_aug_849_0.jpg,tb_00084_bottom_left.jpg,0
tb_00084_bottom_right_aug_1046_4.jpg,tb_00084_bottom_right.jpg,4
tb_00084_bottom_right_aug_126_4.jpg,tb_00084_bottom_right.jpg,4
tb_00084_bottom_right_aug_1313_4.jpg,tb_00084_bottom_right.jpg,4
tb_00084_bottom_right_aug_1404_4.jpg,tb_00084_bottom_right.jpg,4
tb_00084_bottom_right_aug_1619_4.jpg,tb_00084_bottom_right.jpg,4
tb_00084_bottom_right_aug_457_4.jpg,tb_00084_bottom_right.jpg,4
tb_00084_top_left_aug_322_0.jpg,tb_00084_top_left.jpg,0
tb_00084_top_left_aug_528_0.jpg,tb_00084_top_left.jpg,0
tb_00085_bottom_left_aug_1056_4.jpg,tb_00085_bottom_left.jpg,4
tb_00085_bottom_left_aug_1378_4.jpg,tb_00085_bottom_left.jpg,4
tb_00085_bottom_left_aug_137_4.jpg,tb_00085_bottom_left.jpg,4
tb_00085_bottom_left_aug_217_4.jpg,tb_00085_bottom_left.jpg,4
tb_00085_bottom_right_aug_1142_4.jpg,tb_00085_bottom_right.jpg,4
tb_00085_bottom_right_aug_1176_4.jpg,tb_00085_bottom_right.jpg,4
tb_00085_bottom_right_aug_1182_4.jpg,tb_00085_bottom_right.jpg,4
tb_00085_bottom_right_aug_1292_4.jpg,tb_00085_bottom_right.jpg,4
tb_00085_bottom_right_aug_1299_4.jpg,tb_00085_bottom_right.jpg,4
tb_00085_bottom_right_aug_132_4.jpg,tb_00085_bottom_right.jpg,4
tb_00085_bottom_right_aug_1473_4.jpg,tb_00085_bottom_right.jpg,4
tb_00085_bottom_right_aug_1645_4.jpg,tb_00085_bottom_right.jpg,4
tb_00085_bottom_right_aug_359_4.jpg,tb_00085_bottom_right.jpg,4
tb_00085_bottom_right_aug_366_4.jpg,tb_00085_bottom_right.jpg,4
tb_00085_bottom_right_aug_673_4.jpg,tb_00085_bottom_right.jpg,4
tb_00085_bottom_right_aug_796_4.jpg,tb_00085_bottom_right.jpg,4
tb_00085_bottom_right_aug_954_4.jpg,tb_00085_bottom_right.jpg,4
tb_00085_top_left_aug_1325_4.jpg,tb_00085_top_left.jpg,4
tb_00085_top_left_aug_1347_4.jpg,tb_00085_top_left.jpg,4
tb_00085_top_left_aug_1395_4.jpg,tb_00085_top_left.jpg,4
tb_00085_top_left_aug_1603_4.jpg,tb_00085_top_left.jpg,4
tb_00085_top_left_aug_198_4.jpg,tb_00085_top_left.jpg,4
tb_00085_top_left_aug_206_4.jpg,tb_00085_top_left.jpg,4
tb_00085_top_left_aug_655_4.jpg,tb_00085_top_left.jpg,4
tb_00085_top_left_aug_685_4.jpg,tb_00085_top_left.jpg,4
tb_00085_top_left_aug_720_4.jpg,tb_00085_top_left.jpg,4
tb_00085_top_right_aug_1261_4.jpg,tb_00085_top_right.jpg,4
tb_00085_top_right_aug_128_4.jpg,tb_00085_top_right.jpg,4
tb_00085_top_right_aug_1470_4.jpg,tb_00085_top_right.jpg,4
tb_00085_top_right_aug_1506_4.jpg,tb_00085_top_right.jpg,4
tb_00085_top_right_aug_186_4.jpg,tb_00085_top_right.jpg,4
tb_00085_top_right_aug_355_4.jpg,tb_00085_top_right.jpg,4
tb_00085_top_right_aug_445_4.jpg,tb_00085_top_right.jpg,4
tb_00085_top_right_aug_745_4.jpg,tb_00085_top_right.jpg,4
tb_00085_top_right_aug_843_4.jpg,tb_00085_top_right.jpg,4
tb_00085_top_right_aug_922_4.jpg,tb_00085_top_right.jpg,4
tb_00085_top_right_aug_927_4.jpg,tb_00085_top_right.jpg,4
tb_00085_top_right_aug_945_4.jpg,tb_00085_top_right.jpg,4
tb_00086_bottom_left_aug_1103_4.jpg,tb_00086_bottom_left.jpg,4
tb_00086_bottom_left_aug_1126_4.jpg,tb_00086_bottom_left.jpg,4
tb_00086_bottom_left_aug_1159_4.jpg,tb_00086_bottom_left.jpg,4
tb_00086_bottom_left_aug_1233_4.jpg,tb_00086_bottom_left.jpg,4
tb_00086_bottom_left_aug_1398_4.jpg,tb_00086_bottom_left.jpg,4
tb_00086_bottom_left_aug_50_4.jpg,tb_00086_bottom_left.jpg,4
tb_00086_bottom_left_aug_789_4.jpg,tb_00086_bottom_left.jpg,4
tb_00086_bottom_left_aug_810_4.jpg,tb_00086_bottom_left.jpg,4
tb_00086_bottom_left_aug_92_4.jpg,tb_00086_bottom_left.jpg,4
tb_00086_bottom_left_aug_951_4.jpg,tb_00086_bottom_left.jpg,4
tb_00086_top_left_aug_1117_4.jpg,tb_00086_top_left.jpg,4
tb_00086_top_left_aug_1452_4.jpg,tb_00086_top_left.jpg,4
tb_00086_top_left_aug_184_4.jpg,tb_00086_top_left.jpg,4
tb_00086_top_left_aug_18_4.jpg,tb_00086_top_left.jpg,4
tb_00086_top_left_aug_582_4.jpg,tb_00086_top_left.jpg,4
tb_00086_top_left_aug_647_4.jpg,tb_00086_top_left.jpg,4
tb_00086_top_left_aug_665_4.jpg,tb_00086_top_left.jpg,4
tb_00086_top_left_aug_85_4.jpg,tb_00086_top_left.jpg,4
tb_00086_top_left_aug_876_4.jpg,tb_00086_top_left.jpg,4
tb_00086_top_left_aug_967_4.jpg,tb_00086_top_left.jpg,4
tb_00086_top_right_aug_1005_4.jpg,tb_00086_top_right.jpg,4
tb_00086_top_right_aug_1040_4.jpg,tb_00086_top_right.jpg,4
tb_00086_top_right_aug_1052_4.jpg,tb_00086_top_right.jpg,4
tb_00086_top_right_aug_105_4.jpg,tb_00086_top_right.jpg,4
tb_00086_top_right_aug_1242_4.jpg,tb_00086_top_right.jpg,4
tb_00086_top_right_aug_142_4.jpg,tb_00086_top_right.jpg,4
tb_00086_top_right_aug_1450_4.jpg,tb_00086_top_right.jpg,4
tb_00086_top_right_aug_1528_4.jpg,tb_00086_top_right.jpg,4
tb_00086_top_right_aug_1604_4.jpg,tb_00086_top_right.jpg,4
tb_00086_top_right_aug_416_4.jpg,tb_00086_top_right.jpg,4
tb_00086_top_right_aug_502_4.jpg,tb_00086_top_right.jpg,4
tb_00086_top_right_aug_532_4.jpg,tb_00086_top_right.jpg,4
tb_00086_top_right_aug_553_4.jpg,tb_00086_top_right.jpg,4
tb_00086_top_right_aug_705_4.jpg,tb_00086_top_right.jpg,4
tb_00086_top_right_aug_888_4.jpg,tb_00086_top_right.jpg,4
tb_00086_top_right_aug_992_4.jpg,tb_00086_top_right.jpg,4
tb_00087_bottom_left_aug_1033_4.jpg,tb_00087_bottom_left.jpg,4
tb_00087_bottom_left_aug_1410_4.jpg,tb_00087_bottom_left.jpg,4
tb_00087_bottom_left_aug_1434_4.jpg,tb_00087_bottom_left.jpg,4
tb_00087_bottom_left_aug_1465_4.jpg,tb_00087_bottom_left.jpg,4
tb_00087_bottom_left_aug_1633_4.jpg,tb_00087_bottom_left.jpg,4
tb_00087_bottom_left_aug_26_4.jpg,tb_00087_bottom_left.jpg,4
tb_00087_bottom_left_aug_713_4.jpg,tb_00087_bottom_left.jpg,4
tb_00087_bottom_left_aug_741_4.jpg,tb_00087_bottom_left.jpg,4
tb_00087_bottom_left_aug_838_4.jpg,tb_00087_bottom_left.jpg,4
tb_00087_bottom_left_aug_96_4.jpg,tb_00087_bottom_left.jpg,4
tb_00087_bottom_left_aug_987_4.jpg,tb_00087_bottom_left.jpg,4
tb_00087_bottom_right_aug_1024_4.jpg,tb_00087_bottom_right.jpg,4
tb_00087_bottom_right_aug_1088_4.jpg,tb_00087_bottom_right.jpg,4
tb_00087_bottom_right_aug_1173_4.jpg,tb_00087_bottom_right.jpg,4
tb_00087_bottom_right_aug_1200_4.jpg,tb_00087_bottom_right.jpg,4
tb_00087_bottom_right_aug_1312_4.jpg,tb_00087_bottom_right.jpg,4
tb_00087_bottom_right_aug_1453_4.jpg,tb_00087_bottom_right.jpg,4
tb_00087_bottom_right_aug_233_4.jpg,tb_00087_bottom_right.jpg,4
tb_00087_bottom_right_aug_375_4.jpg,tb_00087_bottom_right.jpg,4
tb_00087_bottom_right_aug_440_4.jpg,tb_00087_bottom_right.jpg,4
tb_00087_bottom_right_aug_552_4.jpg,tb_00087_bottom_right.jpg,4
tb_00087_bottom_right_aug_644_4.jpg,tb_00087_bottom_right.jpg,4
tb_00087_bottom_right_aug_770_4.jpg,tb_00087_bottom_right.jpg,4
tb_00087_bottom_right_aug_882_4.jpg,tb_00087_bottom_right.jpg,4
tb_00087_top_right_aug_1077_4.jpg,tb_00087_top_right.jpg,4
tb_00087_top_right_aug_1119_4.jpg,tb_00087_top_right.jpg,4
tb_00087_top_right_aug_116_4.jpg,tb_00087_top_right.jpg,4
tb_00087_top_right_aug_1170_4.jpg,tb_00087_top_right.jpg,4
tb_00087_top_right_aug_1178_4.jpg,tb_00087_top_right.jpg,4
tb_00087_top_right_aug_1276_4.jpg,tb_00087_top_right.jpg,4
tb_00087_top_right_aug_1364_4.jpg,tb_00087_top_right.jpg,4
tb_00087_top_right_aug_1567_4.jpg,tb_00087_top_right.jpg,4
tb_00087_top_right_aug_235_4.jpg,tb_00087_top_right.jpg,4
tb_00087_top_right_aug_261_4.jpg,tb_00087_top_right.jpg,4
tb_00088_bottom_left_aug_1058_4.jpg,tb_00088_bottom_left.jpg,4
tb_00088_bottom_left_aug_1067_4.jpg,tb_00088_bottom_left.jpg,4
tb_00088_bottom_left_aug_1109_4.jpg,tb_00088_bottom_left.jpg,4
tb_00088_bottom_left_aug_1136_4.jpg,tb_00088_bottom_left.jpg,4
tb_00088_bottom_left_aug_115_4.jpg,tb_00088_bottom_left.jpg,4
tb_00088_bottom_left_aug_1280_4.jpg,tb_00088_bottom_left.jpg,4
tb_00088_bottom_left_aug_283_4.jpg,tb_00088_bottom_left.jpg,4
tb_00088_bottom_left_aug_376_4.jpg,tb_00088_bottom_left.jpg,4
tb_00088_bottom_left_aug_446_4.jpg,tb_00088_bottom_left.jpg,4
tb_00088_bottom_left_aug_895_4.jpg,tb_00088_bottom_left.jpg,4
tb_00088_bottom_left_aug_914_4.jpg,tb_00088_bottom_left.jpg,4
tb_00091_bottom_left_aug_1186_4.jpg,tb_00091_bottom_left.jpg,4
tb_00091_bottom_left_aug_1284_4.jpg,tb_00091_bottom_left.jpg,4
tb_00091_bottom_left_aug_1484_4.jpg,tb_00091_bottom_left.jpg,4
tb_00091_bottom_left_aug_314_4.jpg,tb_00091_bottom_left.jpg,4
tb_00091_bottom_left_aug_388_4.jpg,tb_00091_bottom_left.jpg,4
tb_00091_bottom_left_aug_565_4.jpg,tb_00091_bottom_left.jpg,4
tb_00091_bottom_left_aug_681_4.jpg,tb_00091_bottom_left.jpg,4
tb_00091_bottom_left_aug_859_4.jpg,tb_00091_bottom_left.jpg,4
tb_00091_bottom_left_aug_975_4.jpg,tb_00091_bottom_left.jpg,4
tb_00091_bottom_right_aug_110_4.jpg,tb_00091_bottom_right.jpg,4
tb_00091_bottom_right_aug_1273_4.jpg,tb_00091_bottom_right.jpg,4
tb_00091_bottom_right_aug_1279_4.jpg,tb_00091_bottom_right.jpg,4
tb_00091_bottom_right_aug_1412_4.jpg,tb_00091_bottom_right.jpg,4
tb_00091_bottom_right_aug_1445_4.jpg,tb_00091_bottom_right.jpg,4
tb_00091_bottom_right_aug_1602_4.jpg,tb_00091_bottom_right.jpg,4
tb_00091_bottom_right_aug_202_4.jpg,tb_00091_bottom_right.jpg,4
tb_00091_bottom_right_aug_285_4.jpg,tb_00091_bottom_right.jpg,4
tb_00091_bottom_right_aug_413_4.jpg,tb_00091_bottom_right.jpg,4
tb_00091_bottom_right_aug_432_4.jpg,tb_00091_bottom_right.jpg,4
tb_00091_bottom_right_aug_524_4.jpg,tb_00091_bottom_right.jpg,4
tb_00091_bottom_right_aug_624_4.jpg,tb_00091_bottom_right.jpg,4
tb_00091_bottom_right_aug_831_4.jpg,tb_00091_bottom_right.jpg,4
tb_00091_bottom_right_aug_99_4.jpg,tb_00091_bottom_right.jpg,4
tb_00365_bottom_left_aug_100_4.jpg,tb_00365_bottom_left.jpg,4
tb_00365_bottom_left_aug_1463_4.jpg,tb_00365_bottom_left.jpg,4
tb_00365_bottom_left_aug_1512_4.jpg,tb_00365_bottom_left.jpg,4
tb_00365_bottom_left_aug_1600_4.jpg,tb_00365_bottom_left.jpg,4
tb_00365_bottom_left_aug_1665_4.jpg,tb_00365_bottom_left.jpg,4
tb_00365_bottom_left_aug_331_4.jpg,tb_00365_bottom_left.jpg,4
tb_00365_bottom_left_aug_639_4.jpg,tb_00365_bottom_left.jpg,4
tb_00365_bottom_left_aug_811_4.jpg,tb_00365_bottom_left.jpg,4
tb_00365_bottom_left_aug_950_4.jpg,tb_00365_bottom_left.jpg,4
tb_00365_top_left_aug_1114_4.jpg,tb_00365_top_left.jpg,4
tb_00365_top_left_aug_1315_4.jpg,tb_00365_top_left.jpg,4
tb_00365_top_left_aug_1444_4.jpg,tb_00365_top_left.jpg,4
tb_00365_top_left_aug_1486_4.jpg,tb_00365_top_left.jpg,4
tb_00365_top_left_aug_1650_4.jpg,tb_00365_top_left.jpg,4
tb_00365_top_left_aug_208_4.jpg,tb_00365_top_left.jpg,4
tb_00365_top_left_aug_373_4.jpg,tb_00365_top_left.jpg,4
tb_00365_top_left_aug_755_4.jpg,tb_00365_top_left.jpg,4
tb_00365_top_left_aug_862_4.jpg,tb_00365_top_left.jpg,4
tb_00365_top_left_aug_963_4.jpg,tb_00365_top_left.jpg,4
tb_00365_top_right_aug_1062_4.jpg,tb_00365_top_right.jpg,4
tb_00365_top_right_aug_1102_4.jpg,tb_00365_top_right.jpg,4
tb_00365_top_right_aug_1165_4.jpg,tb_00365_top_right.jpg,4
tb_00365_top_right_aug_1243_4.jpg,tb_00365_top_right.jpg,4
tb_00365_top_right_aug_1336_4.jpg,tb_00365_top_right.jpg,4
tb_00365_top_right_aug_1374_4.jpg,tb_00365_top_right.jpg,4
tb_00365_top_right_aug_1634_4.jpg,tb_00365_top_right.jpg,4
tb_00365_top_right_aug_203_4.jpg,tb_00365_top_right.jpg,4
tb_00365_top_right_aug_401_4.jpg,tb_00365_top_right.jpg,4
tb_00365_top_right_aug_571_4.jpg,tb_00365_top_right.jpg,4
tb_00365_top_right_aug_695_4.jpg,tb_00365_top_right.jpg,4
tb_00365_top_right_aug_742_4.jpg,tb_00365_top_right.jpg,4
tb_00365_top_right_aug_879_4.jpg,tb_00365_top_right.jpg,4
tb_00365_top_right_aug_913_4.jpg,tb_00365_top_right.jpg,4
tb_00365_top_right_aug_936_4.jpg,tb_00365_top_right.jpg,4
tb_00366_bottom_left_aug_1010_4.jpg,tb_00366_bottom_left.jpg,4
tb_00366_bottom_left_aug_1066_4.jpg,tb_00366_bottom_left.jpg,4
tb_00366_bottom_left_aug_1148_4.jpg,tb_00366_bottom_left.jpg,4
tb_00366_bottom_left_aug_1172_4.jpg,tb_00366_bottom_left.jpg,4
tb_00366_bottom_left_aug_1581_4.jpg,tb_00366_bottom_left.jpg,4
tb_00366_bottom_left_aug_181_4.jpg,tb_00366_bottom_left.jpg,4
tb_00366_bottom_left_aug_252_4.jpg,tb_00366_bottom_left.jpg,4
tb_00366_bottom_left_aug_463_4.jpg,tb_00366_bottom_left.jpg,4
tb_00366_bottom_left_aug_62_4.jpg,tb_00366_bottom_left.jpg,4
tb_00366_bottom_left_aug_633_4.jpg,tb_00366_bottom_left.jpg,4
tb_00366_bottom_left_aug_671_4.jpg,tb_00366_bottom_left.jpg,4
tb_00366_bottom_left_aug_731_4.jpg,tb_00366_bottom_left.jpg,4
tb_00366_bottom_left_aug_773_4.jpg,tb_00366_bottom_left.jpg,4
tb_00366_bottom_left_aug_842_4.jpg,tb_00366_bottom_left.jpg,4
tb_00366_bottom_left_aug_931_4.jpg,tb_00366_bottom_left.jpg,4
tb_00366_bottom_right_aug_1125_4.jpg,tb_00366_bottom_right.jpg,4
tb_00366_bottom_right_aug_1147_4.jpg,tb_00366_bottom_right.jpg,4
tb_00366_bottom_right_aug_1226_4.jpg,tb_00366_bottom_right.jpg,4
tb_00366_bottom_right_aug_1504_4.jpg,tb_00366_bottom_right.jpg,4
tb_00366_bottom_right_aug_161_4.jpg,tb_00366_bottom_right.jpg,4
tb_00366_bottom_right_aug_279_4.jpg,tb_00366_bottom_right.jpg,4
tb_00366_bottom_right_aug_339_4.jpg,tb_00366_bottom_right.jpg,4
tb_00366_bottom_right_aug_470_4.jpg,tb_00366_bottom_right.jpg,4
tb_00366_bottom_right_aug_4_4.jpg,tb_00366_bottom_right.jpg,4
tb_00366_bottom_right_aug_520_4.jpg,tb_00366_bottom_right.jpg,4
tb_00366_bottom_right_aug_81_4.jpg,tb_00366_bottom_right.jpg,4
tb_00366_bottom_right_aug_84_4.jpg,tb_00366_bottom_right.jpg,4
tb_00366_top_left_aug_1031_4.jpg,tb_00366_top_left.jpg,4
tb_00366_top_left_aug_1047_4.jpg,tb_00366_top_left.jpg,4
tb_00366_top_left_aug_1127_4.jpg,tb_00366_top_left.jpg,4
tb_00366_top_left_aug_1285_4.jpg,tb_00366_top_left.jpg,4
tb_00366_top_left_aug_1317_4.jpg,tb_00366_top_left.jpg,4
tb_00366_top_left_aug_1332_4.jpg,tb_00366_top_left.jpg,4
tb_00366_top_left_aug_1335_4.jpg,tb_00366_top_left.jpg,4
tb_00366_top_left_aug_1476_4.jpg,tb_00366_top_left.jpg,4
tb_00366_top_left_aug_1522_4.jpg,tb_00366_top_left.jpg,4
tb_00366_top_left_aug_1565_4.jpg,tb_00366_top_left.jpg,4
tb_00366_top_left_aug_230_4.jpg,tb_00366_top_left.jpg,4
tb_00366_top_left_aug_275_4.jpg,tb_00366_top_left.jpg,4
tb_00366_top_left_aug_320_4.jpg,tb_00366_top_left.jpg,4
tb_00366_top_left_aug_487_4.jpg,tb_00366_top_left.jpg,4
tb_00366_top_left_aug_51_4.jpg,tb_00366_top_left.jpg,4
tb_00366_top_left_aug_574_4.jpg,tb_00366_top_left.jpg,4
tb_00366_top_left_aug_631_4.jpg,tb_00366_top_left.jpg,4
tb_00366_top_left_aug_730_4.jpg,tb_00366_top_left.jpg,4
tb_00366_top_right_aug_1021_4.jpg,tb_00366_top_right.jpg,4
tb_00366_top_right_aug_1192_4.jpg,tb_00366_top_right.jpg,4
tb_00366_top_right_aug_1208_4.jpg,tb_00366_top_right.jpg,4
tb_00366_top_right_aug_1616_4.jpg,tb_00366_top_right.jpg,4
tb_00366_top_right_aug_193_4.jpg,tb_00366_top_right.jpg,4
tb_00366_top_right_aug_244_4.jpg,tb_00366_top_right.jpg,4
tb_00366_top_right_aug_2_4.jpg,tb_00366_top_right.jpg,4
tb_00366_top_right_aug_309_4.jpg,tb_00366_top_right.jpg,4
tb_00366_top_right_aug_429_4.jpg,tb_00366_top_right.jpg,4
tb_00366_top_right_aug_451_4.jpg,tb_00366_top_right.jpg,4
tb_00366_top_right_aug_535_4.jpg,tb_00366_top_right.jpg,4
tb_00366_top_right_aug_677_4.jpg,tb_00366_top_right.jpg,4
tb_00366_top_right_aug_707_4.jpg,tb_00366_top_right.jpg,4
tb_00366_top_right_aug_766_4.jpg,tb_00366_top_right.jpg,4
tb_00366_top_right_aug_835_4.jpg,tb_00366_top_right.jpg,4
tb_00366_top_right_aug_841_4.jpg,tb_00366_top_right.jpg,4
tb_00366_top_right_aug_875_4.jpg,tb_00366_top_right.jpg,4
tb_00367_bottom_left_aug_1053_4.jpg,tb_00367_bottom_left.jpg,4
tb_00367_bottom_left_aug_1193_4.jpg,tb_00367_bottom_left.jpg,4
tb_00367_bottom_left_aug_1511_4.jpg,tb_00367_bottom_left.jpg,4
tb_00367_bottom_left_aug_25_4.jpg,tb_00367_bottom_left.jpg,4
tb_00367_bottom_left_aug_404_4.jpg,tb_00367_bottom_left.jpg,4
tb_00367_bottom_left_aug_475_4.jpg,tb_00367_bottom_left.jpg,4
tb_00367_bottom_left_aug_613_4.jpg,tb_00367_bottom_left.jpg,4
tb_00367_bottom_left_aug_668_4.jpg,tb_00367_bottom_left.jpg,4
tb_00367_bottom_left_aug_813_4.jpg,tb_00367_bottom_left.jpg,4
tb_00367_bottom_left_aug_851_4.jpg,tb_00367_bottom_left.jpg,4
tb_00367_bottom_left_aug_969_4.jpg,tb_00367_bottom_left.jpg,4
tb_00370_top_right_aug_1029_3.jpg,tb_00370_top_right.jpg,3
tb_00370_top_right_aug_1093_3.jpg,tb_00370_top_right.jpg,3
tb_00370_top_right_aug_1171_3.jpg,tb_00370_top_right.jpg,3
tb_00370_top_right_aug_1280_3.jpg,tb_00370_top_right.jpg,3
tb_00370_top_right_aug_1306_3.jpg,tb_00370_top_right.jpg,3
tb_00370_top_right_aug_1375_3.jpg,tb_00370_top_right.jpg,3
tb_00370_top_right_aug_1438_3.jpg,tb_00370_top_right.jpg,3
tb_00370_top_right_aug_1494_3.jpg,tb_00370_top_right.jpg,3
tb_00370_top_right_aug_21_3.jpg,tb_00370_top_right.jpg,3
tb_00370_top_right_aug_234_3.jpg,tb_00370_top_right.jpg,3
tb_00370_top_right_aug_283_3.jpg,tb_00370_top_right.jpg,3
tb_00370_top_right_aug_326_3.jpg,tb_00370_top_right.jpg,3
tb_00370_top_right_aug_375_3.jpg,tb_00370_top_right.jpg,3
tb_00370_top_right_aug_394_3.jpg,tb_00370_top_right.jpg,3
tb_00370_top_right_aug_412_3.jpg,tb_00370_top_right.jpg,3
tb_00370_top_right_aug_464_3.jpg,tb_00370_top_right.jpg,3
tb_00370_top_right_aug_504_3.jpg,tb_00370_top_right.jpg,3
tb_00370_top_right_aug_50_3.jpg,tb_00370_top_right.jpg,3
tb_00370_top_right_aug_529_3.jpg,tb_00370_top_right.jpg,3
tb_00370_top_right_aug_637_3.jpg,tb_00370_top_right.jpg,3
tb_00370_top_right_aug_762_3.jpg,tb_00370_top_right.jpg,3
tb_00370_top_right_aug_866_3.jpg,tb_00370_top_right.jpg,3
tb_00370_top_right_aug_955_3.jpg,tb_00370_top_right.jpg,3
tb_00370_top_right_aug_9_3.jpg,tb_00370_top_right.jpg,3
tb_00373_bottom_left_aug_1143_0.jpg,tb_00373_bottom_left.jpg,0
tb_00373_bottom_left_aug_362_0.jpg,tb_00373_bottom_left.jpg,0
tb_00373_bottom_left_aug_580_0.jpg,tb_00373_bottom_left.jpg,0
tb_00373_bottom_left_aug_754_0.jpg,tb_00373_bottom_left.jpg,0
tb_00374_bottom_right_aug_1175_3.jpg,tb_00374_bottom_right.jpg,3
tb_00374_bottom_right_aug_1344_3.jpg,tb_00374_bottom_right.jpg,3
tb_00374_bottom_right_aug_1452_3.jpg,tb_00374_bottom_right.jpg,3
tb_00374_bottom_right_aug_1475_3.jpg,tb_00374_bottom_right.jpg,3
tb_00374_bottom_right_aug_147_3.jpg,tb_00374_bottom_right.jpg,3
tb_00374_bottom_right_aug_1493_3.jpg,tb_00374_bottom_right.jpg,3
tb_00374_bottom_right_aug_1509_3.jpg,tb_00374_bottom_right.jpg,3
tb_00374_bottom_right_aug_1535_3.jpg,tb_00374_bottom_right.jpg,3
tb_00374_bottom_right_aug_1537_3.jpg,tb_00374_bottom_right.jpg,3
tb_00374_bottom_right_aug_1577_3.jpg,tb_00374_bottom_right.jpg,3
tb_00374_bottom_right_aug_1605_3.jpg,tb_00374_bottom_right.jpg,3
tb_00374_bottom_right_aug_236_3.jpg,tb_00374_bottom_right.jpg,3
tb_00374_bottom_right_aug_32_3.jpg,tb_00374_bottom_right.jpg,3
tb_00374_bottom_right_aug_456_3.jpg,tb_00374_bottom_right.jpg,3
tb_00374_bottom_right_aug_461_3.jpg,tb_00374_bottom_right.jpg,3
tb_00374_bottom_right_aug_655_3.jpg,tb_00374_bottom_right.jpg,3
tb_00374_bottom_right_aug_710_3.jpg,tb_00374_bottom_right.jpg,3
tb_00374_bottom_right_aug_812_3.jpg,tb_00374_bottom_right.jpg,3
tb_00374_bottom_right_aug_908_3.jpg,tb_00374_bottom_right.jpg,3
tb_00374_bottom_right_aug_935_3.jpg,tb_00374_bottom_right.jpg,3
tb_00374_bottom_right_aug_93_3.jpg,tb_00374_bottom_right.jpg,3
tb_00374_bottom_right_aug_942_3.jpg,tb_00374_bottom_right.jpg,3
tb_00374_bottom_right_aug_989_3.jpg,tb_00374_bottom_right.jpg,3
tb_00377_top_left_aug_1021_3.jpg,tb_00377_top_left.jpg,3
tb_00377_top_left_aug_1042_3.jpg,tb_00377_top_left.jpg,3
tb_00377_top_left_aug_1052_3.jpg,tb_00377_top_left.jpg,3
tb_00377_top_left_aug_1080_3.jpg,tb_00377_top_left.jpg,3
tb_00377_top_left_aug_1178_3.jpg,tb_00377_top_left.jpg,3
tb_00377_top_left_aug_1206_3.jpg,tb_00377_top_left.jpg,3
tb_00377_top_left_aug_149_3.jpg,tb_00377_top_left.jpg,3
tb_00377_top_left_aug_1618_3.jpg,tb_00377_top_left.jpg,3
tb_00377_top_left_aug_1675_3.jpg,tb_00377_top_left.jpg,3
tb_00377_top_left_aug_260_3.jpg,tb_00377_top_left.jpg,3
tb_00377_top_left_aug_294_3.jpg,tb_00377_top_left.jpg,3
tb_00377_top_left_aug_592_3.jpg,tb_00377_top_left.jpg,3
tb_00377_top_left_aug_618_3.jpg,tb_00377_top_left.jpg,3
tb_00377_top_left_aug_831_3.jpg,tb_00377_top_left.jpg,3
tb_00377_top_left_aug_885_3.jpg,tb_00377_top_left.jpg,3
tb_00377_top_left_aug_949_3.jpg,tb_00377_top_left.jpg,3
tb_00377_top_left_aug_961_3.jpg,tb_00377_top_left.jpg,3
tb_00377_top_left_aug_995_3.jpg,tb_00377_top_left.jpg,3
tb_00377_top_left_aug_996_3.jpg,tb_00377_top_left.jpg,3
tb_00378_top_left_aug_10_3.jpg,tb_00378_top_left.jpg,3
tb_00378_top_left_aug_1216_3.jpg,tb_00378_top_left.jpg,3
tb_00378_top_left_aug_1363_3.jpg,tb_00378_top_left.jpg,3
tb_00378_top_left_aug_1367_3.jpg,tb_00378_top_left.jpg,3
tb_00378_top_left_aug_1432_3.jpg,tb_00378_top_left.jpg,3
tb_00378_top_left_aug_1524_3.jpg,tb_00378_top_left.jpg,3
tb_00378_top_left_aug_1548_3.jpg,tb_00378_top_left.jpg,3
tb_00378_top_left_aug_1550_3.jpg,tb_00378_top_left.jpg,3
tb_00378_top_left_aug_1600_3.jpg,tb_00378_top_left.jpg,3
tb_00378_top_left_aug_243_3.jpg,tb_00378_top_left.jpg,3
tb_00378_top_left_aug_301_3.jpg,tb_00378_top_left.jpg,3
tb_00378_top_left_aug_416_3.jpg,tb_00378_top_left.jpg,3
tb_00378_top_left_aug_531_3.jpg,tb_00378_top_left.jpg,3
tb_00378_top_left_aug_546_3.jpg,tb_00378_top_left.jpg,3
tb_00378_top_left_aug_604_3.jpg,tb_00378_top_left.jpg,3
tb_00378_top_left_aug_621_3.jpg,tb_00378_top_left.jpg,3
tb_00378_top_left_aug_662_3.jpg,tb_00378_top_left.jpg,3
tb_00378_top_left_aug_732_3.jpg,tb_00378_top_left.jpg,3
tb_00378_top_left_aug_779_3.jpg,tb_00378_top_left.jpg,3
tb_00378_top_left_aug_780_3.jpg,tb_00378_top_left.jpg,3
tb_00378_top_left_aug_950_3.jpg,tb_00378_top_left.jpg,3
tb_00378_top_left_aug_987_3.jpg,tb_00378_top_left.jpg,3
tb_00378_top_left_aug_991_3.jpg,tb_00378_top_left.jpg,3
tb_00378_top_right_aug_1005_3.jpg,tb_00378_top_right.jpg,3
tb_00378_top_right_aug_1084_3.jpg,tb_00378_top_right.jpg,3
tb_00378_top_right_aug_1201_3.jpg,tb_00378_top_right.jpg,3
tb_00378_top_right_aug_1687_3.jpg,tb_00378_top_right.jpg,3
tb_00378_top_right_aug_39_3.jpg,tb_00378_top_right.jpg,3
tb_00378_top_right_aug_424_3.jpg,tb_00378_top_right.jpg,3
tb_00378_top_right_aug_699_3.jpg,tb_00378_top_right.jpg,3
tb_00378_top_right_aug_705_3.jpg,tb_00378_top_right.jpg,3
tb_00378_top_right_aug_817_3.jpg,tb_00378_top_right.jpg,3
tb_00378_top_right_aug_900_3.jpg,tb_00378_top_right.jpg,3
tb_00378_top_right_aug_928_3.jpg,tb_00378_top_right.jpg,3
tb_00379_top_right_aug_1195_3.jpg,tb_00379_top_right.jpg,3
tb_00379_top_right_aug_1200_3.jpg,tb_00379_top_right.jpg,3
tb_00379_top_right_aug_1278_3.jpg,tb_00379_top_right.jpg,3
tb_00379_top_right_aug_1335_3.jpg,tb_00379_top_right.jpg,3
tb_00379_top_right_aug_1350_3.jpg,tb_00379_top_right.jpg,3
tb_00379_top_right_aug_1416_3.jpg,tb_00379_top_right.jpg,3
tb_00379_top_right_aug_1601_3.jpg,tb_00379_top_right.jpg,3
tb_00379_top_right_aug_1694_3.jpg,tb_00379_top_right.jpg,3
tb_00379_top_right_aug_22_3.jpg,tb_00379_top_right.jpg,3
tb_00379_top_right_aug_241_3.jpg,tb_00379_top_right.jpg,3
tb_00379_top_right_aug_499_3.jpg,tb_00379_top_right.jpg,3
tb_00379_top_right_aug_642_3.jpg,tb_00379_top_right.jpg,3
tb_00379_top_right_aug_709_3.jpg,tb_00379_top_right.jpg,3
tb_00379_top_right_aug_966_3.jpg,tb_00379_top_right.jpg,3
tb_00381_top_right_aug_132_3.jpg,tb_00381_top_right.jpg,3
tb_00381_top_right_aug_1425_3.jpg,tb_00381_top_right.jpg,3
tb_00381_top_right_aug_1634_3.jpg,tb_00381_top_right.jpg,3
tb_00381_top_right_aug_1659_3.jpg,tb_00381_top_right.jpg,3
tb_00381_top_right_aug_1685_3.jpg,tb_00381_top_right.jpg,3
tb_00381_top_right_aug_475_3.jpg,tb_00381_top_right.jpg,3
tb_00381_top_right_aug_60_3.jpg,tb_00381_top_right.jpg,3
tb_00381_top_right_aug_622_3.jpg,tb_00381_top_right.jpg,3
tb_00381_top_right_aug_796_3.jpg,tb_00381_top_right.jpg,3
tb_00381_top_right_aug_96_3.jpg,tb_00381_top_right.jpg,3
tb_00388_bottom_right_aug_1079_4.jpg,tb_00388_bottom_right.jpg,4
tb_00388_bottom_right_aug_130_4.jpg,tb_00388_bottom_right.jpg,4
tb_00388_bottom_right_aug_1538_4.jpg,tb_00388_bottom_right.jpg,4
tb_00388_bottom_right_aug_245_4.jpg,tb_00388_bottom_right.jpg,4
tb_00388_bottom_right_aug_462_4.jpg,tb_00388_bottom_right.jpg,4
tb_00388_bottom_right_aug_488_4.jpg,tb_00388_bottom_right.jpg,4
tb_00388_bottom_right_aug_491_4.jpg,tb_00388_bottom_right.jpg,4
tb_00388_bottom_right_aug_498_4.jpg,tb_00388_bottom_right.jpg,4
tb_00388_bottom_right_aug_56_4.jpg,tb_00388_bottom_right.jpg,4
tb_00388_bottom_right_aug_65_4.jpg,tb_00388_bottom_right.jpg,4
tb_00388_bottom_right_aug_711_4.jpg,tb_00388_bottom_right.jpg,4
tb_00388_bottom_right_aug_744_4.jpg,tb_00388_bottom_right.jpg,4
tb_00388_bottom_right_aug_751_4.jpg,tb_00388_bottom_right.jpg,4
tb_00388_bottom_right_aug_917_4.jpg,tb_00388_bottom_right.jpg,4
tb_00388_bottom_right_aug_970_4.jpg,tb_00388_bottom_right.jpg,4
tb_00388_bottom_right_aug_977_4.jpg,tb_00388_bottom_right.jpg,4
tb_00389_top_left_aug_1162_3.jpg,tb_00389_top_left.jpg,3
tb_00389_top_left_aug_1298_3.jpg,tb_00389_top_left.jpg,3
tb_00389_top_left_aug_1340_3.jpg,tb_00389_top_left.jpg,3
tb_00389_top_left_aug_1508_3.jpg,tb_00389_top_left.jpg,3
tb_00389_top_left_aug_1555_3.jpg,tb_00389_top_left.jpg,3
tb_00389_top_left_aug_1596_3.jpg,tb_00389_top_left.jpg,3
tb_00389_top_left_aug_1608_3.jpg,tb_00389_top_left.jpg,3
tb_00389_top_left_aug_197_3.jpg,tb_00389_top_left.jpg,3
tb_00389_top_left_aug_273_3.jpg,tb_00389_top_left.jpg,3
tb_00389_top_left_aug_411_3.jpg,tb_00389_top_left.jpg,3
tb_00389_top_left_aug_444_3.jpg,tb_00389_top_left.jpg,3
tb_00389_top_left_aug_554_3.jpg,tb_00389_top_left.jpg,3
tb_00389_top_left_aug_583_3.jpg,tb_00389_top_left.jpg,3
tb_00389_top_left_aug_654_3.jpg,tb_00389_top_left.jpg,3
tb_00389_top_left_aug_785_3.jpg,tb_00389_top_left.jpg,3
tb_00389_top_left_aug_793_3.jpg,tb_00389_top_left.jpg,3
tb_00390_bottom_left_aug_1165_3.jpg,tb_00390_bottom_left.jpg,3
tb_00390_bottom_left_aug_1192_3.jpg,tb_00390_bottom_left.jpg,3
tb_00390_bottom_left_aug_1260_3.jpg,tb_00390_bottom_left.jpg,3
tb_00390_bottom_left_aug_1268_3.jpg,tb_00390_bottom_left.jpg,3
tb_00390_bottom_left_aug_1449_3.jpg,tb_00390_bottom_left.jpg,3
tb_00390_bottom_left_aug_280_3.jpg,tb_00390_bottom_left.jpg,3
tb_00390_bottom_left_aug_477_3.jpg,tb_00390_bottom_left.jpg,3
tb_00390_bottom_left_aug_518_3.jpg,tb_00390_bottom_left.jpg,3
tb_00390_bottom_left_aug_609_3.jpg,tb_00390_bottom_left.jpg,3
tb_00390_bottom_left_aug_678_3.jpg,tb_00390_bottom_left.jpg,3
tb_00390_bottom_left_aug_702_3.jpg,tb_00390_bottom_left.jpg,3
tb_00390_bottom_left_aug_742_3.jpg,tb_00390_bottom_left.jpg,3
tb_00390_bottom_left_aug_856_3.jpg,tb_00390_bottom_left.jpg,3
tb_00390_bottom_left_aug_891_3.jpg,tb_00390_bottom_left.jpg,3
tb_00390_bottom_left_aug_892_3.jpg,tb_00390_bottom_left.jpg,3
tb_00390_bottom_left_aug_933_3.jpg,tb_00390_bottom_left.jpg,3
tb_00396_bottom_left_aug_1086_4.jpg,tb_00396_bottom_left.jpg,4
tb_00396_bottom_left_aug_1300_4.jpg,tb_00396_bottom_left.jpg,4
tb_00396_bottom_left_aug_1589_4.jpg,tb_00396_bottom_left.jpg,4
tb_00396_bottom_left_aug_289_4.jpg,tb_00396_bottom_left.jpg,4
tb_00396_bottom_left_aug_304_4.jpg,tb_00396_bottom_left.jpg,4
tb_00396_bottom_left_aug_419_4.jpg,tb_00396_bottom_left.jpg,4
tb_00396_bottom_left_aug_630_4.jpg,tb_00396_bottom_left.jpg,4
tb_00396_bottom_left_aug_656_4.jpg,tb_00396_bottom_left.jpg,4
tb_00396_bottom_left_aug_739_4.jpg,tb_00396_bottom_left.jpg,4
tb_00396_bottom_left_aug_74_4.jpg,tb_00396_bottom_left.jpg,4
tb_00396_bottom_left_aug_968_4.jpg,tb_00396_bottom_left.jpg,4
tb_00408_top_left_aug_1030_3.jpg,tb_00408_top_left.jpg,3
tb_00408_top_left_aug_1094_3.jpg,tb_00408_top_left.jpg,3
tb_00408_top_left_aug_1107_3.jpg,tb_00408_top_left.jpg,3
tb_00408_top_left_aug_1142_3.jpg,tb_00408_top_left.jpg,3
tb_00408_top_left_aug_1244_3.jpg,tb_00408_top_left.jpg,3
tb_00408_top_left_aug_1304_3.jpg,tb_00408_top_left.jpg,3
tb_00408_top_left_aug_1343_3.jpg,tb_00408_top_left.jpg,3
tb_00408_top_left_aug_1398_3.jpg,tb_00408_top_left.jpg,3
tb_00408_top_left_aug_1480_3.jpg,tb_00408_top_left.jpg,3
tb_00408_top_left_aug_205_3.jpg,tb_00408_top_left.jpg,3
tb_00408_top_left_aug_207_3.jpg,tb_00408_top_left.jpg,3
tb_00408_top_left_aug_223_3.jpg,tb_00408_top_left.jpg,3
tb_00408_top_left_aug_417_3.jpg,tb_00408_top_left.jpg,3
tb_00408_top_left_aug_442_3.jpg,tb_00408_top_left.jpg,3
tb_00408_top_left_aug_549_3.jpg,tb_00408_top_left.jpg,3
tb_00408_top_left_aug_602_3.jpg,tb_00408_top_left.jpg,3
tb_00408_top_left_aug_794_3.jpg,tb_00408_top_left.jpg,3
tb_00408_top_left_aug_836_3.jpg,tb_00408_top_left.jpg,3
tb_00408_top_left_aug_916_3.jpg,tb_00408_top_left.jpg,3
tb_00408_top_left_aug_929_3.jpg,tb_00408_top_left.jpg,3
tb_00411_bottom_right_aug_1307_3.jpg,tb_00411_bottom_right.jpg,3
tb_00411_bottom_right_aug_1660_3.jpg,tb_00411_bottom_right.jpg,3
tb_00411_bottom_right_aug_1665_3.jpg,tb_00411_bottom_right.jpg,3
tb_00411_bottom_right_aug_387_3.jpg,tb_00411_bottom_right.jpg,3
tb_00411_bottom_right_aug_401_3.jpg,tb_00411_bottom_right.jpg,3
tb_00411_bottom_right_aug_433_3.jpg,tb_00411_bottom_right.jpg,3
tb_00411_bottom_right_aug_439_3.jpg,tb_00411_bottom_right.jpg,3
tb_00411_bottom_right_aug_489_3.jpg,tb_00411_bottom_right.jpg,3
tb_00411_bottom_right_aug_509_3.jpg,tb_00411_bottom_right.jpg,3
tb_00411_bottom_right_aug_528_3.jpg,tb_00411_bottom_right.jpg,3
tb_00411_bottom_right_aug_711_3.jpg,tb_00411_bottom_right.jpg,3
tb_00411_bottom_right_aug_764_3.jpg,tb_00411_bottom_right.jpg,3
tb_00411_bottom_right_aug_789_3.jpg,tb_00411_bottom_right.jpg,3
tb_00411_bottom_right_aug_869_3.jpg,tb_00411_bottom_right.jpg,3
tb_00411_bottom_right_aug_883_3.jpg,tb_00411_bottom_right.jpg,3
tb_00411_bottom_right_aug_89_3.jpg,tb_00411_bottom_right.jpg,3
tb_00411_bottom_right_aug_967_3.jpg,tb_00411_bottom_right.jpg,3
tb_00411_top_left_aug_1053_3.jpg,tb_00411_top_left.jpg,3
tb_00411_top_left_aug_1147_3.jpg,tb_00411_top_left.jpg,3
tb_00411_top_left_aug_11_3.jpg,tb_00411_top_left.jpg,3
tb_00411_top_left_aug_1289_3.jpg,tb_00411_top_left.jpg,3
tb_00411_top_left_aug_1318_3.jpg,tb_00411_top_left.jpg,3
tb_00411_top_left_aug_1409_3.jpg,tb_00411_top_left.jpg,3
tb_00411_top_left_aug_1531_3.jpg,tb_00411_top_left.jpg,3
tb_00411_top_left_aug_1671_3.jpg,tb_00411_top_left.jpg,3
tb_00411_top_left_aug_185_3.jpg,tb_00411_top_left.jpg,3
tb_00411_top_left_aug_216_3.jpg,tb_00411_top_left.jpg,3
tb_00411_top_left_aug_232_3.jpg,tb_00411_top_left.jpg,3
tb_00411_top_left_aug_36_3.jpg,tb_00411_top_left.jpg,3
tb_00411_top_left_aug_490_3.jpg,tb_00411_top_left.jpg,3
tb_00411_top_left_aug_563_3.jpg,tb_00411_top_left.jpg,3
tb_00411_top_left_aug_767_3.jpg,tb_00411_top_left.jpg,3
tb_00411_top_left_aug_77_3.jpg,tb_00411_top_left.jpg,3
tb_00411_top_left_aug_827_3.jpg,tb_00411_top_left.jpg,3
tb_00411_top_left_aug_863_3.jpg,tb_00411_top_left.jpg,3
tb_00411_top_left_aug_919_3.jpg,tb_00411_top_left.jpg,3
tb_00411_top_left_aug_920_3.jpg,tb_00411_top_left.jpg,3
tb_00411_top_left_aug_973_3.jpg,tb_00411_top_left.jpg,3
tb_00412_bottom_left_aug_1036_4.jpg,tb_00412_bottom_left.jpg,4
tb_00412_bottom_left_aug_1094_4.jpg,tb_00412_bottom_left.jpg,4
tb_00412_bottom_left_aug_124_4.jpg,tb_00412_bottom_left.jpg,4
tb_00412_bottom_left_aug_1275_4.jpg,tb_00412_bottom_left.jpg,4
tb_00412_bottom_left_aug_1283_4.jpg,tb_00412_bottom_left.jpg,4
tb_00412_bottom_left_aug_1462_4.jpg,tb_00412_bottom_left.jpg,4
tb_00412_bottom_left_aug_255_4.jpg,tb_00412_bottom_left.jpg,4
tb_00412_bottom_left_aug_280_4.jpg,tb_00412_bottom_left.jpg,4
tb_00412_bottom_left_aug_328_4.jpg,tb_00412_bottom_left.jpg,4
tb_00412_bottom_left_aug_41_4.jpg,tb_00412_bottom_left.jpg,4
tb_00412_bottom_left_aug_438_4.jpg,tb_00412_bottom_left.jpg,4
tb_00412_bottom_left_aug_486_4.jpg,tb_00412_bottom_left.jpg,4
tb_00412_bottom_left_aug_503_4.jpg,tb_00412_bottom_left.jpg,4
tb_00412_bottom_left_aug_53_4.jpg,tb_00412_bottom_left.jpg,4
tb_00412_bottom_left_aug_560_4.jpg,tb_00412_bottom_left.jpg,4
tb_00412_bottom_left_aug_79_4.jpg,tb_00412_bottom_left.jpg,4
tb_00416_bottom_right_aug_1023_3.jpg,tb_00416_bottom_right.jpg,3
tb_00416_bottom_right_aug_1035_3.jpg,tb_00416_bottom_right.jpg,3
tb_00416_bottom_right_aug_105_3.jpg,tb_00416_bottom_right.jpg,3
tb_00416_bottom_right_aug_1109_3.jpg,tb_00416_bottom_right.jpg,3
tb_00416_bottom_right_aug_1477_3.jpg,tb_00416_bottom_right.jpg,3
tb_00416_bottom_right_aug_703_3.jpg,tb_00416_bottom_right.jpg,3
tb_00416_bottom_right_aug_707_3.jpg,tb_00416_bottom_right.jpg,3
tb_00416_bottom_right_aug_72_3.jpg,tb_00416_bottom_right.jpg,3
tb_00416_bottom_right_aug_853_3.jpg,tb_00416_bottom_right.jpg,3
tb_00417_top_left_aug_1158_3.jpg,tb_00417_top_left.jpg,3
tb_00417_top_left_aug_1215_3.jpg,tb_00417_top_left.jpg,3
tb_00417_top_left_aug_1309_3.jpg,tb_00417_top_left.jpg,3
tb_00417_top_left_aug_1448_3.jpg,tb_00417_top_left.jpg,3
tb_00417_top_left_aug_1592_3.jpg,tb_00417_top_left.jpg,3
tb_00417_top_left_aug_1616_3.jpg,tb_00417_top_left.jpg,3
tb_00417_top_left_aug_1680_3.jpg,tb_00417_top_left.jpg,3
tb_00417_top_left_aug_177_3.jpg,tb_00417_top_left.jpg,3
tb_00417_top_left_aug_238_3.jpg,tb_00417_top_left.jpg,3
tb_00417_top_left_aug_266_3.jpg,tb_00417_top_left.jpg,3
tb_00417_top_left_aug_496_3.jpg,tb_00417_top_left.jpg,3
tb_00417_top_left_aug_506_3.jpg,tb_00417_top_left.jpg,3
tb_00417_top_left_aug_626_3.jpg,tb_00417_top_left.jpg,3
tb_00417_top_left_aug_846_3.jpg,tb_00417_top_left.jpg,3
tb_00417_top_left_aug_84_3.jpg,tb_00417_top_left.jpg,3
tb_00417_top_left_aug_951_3.jpg,tb_00417_top_left.jpg,3
tb_00417_top_left_aug_969_3.jpg,tb_00417_top_left.jpg,3
tb_00417_top_left_aug_976_3.jpg,tb_00417_top_left.jpg,3
tb_00417_top_right_aug_1046_3.jpg,tb_00417_top_right.jpg,3
tb_00417_top_right_aug_1197_3.jpg,tb_00417_top_right.jpg,3
tb_00417_top_right_aug_1346_3.jpg,tb_00417_top_right.jpg,3
tb_00417_top_right_aug_1347_3.jpg,tb_00417_top_right.jpg,3
tb_00417_top_right_aug_1352_3.jpg,tb_00417_top_right.jpg,3
tb_00417_top_right_aug_1467_3.jpg,tb_00417_top_right.jpg,3
tb_00417_top_right_aug_155_3.jpg,tb_00417_top_right.jpg,3
tb_00417_top_right_aug_1565_3.jpg,tb_00417_top_right.jpg,3
tb_00417_top_right_aug_1617_3.jpg,tb_00417_top_right.jpg,3
tb_00417_top_right_aug_1698_3.jpg,tb_00417_top_right.jpg,3
tb_00417_top_right_aug_193_3.jpg,tb_00417_top_right.jpg,3
tb_00417_top_right_aug_230_3.jpg,tb_00417_top_right.jpg,3
tb_00417_top_right_aug_286_3.jpg,tb_00417_top_right.jpg,3
tb_00417_top_right_aug_41_3.jpg,tb_00417_top_right.jpg,3
tb_00417_top_right_aug_440_3.jpg,tb_00417_top_right.jpg,3
tb_00417_top_right_aug_482_3.jpg,tb_00417_top_right.jpg,3
tb_00417_top_right_aug_522_3.jpg,tb_00417_top_right.jpg,3
tb_00417_top_right_aug_581_3.jpg,tb_00417_top_right.jpg,3
tb_00417_top_right_aug_588_3.jpg,tb_00417_top_right.jpg,3
tb_00417_top_right_aug_737_3.jpg,tb_00417_top_right.jpg,3
tb_00417_top_right_aug_776_3.jpg,tb_00417_top_right.jpg,3
tb_00417_top_right_aug_800_3.jpg,tb_00417_top_right.jpg,3
tb_00418_bottom_left_aug_1020_3.jpg,tb_00418_bottom_left.jpg,3
tb_00418_bottom_left_aug_1129_3.jpg,tb_00418_bottom_left.jpg,3
tb_00418_bottom_left_aug_1168_3.jpg,tb_00418_bottom_left.jpg,3
tb_00418_bottom_left_aug_1297_3.jpg,tb_00418_bottom_left.jpg,3
tb_00418_bottom_left_aug_136_3.jpg,tb_00418_bottom_left.jpg,3
tb_00418_bottom_left_aug_137_3.jpg,tb_00418_bottom_left.jpg,3
tb_00418_bottom_left_aug_1391_3.jpg,tb_00418_bottom_left.jpg,3
tb_00418_bottom_left_aug_143_3.jpg,tb_00418_bottom_left.jpg,3
tb_00418_bottom_left_aug_1473_3.jpg,tb_00418_bottom_left.jpg,3
tb_00418_bottom_left_aug_1627_3.jpg,tb_00418_bottom_left.jpg,3
tb_00418_bottom_left_aug_1657_3.jpg,tb_00418_bottom_left.jpg,3
tb_00418_bottom_left_aug_1668_3.jpg,tb_00418_bottom_left.jpg,3
tb_00418_bottom_left_aug_173_3.jpg,tb_00418_bottom_left.jpg,3
tb_00418_bottom_left_aug_337_3.jpg,tb_00418_bottom_left.jpg,3
tb_00418_bottom_left_aug_462_3.jpg,tb_00418_bottom_left.jpg,3
tb_00418_bottom_left_aug_636_3.jpg,tb_00418_bottom_left.jpg,3
tb_00418_bottom_left_aug_70_3.jpg,tb_00418_bottom_left.jpg,3
tb_00418_bottom_left_aug_725_3.jpg,tb_00418_bottom_left.jpg,3
tb_00418_bottom_left_aug_997_3.jpg,tb_00418_bottom_left.jpg,3
tb_00418_top_right_aug_1208_3.jpg,tb_00418_top_right.jpg,3
tb_00418_top_right_aug_1212_3.jpg,tb_00418_top_right.jpg,3
tb_00418_top_right_aug_1213_3.jpg,tb_00418_top_right.jpg,3
tb_00418_top_right_aug_1312_3.jpg,tb_00418_top_right.jpg,3
tb_00418_top_right_aug_1511_3.jpg,tb_00418_top_right.jpg,3
tb_00418_top_right_aug_1536_3.jpg,tb_00418_top_right.jpg,3
tb_00418_top_right_aug_20_3.jpg,tb_00418_top_right.jpg,3
tb_00418_top_right_aug_336_3.jpg,tb_00418_top_right.jpg,3
tb_00418_top_right_aug_37_3.jpg,tb_00418_top_right.jpg,3
tb_00418_top_right_aug_409_3.jpg,tb_00418_top_right.jpg,3
tb_00418_top_right_aug_418_3.jpg,tb_00418_top_right.jpg,3
tb_00418_top_right_aug_476_3.jpg,tb_00418_top_right.jpg,3
tb_00418_top_right_aug_596_3.jpg,tb_00418_top_right.jpg,3
tb_00418_top_right_aug_630_3.jpg,tb_00418_top_right.jpg,3
tb_00418_top_right_aug_644_3.jpg,tb_00418_top_right.jpg,3
tb_00418_top_right_aug_718_3.jpg,tb_00418_top_right.jpg,3
tb_00418_top_right_aug_730_3.jpg,tb_00418_top_right.jpg,3
tb_00418_top_right_aug_753_3.jpg,tb_00418_top_right.jpg,3
tb_00418_top_right_aug_766_3.jpg,tb_00418_top_right.jpg,3
tb_00419_bottom_right_aug_1044_3.jpg,tb_00419_bottom_right.jpg,3
tb_00419_bottom_right_aug_108_3.jpg,tb_00419_bottom_right.jpg,3
tb_00419_bottom_right_aug_112_3.jpg,tb_00419_bottom_right.jpg,3
tb_00419_bottom_right_aug_1150_3.jpg,tb_00419_bottom_right.jpg,3
tb_00419_bottom_right_aug_1229_3.jpg,tb_00419_bottom_right.jpg,3
tb_00419_bottom_right_aug_1291_3.jpg,tb_00419_bottom_right.jpg,3
tb_00419_bottom_right_aug_1498_3.jpg,tb_00419_bottom_right.jpg,3
tb_00419_bottom_right_aug_1571_3.jpg,tb_00419_bottom_right.jpg,3
tb_00419_bottom_right_aug_1638_3.jpg,tb_00419_bottom_right.jpg,3
tb_00419_bottom_right_aug_192_3.jpg,tb_00419_bottom_right.jpg,3
tb_00419_bottom_right_aug_239_3.jpg,tb_00419_bottom_right.jpg,3
tb_00419_bottom_right_aug_293_3.jpg,tb_00419_bottom_right.jpg,3
tb_00419_bottom_right_aug_300_3.jpg,tb_00419_bottom_right.jpg,3
tb_00419_bottom_right_aug_351_3.jpg,tb_00419_bottom_right.jpg,3
tb_00419_bottom_right_aug_415_3.jpg,tb_00419_bottom_right.jpg,3
tb_00419_bottom_right_aug_668_3.jpg,tb_00419_bottom_right.jpg,3
tb_00419_bottom_right_aug_773_3.jpg,tb_00419_bottom_right.jpg,3
tb_00419_bottom_right_aug_795_3.jpg,tb_00419_bottom_right.jpg,3
tb_00419_bottom_right_aug_835_3.jpg,tb_00419_bottom_right.jpg,3
tb_00419_bottom_right_aug_868_3.jpg,tb_00419_bottom_right.jpg,3
tb_00419_bottom_right_aug_889_3.jpg,tb_00419_bottom_right.jpg,3
tb_00419_bottom_right_aug_963_3.jpg,tb_00419_bottom_right.jpg,3
tb_00420_top_right_aug_113_3.jpg,tb_00420_top_right.jpg,3
tb_00420_top_right_aug_1227_3.jpg,tb_00420_top_right.jpg,3
tb_00420_top_right_aug_125_3.jpg,tb_00420_top_right.jpg,3
tb_00420_top_right_aug_1334_3.jpg,tb_00420_top_right.jpg,3
tb_00420_top_right_aug_1366_3.jpg,tb_00420_top_right.jpg,3
tb_00420_top_right_aug_1392_3.jpg,tb_00420_top_right.jpg,3
tb_00420_top_right_aug_1481_3.jpg,tb_00420_top_right.jpg,3
tb_00420_top_right_aug_264_3.jpg,tb_00420_top_right.jpg,3
tb_00420_top_right_aug_334_3.jpg,tb_00420_top_right.jpg,3
tb_00420_top_right_aug_51_3.jpg,tb_00420_top_right.jpg,3
tb_00420_top_right_aug_631_3.jpg,tb_00420_top_right.jpg,3
tb_00420_top_right_aug_686_3.jpg,tb_00420_top_right.jpg,3
tb_00420_top_right_aug_784_3.jpg,tb_00420_top_right.jpg,3
tb_00420_top_right_aug_822_3.jpg,tb_00420_top_right.jpg,3
tb_00422_bottom_left_aug_1001_0.jpg,tb_00422_bottom_left.jpg,0
tb_00422_bottom_left_aug_1046_0.jpg,tb_00422_bottom_left.jpg,0
tb_00422_bottom_left_aug_1091_0.jpg,tb_00422_bottom_left.jpg,0
tb_00422_bottom_left_aug_364_0.jpg,tb_00422_bottom_left.jpg,0
tb_00422_bottom_left_aug_432_0.jpg,tb_00422_bottom_left.jpg,0
tb_00422_bottom_left_aug_485_0.jpg,tb_00422_bottom_left.jpg,0
tb_00422_bottom_left_aug_639_0.jpg,tb_00422_bottom_left.jpg,0
tb_00426_top_left_aug_214_0.jpg,tb_00426_top_left.jpg,0
tb_00426_top_left_aug_236_0.jpg,tb_00426_top_left.jpg,0
tb_00426_top_left_aug_247_0.jpg,tb_00426_top_left.jpg,0
tb_00426_top_left_aug_759_0.jpg,tb_00426_top_left.jpg,0
tb_00426_top_left_aug_772_0.jpg,tb_00426_top_left.jpg,0
tb_00429_top_right_aug_1187_0.jpg,tb_00429_top_right.jpg,0
tb_00429_top_right_aug_43_0.jpg,tb_00429_top_right.jpg,0
tb_00429_top_right_aug_684_0.jpg,tb_00429_top_right.jpg,0
tb_00429_top_right_aug_735_0.jpg,tb_00429_top_right.jpg,0
tb_00430_bottom_right_aug_1333_0.jpg,tb_00430_bottom_right.jpg,0
tb_00430_bottom_right_aug_808_0.jpg,tb_00430_bottom_right.jpg,0
tb_00430_bottom_right_aug_861_0.jpg,tb_00430_bottom_right.jpg,0
tb_00430_bottom_right_aug_962_0.jpg,tb_00430_bottom_right.jpg,0
tb_00442_bottom_right_aug_1060_4.jpg,tb_00442_bottom_right.jpg,4
tb_00442_bottom_right_aug_1266_4.jpg,tb_00442_bottom_right.jpg,4
tb_00442_bottom_right_aug_144_4.jpg,tb_00442_bottom_right.jpg,4
tb_00442_bottom_right_aug_147_4.jpg,tb_00442_bottom_right.jpg,4
tb_00442_bottom_right_aug_1583_4.jpg,tb_00442_bottom_right.jpg,4
tb_00442_bottom_right_aug_258_4.jpg,tb_00442_bottom_right.jpg,4
tb_00442_bottom_right_aug_350_4.jpg,tb_00442_bottom_right.jpg,4
tb_00442_bottom_right_aug_396_4.jpg,tb_00442_bottom_right.jpg,4
tb_00442_bottom_right_aug_434_4.jpg,tb_00442_bottom_right.jpg,4
tb_00442_bottom_right_aug_570_4.jpg,tb_00442_bottom_right.jpg,4
tb_00442_bottom_right_aug_597_4.jpg,tb_00442_bottom_right.jpg,4
tb_00442_bottom_right_aug_839_4.jpg,tb_00442_bottom_right.jpg,4
tb_00442_bottom_right_aug_885_4.jpg,tb_00442_bottom_right.jpg,4
tb_00442_bottom_right_aug_89_4.jpg,tb_00442_bottom_right.jpg,4
tb_00442_bottom_right_aug_942_4.jpg,tb_00442_bottom_right.jpg,4
tb_00442_top_left_aug_1101_4.jpg,tb_00442_top_left.jpg,4
tb_00442_top_left_aug_1104_4.jpg,tb_00442_top_left.jpg,4
tb_00442_top_left_aug_1196_4.jpg,tb_00442_top_left.jpg,4
tb_00442_top_left_aug_1263_4.jpg,tb_00442_top_left.jpg,4
tb_00442_top_left_aug_1339_4.jpg,tb_00442_top_left.jpg,4
tb_00442_top_left_aug_1354_4.jpg,tb_00442_top_left.jpg,4
tb_00442_top_left_aug_1367_4.jpg,tb_00442_top_left.jpg,4
tb_00442_top_left_aug_1382_4.jpg,tb_00442_top_left.jpg,4
tb_00442_top_left_aug_1467_4.jpg,tb_00442_top_left.jpg,4
tb_00442_top_left_aug_1569_4.jpg,tb_00442_top_left.jpg,4
tb_00442_top_left_aug_1636_4.jpg,tb_00442_top_left.jpg,4
tb_00442_top_left_aug_57_4.jpg,tb_00442_top_left.jpg,4
tb_00442_top_left_aug_641_4.jpg,tb_00442_top_left.jpg,4
tb_00442_top_left_aug_645_4.jpg,tb_00442_top_left.jpg,4
tb_00442_top_left_aug_664_4.jpg,tb_00442_top_left.jpg,4
tb_00442_top_left_aug_721_4.jpg,tb_00442_top_left.jpg,4
tb_00445_bottom_left_aug_1111_4.jpg,tb_00445_bottom_left.jpg,4
tb_00445_bottom_left_aug_1139_4.jpg,tb_00445_bottom_left.jpg,4
tb_00445_bottom_left_aug_1356_4.jpg,tb_00445_bottom_left.jpg,4
tb_00445_bottom_left_aug_136_4.jpg,tb_00445_bottom_left.jpg,4
tb_00445_bottom_left_aug_1387_4.jpg,tb_00445_bottom_left.jpg,4
tb_00445_bottom_left_aug_146_4.jpg,tb_00445_bottom_left.jpg,4
tb_00445_bottom_left_aug_1534_4.jpg,tb_00445_bottom_left.jpg,4
tb_00445_bottom_left_aug_327_4.jpg,tb_00445_bottom_left.jpg,4
tb_00445_bottom_left_aug_436_4.jpg,tb_00445_bottom_left.jpg,4
tb_00445_bottom_left_aug_456_4.jpg,tb_00445_bottom_left.jpg,4
tb_00445_bottom_left_aug_49_4.jpg,tb_00445_bottom_left.jpg,4
tb_00445_bottom_left_aug_509_4.jpg,tb_00445_bottom_left.jpg,4
tb_00445_bottom_left_aug_554_4.jpg,tb_00445_bottom_left.jpg,4
tb_00445_bottom_left_aug_585_4.jpg,tb_00445_bottom_left.jpg,4
tb_00445_bottom_left_aug_602_4.jpg,tb_00445_bottom_left.jpg,4
tb_00445_bottom_left_aug_693_4.jpg,tb_00445_bottom_left.jpg,4
tb_00445_bottom_left_aug_694_4.jpg,tb_00445_bottom_left.jpg,4
tb_00445_bottom_left_aug_729_4.jpg,tb_00445_bottom_left.jpg,4
tb_00445_top_left_aug_121_4.jpg,tb_00445_top_left.jpg,4
tb_00445_top_left_aug_1295_4.jpg,tb_00445_top_left.jpg,4
tb_00445_top_left_aug_1578_4.jpg,tb_00445_top_left.jpg,4
tb_00445_top_left_aug_1590_4.jpg,tb_00445_top_left.jpg,4
tb_00445_top_left_aug_1644_4.jpg,tb_00445_top_left.jpg,4
tb_00445_top_left_aug_476_4.jpg,tb_00445_top_left.jpg,4
tb_00445_top_left_aug_526_4.jpg,tb_00445_top_left.jpg,4
tb_00445_top_left_aug_701_4.jpg,tb_00445_top_left.jpg,4
tb_00445_top_left_aug_784_4.jpg,tb_00445_top_left.jpg,4
tb_00445_top_left_aug_822_4.jpg,tb_00445_top_left.jpg,4
tb_00445_top_left_aug_861_4.jpg,tb_00445_top_left.jpg,4
tb_00445_top_left_aug_958_4.jpg,tb_00445_top_left.jpg,4
tb_00448_bottom_right_aug_1015_4.jpg,tb_00448_bottom_right.jpg,4
tb_00448_bottom_right_aug_1115_4.jpg,tb_00448_bottom_right.jpg,4
tb_00448_bottom_right_aug_1399_4.jpg,tb_00448_bottom_right.jpg,4
tb_00448_bottom_right_aug_1438_4.jpg,tb_00448_bottom_right.jpg,4
tb_00448_bottom_right_aug_321_4.jpg,tb_00448_bottom_right.jpg,4
tb_00448_bottom_right_aug_377_4.jpg,tb_00448_bottom_right.jpg,4
tb_00448_bottom_right_aug_519_4.jpg,tb_00448_bottom_right.jpg,4
tb_00448_bottom_right_aug_548_4.jpg,tb_00448_bottom_right.jpg,4
tb_00448_bottom_right_aug_669_4.jpg,tb_00448_bottom_right.jpg,4
tb_00448_top_right_aug_1160_4.jpg,tb_00448_top_right.jpg,4
tb_00448_top_right_aug_1352_4.jpg,tb_00448_top_right.jpg,4
tb_00448_top_right_aug_1423_4.jpg,tb_00448_top_right.jpg,4
tb_00448_top_right_aug_1514_4.jpg,tb_00448_top_right.jpg,4
tb_00448_top_right_aug_1533_4.jpg,tb_00448_top_right.jpg,4
tb_00448_top_right_aug_1572_4.jpg,tb_00448_top_right.jpg,4
tb_00448_top_right_aug_1662_4.jpg,tb_00448_top_right.jpg,4
tb_00448_top_right_aug_371_4.jpg,tb_00448_top_right.jpg,4
tb_00448_top_right_aug_459_4.jpg,tb_00448_top_right.jpg,4
tb_00448_top_right_aug_715_4.jpg,tb_00448_top_right.jpg,4
tb_00449_bottom_right_aug_1267_4.jpg,tb_00449_bottom_right.jpg,4
tb_00449_bottom_right_aug_1436_4.jpg,tb_00449_bottom_right.jpg,4
tb_00449_bottom_right_aug_1532_4.jpg,tb_00449_bottom_right.jpg,4
tb_00449_bottom_right_aug_1576_4.jpg,tb_00449_bottom_right.jpg,4
tb_00449_bottom_right_aug_188_4.jpg,tb_00449_bottom_right.jpg,4
tb_00449_bottom_right_aug_415_4.jpg,tb_00449_bottom_right.jpg,4
tb_00449_bottom_right_aug_454_4.jpg,tb_00449_bottom_right.jpg,4
tb_00449_bottom_right_aug_507_4.jpg,tb_00449_bottom_right.jpg,4
tb_00449_bottom_right_aug_561_4.jpg,tb_00449_bottom_right.jpg,4
tb_00450_bottom_left_aug_1322_4.jpg,tb_00450_bottom_left.jpg,4
tb_00450_bottom_left_aug_1329_4.jpg,tb_00450_bottom_left.jpg,4
tb_00450_bottom_left_aug_1390_4.jpg,tb_00450_bottom_left.jpg,4
tb_00450_bottom_left_aug_1550_4.jpg,tb_00450_bottom_left.jpg,4
tb_00450_bottom_left_aug_1561_4.jpg,tb_00450_bottom_left.jpg,4
tb_00450_bottom_left_aug_28_4.jpg,tb_00450_bottom_left.jpg,4
tb_00450_bottom_left_aug_420_4.jpg,tb_00450_bottom_left.jpg,4
tb_00450_bottom_left_aug_453_4.jpg,tb_00450_bottom_left.jpg,4
tb_00450_bottom_left_aug_525_4.jpg,tb_00450_bottom_left.jpg,4
tb_00450_bottom_left_aug_572_4.jpg,tb_00450_bottom_left.jpg,4
tb_00450_bottom_left_aug_73_4.jpg,tb_00450_bottom_left.jpg,4
tb_00450_bottom_left_aug_827_4.jpg,tb_00450_bottom_left.jpg,4
tb_00450_bottom_left_aug_847_4.jpg,tb_00450_bottom_left.jpg,4
tb_00450_bottom_left_aug_97_4.jpg,tb_00450_bottom_left.jpg,4
tb_00450_bottom_right_aug_1028_4.jpg,tb_00450_bottom_right.jpg,4
tb_00450_bottom_right_aug_1073_4.jpg,tb_00450_bottom_right.jpg,4
tb_00450_bottom_right_aug_1096_4.jpg,tb_00450_bottom_right.jpg,4
tb_00450_bottom_right_aug_1232_4.jpg,tb_00450_bottom_right.jpg,4
tb_00450_bottom_right_aug_1291_4.jpg,tb_00450_bottom_right.jpg,4
tb_00450_bottom_right_aug_1342_4.jpg,tb_00450_bottom_right.jpg,4
tb_00450_bottom_right_aug_1610_4.jpg,tb_00450_bottom_right.jpg,4
tb_00450_bottom_right_aug_20_4.jpg,tb_00450_bottom_right.jpg,4
tb_00450_bottom_right_aug_34_4.jpg,tb_00450_bottom_right.jpg,4
tb_00450_bottom_right_aug_368_4.jpg,tb_00450_bottom_right.jpg,4
tb_00450_bottom_right_aug_406_4.jpg,tb_00450_bottom_right.jpg,4
tb_00450_bottom_right_aug_461_4.jpg,tb_00450_bottom_right.jpg,4
tb_00450_bottom_right_aug_557_4.jpg,tb_00450_bottom_right.jpg,4
tb_00450_bottom_right_aug_595_4.jpg,tb_00450_bottom_right.jpg,4
tb_00450_bottom_right_aug_765_4.jpg,tb_00450_bottom_right.jpg,4
tb_00450_bottom_right_aug_818_4.jpg,tb_00450_bottom_right.jpg,4
tb_00450_bottom_right_aug_837_4.jpg,tb_00450_bottom_right.jpg,4
tb_00450_top_left_aug_1039_4.jpg,tb_00450_top_left.jpg,4
tb_00450_top_left_aug_1099_4.jpg,tb_00450_top_left.jpg,4
tb_00450_top_left_aug_1138_4.jpg,tb_00450_top_left.jpg,4
tb_00450_top_left_aug_117_4.jpg,tb_00450_top_left.jpg,4
tb_00450_top_left_aug_1207_4.jpg,tb_00450_top_left.jpg,4
tb_00450_top_left_aug_1344_4.jpg,tb_00450_top_left.jpg,4
tb_00450_top_left_aug_1349_4.jpg,tb_00450_top_left.jpg,4
tb_00450_top_left_aug_1510_4.jpg,tb_00450_top_left.jpg,4
tb_00450_top_left_aug_1584_4.jpg,tb_00450_top_left.jpg,4
tb_00450_top_left_aug_162_4.jpg,tb_00450_top_left.jpg,4
tb_00450_top_left_aug_174_4.jpg,tb_00450_top_left.jpg,4
tb_00450_top_left_aug_40_4.jpg,tb_00450_top_left.jpg,4
tb_00450_top_left_aug_473_4.jpg,tb_00450_top_left.jpg,4
tb_00450_top_left_aug_687_4.jpg,tb_00450_top_left.jpg,4
tb_00450_top_left_aug_746_4.jpg,tb_00450_top_left.jpg,4
tb_00450_top_left_aug_760_4.jpg,tb_00450_top_left.jpg,4
tb_00450_top_left_aug_797_4.jpg,tb_00450_top_left.jpg,4
tb_00450_top_left_aug_897_4.jpg,tb_00450_top_left.jpg,4
tb_00450_top_right_aug_104_4.jpg,tb_00450_top_right.jpg,4
tb_00450_top_right_aug_113_4.jpg,tb_00450_top_right.jpg,4
tb_00450_top_right_aug_1244_4.jpg,tb_00450_top_right.jpg,4
tb_00450_top_right_aug_1256_4.jpg,tb_00450_top_right.jpg,4
tb_00450_top_right_aug_1277_4.jpg,tb_00450_top_right.jpg,4
tb_00450_top_right_aug_1294_4.jpg,tb_00450_top_right.jpg,4
tb_00450_top_right_aug_133_4.jpg,tb_00450_top_right.jpg,4
tb_00450_top_right_aug_1417_4.jpg,tb_00450_top_right.jpg,4
tb_00450_top_right_aug_1558_4.jpg,tb_00450_top_right.jpg,4
tb_00450_top_right_aug_164_4.jpg,tb_00450_top_right.jpg,4
tb_00450_top_right_aug_185_4.jpg,tb_00450_top_right.jpg,4
tb_00450_top_right_aug_317_4.jpg,tb_00450_top_right.jpg,4
tb_00450_top_right_aug_494_4.jpg,tb_00450_top_right.jpg,4
tb_00450_top_right_aug_666_4.jpg,tb_00450_top_right.jpg,4
tb_00450_top_right_aug_716_4.jpg,tb_00450_top_right.jpg,4
tb_00450_top_right_aug_768_4.jpg,tb_00450_top_right.jpg,4
tb_00450_top_right_aug_802_4.jpg,tb_00450_top_right.jpg,4
tb_00451_bottom_left_aug_374_4.jpg,tb_00451_bottom_left.jpg,4
tb_00451_bottom_left_aug_490_4.jpg,tb_00451_bottom_left.jpg,4
tb_00451_bottom_left_aug_726_4.jpg,tb_00451_bottom_left.jpg,4
tb_00451_bottom_right_aug_1020_4.jpg,tb_00451_bottom_right.jpg,4
tb_00451_bottom_right_aug_1048_4.jpg,tb_00451_bottom_right.jpg,4
tb_00451_bottom_right_aug_1082_4.jpg,tb_00451_bottom_right.jpg,4
tb_00451_bottom_right_aug_1368_4.jpg,tb_00451_bottom_right.jpg,4
tb_00451_bottom_right_aug_1437_4.jpg,tb_00451_bottom_right.jpg,4
tb_00451_bottom_right_aug_17_4.jpg,tb_00451_bottom_right.jpg,4
tb_00451_bottom_right_aug_300_4.jpg,tb_00451_bottom_right.jpg,4
tb_00451_bottom_right_aug_3_4.jpg,tb_00451_bottom_right.jpg,4
tb_00451_bottom_right_aug_534_4.jpg,tb_00451_bottom_right.jpg,4
tb_00451_bottom_right_aug_712_4.jpg,tb_00451_bottom_right.jpg,4
tb_00451_bottom_right_aug_886_4.jpg,tb_00451_bottom_right.jpg,4
tb_00490_bottom_right_aug_139_0.jpg,tb_00490_bottom_right.jpg,0
tb_00490_bottom_right_aug_183_0.jpg,tb_00490_bottom_right.jpg,0
tb_00490_bottom_right_aug_269_0.jpg,tb_00490_bottom_right.jpg,0
tb_00490_bottom_right_aug_436_0.jpg,tb_00490_bottom_right.jpg,0
tb_00492_top_right_aug_1309_0.jpg,tb_00492_top_right.jpg,0
tb_00492_top_right_aug_151_0.jpg,tb_00492_top_right.jpg,0
tb_00492_top_right_aug_270_0.jpg,tb_00492_top_right.jpg,0
tb_00492_top_right_aug_971_0.jpg,tb_00492_top_right.jpg,0
tb_00492_top_right_aug_996_0.jpg,tb_00492_top_right.jpg,0
tb_00493_bottom_right_aug_1371_0.jpg,tb_00493_bottom_right.jpg,0
tb_00493_bottom_right_aug_1454_0.jpg,tb_00493_bottom_right.jpg,0
tb_00493_bottom_right_aug_221_0.jpg,tb_00493_bottom_right.jpg,0
tb_00494_bottom_right_aug_1180_0.jpg,tb_00494_bottom_right.jpg,0
tb_00494_bottom_right_aug_1224_0.jpg,tb_00494_bottom_right.jpg,0
tb_00494_bottom_right_aug_1492_0.jpg,tb_00494_bottom_right.jpg,0
tb_00494_bottom_right_aug_637_0.jpg,tb_00494_bottom_right.jpg,0
tb_00494_bottom_right_aug_841_0.jpg,tb_00494_bottom_right.jpg,0
tb_00495_top_left_aug_1159_0.jpg,tb_00495_top_left.jpg,0
tb_00495_top_left_aug_1186_0.jpg,tb_00495_top_left.jpg,0
tb_00495_top_left_aug_1276_0.jpg,tb_00495_top_left.jpg,0
tb_00495_top_left_aug_242_0.jpg,tb_00495_top_left.jpg,0
tb_00495_top_right_aug_1137_3.jpg,tb_00495_top_right.jpg,3
tb_00495_top_right_aug_1299_3.jpg,tb_00495_top_right.jpg,3
tb_00495_top_right_aug_142_3.jpg,tb_00495_top_right.jpg,3
tb_00495_top_right_aug_1437_3.jpg,tb_00495_top_right.jpg,3
tb_00495_top_right_aug_206_3.jpg,tb_00495_top_right.jpg,3
tb_00495_top_right_aug_215_3.jpg,tb_00495_top_right.jpg,3
tb_00495_top_right_aug_30_3.jpg,tb_00495_top_right.jpg,3
tb_00495_top_right_aug_750_3.jpg,tb_00495_top_right.jpg,3
tb_00495_top_right_aug_757_3.jpg,tb_00495_top_right.jpg,3
tb_00495_top_right_aug_759_3.jpg,tb_00495_top_right.jpg,3
tb_00495_top_right_aug_761_3.jpg,tb_00495_top_right.jpg,3
tb_00495_top_right_aug_852_3.jpg,tb_00495_top_right.jpg,3
tb_00495_top_right_aug_870_3.jpg,tb_00495_top_right.jpg,3
tb_00500_bottom_right_aug_0_0.jpg,tb_00500_bottom_right.jpg,0
tb_00500_bottom_right_aug_1334_0.jpg,tb_00500_bottom_right.jpg,0
tb_00500_bottom_right_aug_1398_0.jpg,tb_00500_bottom_right.jpg,0
tb_00500_bottom_right_aug_145_0.jpg,tb_00500_bottom_right.jpg,0
tb_00500_bottom_right_aug_672_0.jpg,tb_00500_bottom_right.jpg,0
tb_00500_bottom_right_aug_843_0.jpg,tb_00500_bottom_right.jpg,0
tb_00501_bottom_right_aug_1099_0.jpg,tb_00501_bottom_right.jpg,0
tb_00501_bottom_right_aug_1206_0.jpg,tb_00501_bottom_right.jpg,0
tb_00501_bottom_right_aug_278_0.jpg,tb_00501_bottom_right.jpg,0
tb_00501_bottom_right_aug_426_0.jpg,tb_00501_bottom_right.jpg,0
tb_00501_bottom_right_aug_476_0.jpg,tb_00501_bottom_right.jpg,0
tb_00501_bottom_right_aug_718_0.jpg,tb_00501_bottom_right.jpg,0
tb_00501_bottom_right_aug_957_0.jpg,tb_00501_bottom_right.jpg,0
tb_00501_top_left_aug_1156_0.jpg,tb_00501_top_left.jpg,0
tb_00501_top_left_aug_1236_0.jpg,tb_00501_top_left.jpg,0
tb_00501_top_left_aug_123_0.jpg,tb_00501_top_left.jpg,0
tb_00501_top_left_aug_1282_0.jpg,tb_00501_top_left.jpg,0
tb_00501_top_left_aug_1373_0.jpg,tb_00501_top_left.jpg,0
tb_00501_top_left_aug_14_0.jpg,tb_00501_top_left.jpg,0
tb_00501_top_left_aug_252_0.jpg,tb_00501_top_left.jpg,0
tb_00501_top_left_aug_27_0.jpg,tb_00501_top_left.jpg,0
tb_00501_top_left_aug_945_0.jpg,tb_00501_top_left.jpg,0
tb_00502_top_right_aug_1082_3.jpg,tb_00502_top_right.jpg,3
tb_00502_top_right_aug_1272_3.jpg,tb_00502_top_right.jpg,3
tb_00502_top_right_aug_1514_3.jpg,tb_00502_top_right.jpg,3
tb_00502_top_right_aug_1543_3.jpg,tb_00502_top_right.jpg,3
tb_00502_top_right_aug_1551_3.jpg,tb_00502_top_right.jpg,3
tb_00502_top_right_aug_1653_3.jpg,tb_00502_top_right.jpg,3
tb_00502_top_right_aug_228_3.jpg,tb_00502_top_right.jpg,3
tb_00502_top_right_aug_252_3.jpg,tb_00502_top_right.jpg,3
tb_00502_top_right_aug_338_3.jpg,tb_00502_top_right.jpg,3
tb_00502_top_right_aug_465_3.jpg,tb_00502_top_right.jpg,3
tb_00502_top_right_aug_627_3.jpg,tb_00502_top_right.jpg,3
tb_00502_top_right_aug_683_3.jpg,tb_00502_top_right.jpg,3
tb_00502_top_right_aug_708_3.jpg,tb_00502_top_right.jpg,3
tb_00502_top_right_aug_726_3.jpg,tb_00502_top_right.jpg,3
tb_00502_top_right_aug_772_3.jpg,tb_00502_top_right.jpg,3
tb_00508_top_right_aug_1025_3.jpg,tb_00508_top_right.jpg,3
tb_00508_top_right_aug_1049_3.jpg,tb_00508_top_right.jpg,3
tb_00508_top_right_aug_1065_3.jpg,tb_00508_top_right.jpg,3
tb_00508_top_right_aug_1067_3.jpg,tb_00508_top_right.jpg,3
tb_00508_top_right_aug_1074_3.jpg,tb_00508_top_right.jpg,3
tb_00508_top_right_aug_1076_3.jpg,tb_00508_top_right.jpg,3
tb_00508_top_right_aug_1138_3.jpg,tb_00508_top_right.jpg,3
tb_00508_top_right_aug_1217_3.jpg,tb_00508_top_right.jpg,3
tb_00508_top_right_aug_1373_3.jpg,tb_00508_top_right.jpg,3
tb_00508_top_right_aug_1429_3.jpg,tb_00508_top_right.jpg,3
tb_00508_top_right_aug_1435_3.jpg,tb_00508_top_right.jpg,3
tb_00508_top_right_aug_1658_3.jpg,tb_00508_top_right.jpg,3
tb_00508_top_right_aug_1702_3.jpg,tb_00508_top_right.jpg,3
tb_00508_top_right_aug_184_3.jpg,tb_00508_top_right.jpg,3
tb_00508_top_right_aug_274_3.jpg,tb_00508_top_right.jpg,3
tb_00508_top_right_aug_28_3.jpg,tb_00508_top_right.jpg,3
tb_00508_top_right_aug_362_3.jpg,tb_00508_top_right.jpg,3
tb_00508_top_right_aug_495_3.jpg,tb_00508_top_right.jpg,3
tb_00508_top_right_aug_80_3.jpg,tb_00508_top_right.jpg,3
tb_00508_top_right_aug_842_3.jpg,tb_00508_top_right.jpg,3
tb_00508_top_right_aug_90_3.jpg,tb_00508_top_right.jpg,3
tb_00508_top_right_aug_912_3.jpg,tb_00508_top_right.jpg,3
tb_00508_top_right_aug_934_3.jpg,tb_00508_top_right.jpg,3
tb_00518_top_left_aug_1133_3.jpg,tb_00518_top_left.jpg,3
tb_00518_top_left_aug_1155_3.jpg,tb_00518_top_left.jpg,3
tb_00518_top_left_aug_120_3.jpg,tb_00518_top_left.jpg,3
tb_00518_top_left_aug_1293_3.jpg,tb_00518_top_left.jpg,3
tb_00518_top_left_aug_1338_3.jpg,tb_00518_top_left.jpg,3
tb_00518_top_left_aug_1497_3.jpg,tb_00518_top_left.jpg,3
tb_00518_top_left_aug_1552_3.jpg,tb_00518_top_left.jpg,3
tb_00518_top_left_aug_156_3.jpg,tb_00518_top_left.jpg,3
tb_00518_top_left_aug_170_3.jpg,tb_00518_top_left.jpg,3
tb_00518_top_left_aug_263_3.jpg,tb_00518_top_left.jpg,3
tb_00518_top_left_aug_276_3.jpg,tb_00518_top_left.jpg,3
tb_00518_top_left_aug_308_3.jpg,tb_00518_top_left.jpg,3
tb_00518_top_left_aug_325_3.jpg,tb_00518_top_left.jpg,3
tb_00518_top_left_aug_425_3.jpg,tb_00518_top_left.jpg,3
tb_00518_top_left_aug_436_3.jpg,tb_00518_top_left.jpg,3
tb_00518_top_left_aug_539_3.jpg,tb_00518_top_left.jpg,3
tb_00518_top_left_aug_572_3.jpg,tb_00518_top_left.jpg,3
tb_00518_top_left_aug_646_3.jpg,tb_00518_top_left.jpg,3
tb_00518_top_left_aug_720_3.jpg,tb_00518_top_left.jpg,3
tb_00518_top_left_aug_792_3.jpg,tb_00518_top_left.jpg,3
tb_00518_top_left_aug_886_3.jpg,tb_00518_top_left.jpg,3
tb_00518_top_left_aug_946_3.jpg,tb_00518_top_left.jpg,3
tb_00518_top_left_aug_977_3.jpg,tb_00518_top_left.jpg,3
tb_00520_bottom_left_aug_1022_3.jpg,tb_00520_bottom_left.jpg,3
tb_00520_bottom_left_aug_1039_3.jpg,tb_00520_bottom_left.jpg,3
tb_00520_bottom_left_aug_1071_3.jpg,tb_00520_bottom_left.jpg,3
tb_00520_bottom_left_aug_1079_3.jpg,tb_00520_bottom_left.jpg,3
tb_00520_bottom_left_aug_1570_3.jpg,tb_00520_bottom_left.jpg,3
tb_00520_bottom_left_aug_1572_3.jpg,tb_00520_bottom_left.jpg,3
tb_00520_bottom_left_aug_1593_3.jpg,tb_00520_bottom_left.jpg,3
tb_00520_bottom_left_aug_1642_3.jpg,tb_00520_bottom_left.jpg,3
tb_00520_bottom_left_aug_1697_3.jpg,tb_00520_bottom_left.jpg,3
tb_00520_bottom_left_aug_245_3.jpg,tb_00520_bottom_left.jpg,3
tb_00520_bottom_left_aug_298_3.jpg,tb_00520_bottom_left.jpg,3
tb_00520_bottom_left_aug_314_3.jpg,tb_00520_bottom_left.jpg,3
tb_00520_bottom_left_aug_347_3.jpg,tb_00520_bottom_left.jpg,3
tb_00520_bottom_left_aug_521_3.jpg,tb_00520_bottom_left.jpg,3
tb_00520_bottom_left_aug_648_3.jpg,tb_00520_bottom_left.jpg,3
tb_00520_bottom_left_aug_748_3.jpg,tb_00520_bottom_left.jpg,3
tb_00520_bottom_left_aug_765_3.jpg,tb_00520_bottom_left.jpg,3
tb_00520_bottom_left_aug_82_3.jpg,tb_00520_bottom_left.jpg,3
tb_00520_bottom_left_aug_896_3.jpg,tb_00520_bottom_left.jpg,3
tb_00520_bottom_left_aug_982_3.jpg,tb_00520_bottom_left.jpg,3
tb_00521_top_right_aug_1109_0.jpg,tb_00521_top_right.jpg,0
tb_00521_top_right_aug_1380_0.jpg,tb_00521_top_right.jpg,0
tb_00521_top_right_aug_562_0.jpg,tb_00521_top_right.jpg,0
tb_00521_top_right_aug_71_0.jpg,tb_00521_top_right.jpg,0
tb_00521_top_right_aug_85_0.jpg,tb_00521_top_right.jpg,0
tb_00521_top_right_aug_863_0.jpg,tb_00521_top_right.jpg,0
tb_00521_top_right_aug_960_0.jpg,tb_00521_top_right.jpg,0
tb_00522_top_right_aug_1132_0.jpg,tb_00522_top_right.jpg,0
tb_00522_top_right_aug_117_0.jpg,tb_00522_top_right.jpg,0
tb_00522_top_right_aug_1420_0.jpg,tb_00522_top_right.jpg,0
tb_00522_top_right_aug_190_0.jpg,tb_00522_top_right.jpg,0
tb_00522_top_right_aug_556_0.jpg,tb_00522_top_right.jpg,0
tb_00522_top_right_aug_68_0.jpg,tb_00522_top_right.jpg,0
tb_00522_top_right_aug_879_0.jpg,tb_00522_top_right.jpg,0
tb_00523_bottom_right_aug_1161_0.jpg,tb_00523_bottom_right.jpg,0
tb_00523_bottom_right_aug_1183_0.jpg,tb_00523_bottom_right.jpg,0
tb_00523_bottom_right_aug_1418_0.jpg,tb_00523_bottom_right.jpg,0
tb_00523_bottom_right_aug_647_0.jpg,tb_00523_bottom_right.jpg,0
tb_00523_bottom_right_aug_787_0.jpg,tb_00523_bottom_right.jpg,0
tb_00523_bottom_right_aug_91_0.jpg,tb_00523_bottom_right.jpg,0
tb_00523_bottom_right_aug_986_0.jpg,tb_00523_bottom_right.jpg,0
tb_00524_top_left_aug_1013_0.jpg,tb_00524_top_left.jpg,0
tb_00524_top_left_aug_1177_0.jpg,tb_00524_top_left.jpg,0
tb_00524_top_left_aug_1364_0.jpg,tb_00524_top_left.jpg,0
tb_00524_top_left_aug_655_0.jpg,tb_00524_top_left.jpg,0
tb_00524_top_left_aug_823_0.jpg,tb_00524_top_left.jpg,0
tb_00524_top_left_aug_871_0.jpg,tb_00524_top_left.jpg,0
tb_00525_top_left_aug_5_0.jpg,tb_00525_top_left.jpg,0
tb_00525_top_left_aug_938_0.jpg,tb_00525_top_left.jpg,0
tb_00527_bottom_left_aug_1045_3.jpg,tb_00527_bottom_left.jpg,3
tb_00527_bottom_left_aug_1047_3.jpg,tb_00527_bottom_left.jpg,3
tb_00527_bottom_left_aug_1059_3.jpg,tb_00527_bottom_left.jpg,3
tb_00527_bottom_left_aug_1202_3.jpg,tb_00527_bottom_left.jpg,3
tb_00527_bottom_left_aug_1283_0.jpg,tb_00527_bottom_left.jpg,0
tb_00527_bottom_left_aug_1366_0.jpg,tb_00527_bottom_left.jpg,0
tb_00527_bottom_left_aug_1380_3.jpg,tb_00527_bottom_left.jpg,3
tb_00527_bottom_left_aug_1447_0.jpg,tb_00527_bottom_left.jpg,0
tb_00527_bottom_left_aug_145_3.jpg,tb_00527_bottom_left.jpg,3
tb_00527_bottom_left_aug_1541_3.jpg,tb_00527_bottom_left.jpg,3
tb_00527_bottom_left_aug_1557_3.jpg,tb_00527_bottom_left.jpg,3
tb_00527_bottom_left_aug_1568_3.jpg,tb_00527_bottom_left.jpg,3
tb_00527_bottom_left_aug_163_3.jpg,tb_00527_bottom_left.jpg,3
tb_00527_bottom_left_aug_1679_3.jpg,tb_00527_bottom_left.jpg,3
tb_00527_bottom_left_aug_173_0.jpg,tb_00527_bottom_left.jpg,0
tb_00527_bottom_left_aug_17_3.jpg,tb_00527_bottom_left.jpg,3
tb_00527_bottom_left_aug_226_3.jpg,tb_00527_bottom_left.jpg,3
tb_00527_bottom_left_aug_357_3.jpg,tb_00527_bottom_left.jpg,3
tb_00527_bottom_left_aug_397_0.jpg,tb_00527_bottom_left.jpg,0
tb_00527_bottom_left_aug_405_3.jpg,tb_00527_bottom_left.jpg,3
tb_00527_bottom_left_aug_460_0.jpg,tb_00527_bottom_left.jpg,0
tb_00527_bottom_left_aug_471_3.jpg,tb_00527_bottom_left.jpg,3
tb_00527_bottom_left_aug_558_3.jpg,tb_00527_bottom_left.jpg,3
tb_00527_bottom_left_aug_611_0.jpg,tb_00527_bottom_left.jpg,0
tb_00527_bottom_left_aug_763_0.jpg,tb_00527_bottom_left.jpg,0
tb_00527_bottom_left_aug_845_3.jpg,tb_00527_bottom_left.jpg,3
tb_00527_bottom_left_aug_872_0.jpg,tb_00527_bottom_left.jpg,0
tb_00527_bottom_left_aug_887_0.jpg,tb_00527_bottom_left.jpg,0
tb_00527_bottom_left_aug_994_3.jpg,tb_00527_bottom_left.jpg,3
tb_00527_bottom_right_aug_1007_3.jpg,tb_00527_bottom_right.jpg,3
tb_00527_bottom_right_aug_101_3.jpg,tb_00527_bottom_right.jpg,3
tb_00527_bottom_right_aug_1048_3.jpg,tb_00527_bottom_right.jpg,3
tb_00527_bottom_right_aug_1095_3.jpg,tb_00527_bottom_right.jpg,3
tb_00527_bottom_right_aug_1134_3.jpg,tb_00527_bottom_right.jpg,3
tb_00527_bottom_right_aug_1220_3.jpg,tb_00527_bottom_right.jpg,3
tb_00527_bottom_right_aug_1393_3.jpg,tb_00527_bottom_right.jpg,3
tb_00527_bottom_right_aug_1629_3.jpg,tb_00527_bottom_right.jpg,3
tb_00527_bottom_right_aug_271_3.jpg,tb_00527_bottom_right.jpg,3
tb_00527_bottom_right_aug_275_3.jpg,tb_00527_bottom_right.jpg,3
tb_00527_bottom_right_aug_287_3.jpg,tb_00527_bottom_right.jpg,3
tb_00527_bottom_right_aug_324_0.jpg,tb_00527_bottom_right.jpg,0
tb_00527_bottom_right_aug_380_3.jpg,tb_00527_bottom_right.jpg,3
tb_00527_bottom_right_aug_422_3.jpg,tb_00527_bottom_right.jpg,3
tb_00527_bottom_right_aug_44_3.jpg,tb_00527_bottom_right.jpg,3
tb_00527_bottom_right_aug_508_3.jpg,tb_00527_bottom_right.jpg,3
tb_00527_bottom_right_aug_576_3.jpg,tb_00527_bottom_right.jpg,3
tb_00527_bottom_right_aug_666_3.jpg,tb_00527_bottom_right.jpg,3
tb_00527_bottom_right_aug_735_3.jpg,tb_00527_bottom_right.jpg,3
tb_00527_bottom_right_aug_835_0.jpg,tb_00527_bottom_right.jpg,0
tb_00527_bottom_right_aug_85_3.jpg,tb_00527_bottom_right.jpg,3
tb_00527_top_left_aug_1222_3.jpg,tb_00527_top_left.jpg,3
tb_00527_top_left_aug_1321_3.jpg,tb_00527_top_left.jpg,3
tb_00527_top_left_aug_1326_3.jpg,tb_00527_top_left.jpg,3
tb_00527_top_left_aug_1349_3.jpg,tb_00527_top_left.jpg,3
tb_00527_top_left_aug_1599_3.jpg,tb_00527_top_left.jpg,3
tb_00527_top_left_aug_1609_3.jpg,tb_00527_top_left.jpg,3
tb_00527_top_left_aug_1628_3.jpg,tb_00527_top_left.jpg,3
tb_00527_top_left_aug_1690_3.jpg,tb_00527_top_left.jpg,3
tb_00527_top_left_aug_1695_3.jpg,tb_00527_top_left.jpg,3
tb_00527_top_left_aug_180_3.jpg,tb_00527_top_left.jpg,3
tb_00527_top_left_aug_217_3.jpg,tb_00527_top_left.jpg,3
tb_00527_top_left_aug_310_0.jpg,tb_00527_top_left.jpg,0
tb_00527_top_left_aug_512_3.jpg,tb_00527_top_left.jpg,3
tb_00527_top_left_aug_560_0.jpg,tb_00527_top_left.jpg,0
tb_00527_top_left_aug_665_3.jpg,tb_00527_top_left.jpg,3
tb_00527_top_left_aug_738_3.jpg,tb_00527_top_left.jpg,3
tb_00527_top_left_aug_748_0.jpg,tb_00527_top_left.jpg,0
tb_00527_top_left_aug_910_3.jpg,tb_00527_top_left.jpg,3
tb_00527_top_left_aug_943_3.jpg,tb_00527_top_left.jpg,3
tb_00527_top_left_aug_944_3.jpg,tb_00527_top_left.jpg,3
tb_00527_top_left_aug_94_0.jpg,tb_00527_top_left.jpg,0
tb_00527_top_left_aug_978_3.jpg,tb_00527_top_left.jpg,3
tb_00528_bottom_right_aug_1217_0.jpg,tb_00528_bottom_right.jpg,0
tb_00528_bottom_right_aug_1314_3.jpg,tb_00528_bottom_right.jpg,3
tb_00528_bottom_right_aug_1492_3.jpg,tb_00528_bottom_right.jpg,3
tb_00528_bottom_right_aug_1519_3.jpg,tb_00528_bottom_right.jpg,3
tb_00528_bottom_right_aug_159_0.jpg,tb_00528_bottom_right.jpg,0
tb_00528_bottom_right_aug_1635_3.jpg,tb_00528_bottom_right.jpg,3
tb_00528_bottom_right_aug_190_3.jpg,tb_00528_bottom_right.jpg,3
tb_00528_bottom_right_aug_220_0.jpg,tb_00528_bottom_right.jpg,0
tb_00528_bottom_right_aug_256_3.jpg,tb_00528_bottom_right.jpg,3
tb_00528_bottom_right_aug_306_3.jpg,tb_00528_bottom_right.jpg,3
tb_00528_bottom_right_aug_335_0.jpg,tb_00528_bottom_right.jpg,0
tb_00528_bottom_right_aug_40_3.jpg,tb_00528_bottom_right.jpg,3
tb_00528_bottom_right_aug_557_3.jpg,tb_00528_bottom_right.jpg,3
tb_00528_bottom_right_aug_583_0.jpg,tb_00528_bottom_right.jpg,0
tb_00528_bottom_right_aug_638_3.jpg,tb_00528_bottom_right.jpg,3
tb_00528_bottom_right_aug_667_3.jpg,tb_00528_bottom_right.jpg,3
tb_00528_bottom_right_aug_672_3.jpg,tb_00528_bottom_right.jpg,3
tb_00528_bottom_right_aug_712_0.jpg,tb_00528_bottom_right.jpg,0
tb_00528_bottom_right_aug_756_3.jpg,tb_00528_bottom_right.jpg,3
tb_00528_bottom_right_aug_832_3.jpg,tb_00528_bottom_right.jpg,3
tb_00528_bottom_right_aug_963_0.jpg,tb_00528_bottom_right.jpg,0
tb_00528_top_right_aug_1253_0.jpg,tb_00528_top_right.jpg,0
tb_00528_top_right_aug_129_0.jpg,tb_00528_top_right.jpg,0
tb_00528_top_right_aug_1450_0.jpg,tb_00528_top_right.jpg,0
tb_00528_top_right_aug_500_0.jpg,tb_00528_top_right.jpg,0
tb_00528_top_right_aug_512_0.jpg,tb_00528_top_right.jpg,0
tb_00529_top_left_aug_1017_3.jpg,tb_00529_top_left.jpg,3
tb_00529_top_left_aug_1033_3.jpg,tb_00529_top_left.jpg,3
tb_00529_top_left_aug_1127_3.jpg,tb_00529_top_left.jpg,3
tb_00529_top_left_aug_1146_3.jpg,tb_00529_top_left.jpg,3
tb_00529_top_left_aug_1333_3.jpg,tb_00529_top_left.jpg,3
tb_00529_top_left_aug_1337_3.jpg,tb_00529_top_left.jpg,3
tb_00529_top_left_aug_1370_3.jpg,tb_00529_top_left.jpg,3
tb_00529_top_left_aug_1479_3.jpg,tb_00529_top_left.jpg,3
tb_00529_top_left_aug_1482_3.jpg,tb_00529_top_left.jpg,3
tb_00529_top_left_aug_158_3.jpg,tb_00529_top_left.jpg,3
tb_00529_top_left_aug_322_3.jpg,tb_00529_top_left.jpg,3
tb_00529_top_left_aug_423_3.jpg,tb_00529_top_left.jpg,3
tb_00529_top_left_aug_443_3.jpg,tb_00529_top_left.jpg,3
tb_00529_top_left_aug_4_3.jpg,tb_00529_top_left.jpg,3
tb_00529_top_left_aug_829_3.jpg,tb_00529_top_left.jpg,3
tb_00529_top_left_aug_843_3.jpg,tb_00529_top_left.jpg,3
tb_00529_top_left_aug_960_3.jpg,tb_00529_top_left.jpg,3
tb_00529_top_left_aug_981_3.jpg,tb_00529_top_left.jpg,3
